ogc_fid,cnnctnstrt,cnnctnnd,rulefile,startrule,name_2,name,type,fid,randomseed,strtwdth,sdwlkwdthr,precision,sdwlkwdthl,lanewidth,shape__id,strtffst,shpcrtn,geom
1,CROSSING,CROSSING,roads.cga,Start,PearlStreet,Major Edge,MAJOR,532.00000000,-365802.00000000,16.00000000,0.00000000,1.00000000,0.00000000,3.50000000,531.00000000,0.00000000,t,01050000A0110F00000100000001020000800200000000000060A96C5FC10000009045F5524100000000E1A91840000000E0A86C5FC1000000A04EF5524100000000E1A91840
2,STREET,CROSSING,roads.cga,Start,William Street,Major Edge,MAJOR,626.00000000,231022.00000000,14.00000000,0.00000000,1.00000000,0.00000000,3.50000000,625.00000000,0.00000000,t,01050000A0110F000001000000010200008002000000000000D0886D5FC100000040C5F45241000000801BE51F40000000D0826D5FC100000030CDF45241000000004D831C40
3,CROSSING,STREET,roads.cga,Start,John Street,Major Edge,MAJOR,160.00000000,231022.00000000,34.00000000,0.00000000,1.00000000,0.00000000,3.50000000,159.00000000,0.00000000,t,01050000A0110F000001000000010200008002000000000000002C6D5FC1000000D0CEF4524100000000FC67004000000010296D5FC1000000D0CAF4524100000000FC670040
4,STREET,STREET,roads.cga,Start,Broadway,Major Edge,MAJOR,260.00000000,-258260.00000000,24.00000000,0.00000000,1.00000000,0.00000000,3.50000000,259.00000000,2.00000000,t,01050000A0110F000001000000010200008002000000000000D0F66C5FC1000000F041F652410000008088BF1F4000000050F06C5FC1000000904CF6524100000080D85D1D40
5,CROSSING,STREET,roads.cga,Start,LumberStreet,Major Edge,MAJOR,141.00000000,-258260.00000000,18.00000000,0.00000000,1.00000000,0.00000000,3.50000000,140.00000000,0.00000000,t,01050000A0110F000001000000010200008002000000000000C09F6D5FC10000006093F552410000008046441E40000000F0996D5FC1000000609DF552410000008065342040
6,CROSSING,CROSSING,roads.cga,Start,GravelStreet,Major Edge,MAJOR,532.00000000,-365802.00000000,6.00000000,0.00000000,1.00000000,0.00000000,3.50000000,531.00000000,0.00000000,t,01050000A0110F00000100000001020000800200000000000070B76D5FC1000000604AF4524100000000A4EF034000000060AC6D5FC1000000A03BF4524100000000F87DF23F
7,STREET,CROSSING,roads.cga,Start,PearlStreet,Major Edge,MAJOR,532.00000000,-365802.00000000,16.00000000,0.00000000,1.00000000,0.00000000,3.50000000,531.00000000,0.00000000,t,01050000A0110F0000010000000102000080020000000000C87FEC6C5FC10000D057F1F4524100000000EC9B114000000090E56C5FC100000050F6F452410000000020821140
8,STREET,CROSSING,roads.cga,Start,BroadStreet,Major Edge,MAJOR,383.00000000,331727.00000000,28.00000000,0.00000000,1.00000000,0.00000000,3.50000000,382.00000000,0.00000000,t,01050000A0110F000001000000010200008002000000000000E0D36D5FC10000006035F45241000000000868F73F00000000D36D5FC1000000802CF4524100000000DC89FB3F
9,CROSSING,STREET,roads.cga,Start,Rector Street,Major Edge,MAJOR,190.00000000,231022.00000000,6.00000000,0.00000000,1.00000000,0.00000000,3.50000000,189.00000000,0.00000000,t,01050000A0110F000001000000010200008002000000000000F0106E5FC1000000D09DF4524100000000E1A91840000000301A6E5FC1000000F08DF4524100000000E44F1640
10,STREET,STREET,roads.cga,Start,BridgeStreet,Major Edge,MAJOR,64.00000000,231022.00000000,18.00000000,0.00000000,1.00000000,0.00000000,3.50000000,63.00000000,0.00000000,t,01050000A0110F00000100000001020000800200000000000010056E5FC1000000C0FCF45241000000008A500E4000000060096E5FC1000000F0EFF45241000000009EE10C40
11,CROSSING,STREET,roads.cga,Start,Fetcher Street,Major Edge,MAJOR,121.00000000,-23593.00000000,12.00000000,0.00000000,1.00000000,0.00000000,3.50000000,120.00000000,0.00000000,t,01050000A0110F000001000000010200008002000000000000E0306D5FC1000000A0AAF45241000000008038F93F000000003B6D5FC1000000A0B5F4524100000000FC670040
12,STREET,STREET,roads.cga,Start,Frankfort Street,Major Edge,MAJOR,609.00000000,487402.00000000,16.00000000,0.00000000,1.00000000,0.00000000,3.50000000,608.00000000,0.00000000,t,01050000A0110F000001000000010200008002000000000000C0DD6C5FC1000000903AF5524100000000EC9B114000000000E46C5FC1000000C040F5524100000000EC9B1140
13,STREET,DEAD_END,roads.cga,Start,ForsythStreet,Major Edge,MAJOR,400.00000000,135581.00000000,14.00000000,0.00000000,1.00000000,0.00000000,3.50000000,399.00000000,0.00000000,t,01050000A0110F00000100000001020000800200000000000060D96B5FC1000000903FF65241000000C0DDE9264000000030D56B5FC1000000D04AF65241000000C0DDE92640
14,CROSSING,STREET,roads.cga,Start,BroadStreet,Major Edge,MAJOR,365.00000000,231022.00000000,16.00000000,0.00000000,1.00000000,0.00000000,3.50000000,364.00000000,0.00000000,t,01050000A0110F00000100000001020000800200000000000010BD6D5FC100000090C5F4524100000080FF4D1D4000000010C26D5FC1000000A0B9F452410000000080981840
15,STREET,STREET,roads.cga,Start,John Street,Major Edge,MAJOR,473.00000000,-258260.00000000,18.00000000,0.00000000,1.00000000,0.00000000,3.50000000,472.00000000,0.00000000,t,01050000A0110F00000100000001020000800200000000000050576D5FC100000040FBF4524100000000D2CD1A4000000030526D5FC1000000F0F6F4524100000000E1A91840
16,STREET,CROSSING,roads.cga,Start,GravelStreet,Major Edge,MAJOR,42.00000000,247456.00000000,14.00000000,0.00000000,1.00000000,0.00000000,3.00000000,41.00000000,1.10000000,t,01050000A0110F000001000000010200008002000000000000E0906D5FC1000000C06DF4524100000000E0830E40000000F0956D5FC1000000F069F4524100000000E8CF0940
17,STREET,DEAD_END,piers.cga,Start,Pier,Major Edge,MAJOR,606.00000000,231022.00000000,10.00000000,0.00000000,1.00000000,0.00000000,3.50000000,605.00000000,0.00000000,t,01050000A0110F000001000000010200008002000000000000E0996C5FC1000000D0FAF4524100000000F87DF23F00001CC5996C5FC100000090FAF4524100000000F87DF23F
18,STREET,CROSSING,roads.cga,Start,BroadStreet,Major Edge,MAJOR,289.00000000,231022.00000000,16.00000000,0.00000000,1.00000000,0.00000000,3.50000000,288.00000000,0.00000000,t,01050000A0110F000001000000010200008002000000000000709E6D5FC1000000E0F2F4524100000080E362234000000030986D5FC1000000E0FBF4524100000080836F2140
19,STREET,STREET,roads.cga,Start,HesterStreet,Major Edge,MAJOR,471.00000000,135581.00000000,12.00000000,0.00000000,1.00000000,0.00000000,3.50000000,470.00000000,0.00000000,t,01050000A0110F000001000000010200008002000000000000709D6B5FC1000000E00AF65241000000C0DFBC2540000000D0946B5FC10000007007F65241000000C0DFBC2540
20,STREET,STREET,roads.cga,Start,Gold Street,Major Edge,MAJOR,409.00000000,-258260.00000000,12.00000000,0.00000000,1.00000000,0.00000000,3.50000000,408.00000000,0.00000000,t,01050000A0110F000001000000010200008002000000000000F04E6D5FC100000070E4F4524100000000E8F51340000000304C6D5FC1000000B0E8F4524100000000AC031540
21,STREET,CROSSING,roads.cga,Start,WaterStreet,Major Edge,MAJOR,362.00000000,231022.00000000,16.00000000,0.00000000,1.00000000,0.00000000,3.50000000,361.00000000,0.00000000,t,01050000A0110F000001000000010200008002000000000000D0946D5FC1000000B04EF4524100000000FC670040000000B08C6D5FC10000006055F45241000000002E690040
22,CROSSING,CROSSING,roads.cga,Start,WaterStreet,Major Edge,MAJOR,135.00000000,417195.00000000,6.00000000,0.00000000,1.00000000,0.00000000,3.50000000,134.00000000,0.00000000,t,01050000A0110F000001000000010200008002000000000000C0AE6C5FC1000000D004F552410000000018A00D4000000040A16C5FC1000000600DF5524100000000E0830E40
23,CROSSING,STREET,roads.cga,Start,HesterStreet,Major Edge,MAJOR,345.00000000,135581.00000000,12.00000000,0.00000000,1.00000000,0.00000000,3.50000000,344.00000000,0.00000000,t,01050000A0110F00000100000001020000800200000000000010F86B5FC1000000D02EF65241000000C0DB16284000000040ED6B5FC1000000902AF65241000000C0DB162840
24,STREET,STREET,roads.cga,Start,PearlStreet,Major Edge,MAJOR,532.00000000,-365802.00000000,16.00000000,0.00000000,1.00000000,0.00000000,3.50000000,531.00000000,0.00000000,t,01050000A0110F00000100000001020000800200000000000080AB6C5FC1000000103DF5524100000000E1A9184000000060AA6C5FC10000009040F5524100000000E1A91840
25,STREET,CROSSING,piers.cga,Start,Pier,Major Edge,MAJOR,606.00000000,231022.00000000,6.00000000,0.00000000,1.00000000,0.00000000,3.50000000,605.00000000,0.00000000,t,01050000A0110F00000100000001020000800200000000000070386E5FC1000000208AF4524100000000F87DF23F00000060356E5FC10000002094F4524100000000F87DF23F
26,CROSSING,STREET,roads.cga,Start,BoweryStreet,Major Edge,MAJOR,78.00000000,135581.00000000,26.00000000,0.00000000,1.00000000,0.00000000,3.50000000,77.00000000,0.00000000,t,01050000A0110F000001000000010200008002000000000000F04B6C5FC100000000C2F55241000000C0DFBC254000000030466C5FC100000040CDF55241000000C0DDE92640
27,STREET,DEAD_END,piers.cga,Start,Pier,Major Edge,MAJOR,606.00000000,231022.00000000,6.00000000,0.00000000,1.00000000,0.00000000,3.50000000,605.00000000,0.00000000,t,01050000A0110F00000100000001020000800200000000000030EF6C5FC1000000A0BCF4524100000000F87DF23F0000C0FEEE6C5FC10000E03DBCF4524100000000F87DF23F
28,STREET,CROSSING,roads.cga,Start,Broadway,Major Edge,MAJOR,260.00000000,-258260.00000000,14.00000000,0.00000000,1.00000000,0.00000000,3.50000000,259.00000000,0.00000000,t,01050000A0110F00000100000001020000800200000000000030016E5FC1000000604BF4524100000000E8CF094000000040006E5FC1000000C043F4524100000000E8CF0940
29,CROSSING,STREET,roads.cga,Start,FultonStreet,Major Edge,MAJOR,225.00000000,-258260.00000000,14.00000000,0.00000000,1.00000000,0.00000000,3.50000000,224.00000000,0.00000000,t,01050000A0110F000001000000010200008002000000000000508E6D5FC1000000F04FF5524100000000E28F2440000000D0856D5FC1000000404AF5524100000000E28F2440
30,STREET,STREET,roads.cga,Start,FultonStreet,Major Edge,MAJOR,225.00000000,-258260.00000000,14.00000000,0.00000000,1.00000000,0.00000000,3.50000000,224.00000000,0.00000000,t,01050000A0110F000001000000010200008002000000000000D0856D5FC1000000404AF5524100000000E28F2440000000707C6D5FC1000000E043F5524100000000E28F2440
31,CROSSING,STREET,piers.cga,Start,Pier,Major Edge,MAJOR,606.00000000,231022.00000000,8.00000000,0.00000000,1.00000000,0.00000000,3.50000000,605.00000000,0.00000000,t,01050000A0110F000001000000010200008002000000000000407D6D5FC10000004043F4524100000000F87DF23F00000050786D5FC1000000403DF4524100000000F87DF23F
32,STREET,CROSSING,roads.cga,Start,WBroadway,Major Edge,MAJOR,546.00000000,515711.00000000,18.00000000,0.00000000,1.00000000,0.00000000,3.50000000,545.00000000,0.00000000,t,01050000A0110F00000100000001020000800200000000000020B36D5FC100000000C6F5524100000000E44F164000000010B96D5FC1000000D0BCF5524100000000F4191440
33,CROSSING,CROSSING,roads.cga,Start,GravelStreet,Major Edge,MAJOR,606.00000000,231022.00000000,6.00000000,0.00000000,1.00000000,0.00000000,3.50000000,605.00000000,0.00000000,t,01050000A0110F00000100000001020000800200000000000010376E5FC10000008079F4524100000000F87DF23F000000E0306E5FC1000000407AF452410000000040EC1040
34,STREET,CROSSING,roads.cga,Start,PearlStreet,Major Edge,MAJOR,532.00000000,-365802.00000000,16.00000000,0.00000000,1.00000000,0.00000000,3.50000000,531.00000000,0.00000000,t,01050000A0110F00000100000001020000800200000000000020146D5FC100000070DAF4524100000000F41B0540000000F00A6D5FC1000000E0DEF4524100000000FC4B0740
35,CROSSING,STREET,roads.cga,Start,PineStreet,Major Edge,MAJOR,9.00000000,231022.00000000,12.00000000,0.00000000,1.00000000,0.00000000,3.50000000,8.00000000,0.00000000,t,01050000A0110F00000100000001020000800200000000000040AE6D5FC100000000DAF4524100000080E362234000000060B56D5FC100000080DFF4524100000000E28F2440
36,CROSSING,CROSSING,roads.cga,Start,PearlStreet,Major Edge,MAJOR,695.00000000,417195.00000000,16.00000000,0.00000000,1.00000000,0.00000000,3.50000000,694.00000000,0.00000000,t,01050000A0110F000001000000010200008002000000000000C0A96C5FC10000008061F5524100000000E1A9184000000090AA6C5FC1000000806DF5524100000000E1A91840
37,CROSSING,STREET,roads.cga,Start,PearlStreet,Major Edge,MAJOR,532.00000000,-365802.00000000,16.00000000,0.00000000,1.00000000,0.00000000,3.50000000,531.00000000,0.00000000,t,01050000A0110F00000100000001020000800200000000000090E56C5FC100000050F6F45241000000002082114000000050E06C5FC100000030FCF452410000000066801140
38,STREET,STREET,roads.cga,Start,PearlStreet,Major Edge,MAJOR,18.00000000,135581.00000000,14.00000000,0.00000000,1.00000000,0.00000000,3.50000000,17.00000000,0.00000000,t,01050000A0110F00000100000001020000800200000000000070C06C5FC1000000D0BBF5524100000000EE06164000000000C66C5FC1000000D0C3F5524100000000E44F1640
39,STREET,CROSSING,roads.cga,Start,Gold Street,Major Edge,MAJOR,511.00000000,-258260.00000000,12.00000000,0.00000000,1.00000000,0.00000000,3.50000000,510.00000000,0.00000000,t,01050000A0110F00000100000001020000800200000000000080336D5FC1000000D005F5524100000000DC031B40000000202C6D5FC1000000C00DF5524100000000DC031B40
40,STREET,CROSSING,roads.cga,Start,Frankfort Street,Major Edge,MAJOR,609.00000000,487402.00000000,16.00000000,0.00000000,1.00000000,0.00000000,3.50000000,608.00000000,0.00000000,t,01050000A0110F00000100000001020000800200000000000000E46C5FC1000000C040F5524100000000EC9B114000000030E96C5FC1000000F045F5524100000000E0830E40
41,CROSSING,STREET,roads.cga,Start,BroadStreet,Major Edge,MAJOR,486.00000000,231022.00000000,16.00000000,0.00000000,1.00000000,0.00000000,3.50000000,485.00000000,0.00000000,t,01050000A0110F00000100000001020000800200000000000010BD6D5FC100000090C5F4524100000080FF4D1D4000000070B96D5FC100000000CBF4524100000000D3B71F40
42,CROSSING,STREET,roads.cga,Start,PearlStreet,Major Edge,MAJOR,532.00000000,-365802.00000000,12.00000000,0.00000000,1.00000000,0.00000000,3.50000000,531.00000000,0.00000000,t,01050000A0110F00000100000001020000800200000000000010FD6D5FC1000000B032F4524100000000F41B054000000010F76D5FC10000004034F4524100000000F41B0540
43,CROSSING,CROSSING,roads.cga,Start,Split Line,Major Edge,MAJOR,64.00000000,231022.00000000,8.00000000,0.00000000,1.00000000,0.00000000,3.50000000,63.00000000,0.00000000,t,01050000A0110F00000100000001020000800200000000000010226E5FC100000090A5F4524100000000EC9B1140000000802E6E5FC1000000C0AAF4524100000000F87DF23F
44,STREET,CROSSING,roads.cga,Start,ReadeStreet,Major Edge,MAJOR,292.00000000,-258260.00000000,14.00000000,0.00000000,1.00000000,0.00000000,3.50000000,291.00000000,0.00000000,t,01050000A0110F000001000000010200008002000000000000D04D6D5FC100000040E9F5524100000080E535224000000010366D5FC100000020DBF5524100000080E3622340
45,CROSSING,STREET,roads.cga,Start,WaterStreet,Major Edge,MAJOR,699.00000000,231022.00000000,16.00000000,0.00000000,1.00000000,0.00000000,3.50000000,698.00000000,0.00000000,t,01050000A0110F000001000000010200008002000000000000407E6D5FC10000002062F4524100000000F41B054000000050786D5FC10000007067F4524100000000F41B0540
46,STREET,STREET,piers.cga,Start,Pier,Major Edge,MAJOR,606.00000000,231022.00000000,6.00000000,0.00000000,1.00000000,0.00000000,3.50000000,605.00000000,0.00000000,t,01050000A0110F000001000000010200008002000000000000400A6E5FC10000004059F5524100000000F87DF23F000000C0FA6D5FC10000007050F5524100000000F87DF23F
47,STREET,CROSSING,roads.cga,Start,Broadway,Major Edge,MAJOR,260.00000000,-258260.00000000,24.00000000,0.00000000,1.00000000,0.00000000,3.50000000,259.00000000,-2.00000000,t,01050000A0110F00000100000001020000800200000000000040556D5FC1000000D0A9F55241000000C0DDE92640000000F05B6D5FC1000000109FF55241000000C0DDE92640
48,STREET,DEAD_END,piers.cga,Start,Pier,Major Edge,MAJOR,606.00000000,231022.00000000,6.00000000,0.00000000,1.00000000,0.00000000,3.50000000,605.00000000,0.00000000,t,01050000A0110F00000100000001020000800200000000000030AA6D5FC10000008013F4524100000000F87DF23F00000020AA6D5FC10000004013F4524100000000F87DF23F
49,STREET,CROSSING,roads.cga,Start,StoneStreet,Major Edge,MAJOR,180.00000000,231022.00000000,10.00000000,0.00000000,1.00000000,0.00000000,3.50000000,179.00000000,0.00000000,t,01050000A0110F000001000000010200008002000000000000E0C76D5FC10000003056F4524100000000FC670040000000A0BB6D5FC10000005058F4524100000000F41B0540
50,CROSSING,STREET,roads.cga,Start,BeaverStreet,Major Edge,MAJOR,64.00000000,231022.00000000,14.00000000,0.00000000,1.00000000,0.00000000,3.50000000,63.00000000,0.00000000,t,01050000A0110F000001000000010200008002000000000000C0A96D5FC1000000F07CF452410000000082040F40000000E0B36D5FC1000000B07BF45241000000009E130E40
51,STREET,CROSSING,piers.cga,Start,Pier,Major Edge,MAJOR,606.00000000,231022.00000000,6.00000000,0.00000000,1.00000000,0.00000000,3.50000000,605.00000000,0.00000000,t,01050000A0110F00000100000001020000800200000000000090AB6C5FC100000050F0F4524100000000F87DF23F00000040AF6C5FC100000010F6F4524100000000F87DF23F
52,CROSSING,DEAD_END,roads.cga,Start,Skimmers,Major Edge,MAJOR,615.00000000,417195.00000000,12.00000000,0.00000000,1.00000000,0.00000000,3.50000000,614.00000000,0.00000000,t,01050000A0110F000001000000010200008002000000000000F0C36C5FC1000000903DF5524100000000E1A9184000000080C26C5FC1000000A047F5524100000000E6561A40
53,STREET,STREET,roads.cga,Start,WaterStreet,Major Edge,MAJOR,319.00000000,231022.00000000,16.00000000,0.00000000,1.00000000,0.00000000,3.50000000,318.00000000,0.00000000,t,01050000A0110F00000100000001020000800200000000000090C46D5FC1000000B031F4524100000000FC670040000000E0BE6D5FC1000000C033F4524100000000FC670040
54,STREET,STREET,piers.cga,Start,Pier,Major Edge,MAJOR,606.00000000,231022.00000000,6.00000000,0.00000000,1.00000000,0.00000000,3.50000000,605.00000000,0.00000000,t,01050000A0110F000001000000010200008002000000000000600D6E5FC1000000A02DF5524100000000F87DF23F000000C0076E5FC10000000038F5524100000000F87DF23F
55,CROSSING,STREET,roads.cga,Start,FultonStreet,Major Edge,MAJOR,477.00000000,-258260.00000000,14.00000000,0.00000000,1.00000000,0.00000000,3.50000000,476.00000000,0.00000000,t,01050000A0110F000001000000010200008002000000000000E0246D5FC1000000B007F55241000000001A5B1A40000000B0216D5FC1000000B003F5524100000000E1A91840
56,CROSSING,STREET,roads.cga,Start,Alley,Major Edge,MAJOR,353.00000000,231022.00000000,4.00000000,0.00000000,1.00000000,0.00000000,3.50000000,352.00000000,0.00000000,t,01050000A0110F00000100000001020000800200000000000070736D5FC1000000E053F4524100000000FC670040000000506F6D5FC1000000A057F4524100000000FC670040
57,STREET,STREET,roads.cga,Start,MarketfieldStreet,Major Edge,MAJOR,415.00000000,231022.00000000,10.00000000,0.00000000,1.00000000,0.00000000,3.50000000,414.00000000,0.00000000,t,01050000A0110F00000100000001020000800200000000000040E26D5FC1000000406DF4524100000000E8CF0940000000E0ED6D5FC1000000F06BF4524100000000E0830E40
58,STREET,CROSSING,roads.cga,Start,Alley,Major Edge,MAJOR,645.00000000,417195.00000000,10.00000000,0.00000000,1.00000000,0.00000000,3.50000000,644.00000000,0.00000000,t,01050000A0110F00000100000001020000800200000000000050B66C5FC1000000900DF5524100000000F44F1540000000C0AE6C5FC1000000D004F552410000000018A00D40
59,CROSSING,STREET,roads.cga,Start,MottStreet,Major Edge,MAJOR,421.00000000,135581.00000000,12.00000000,0.00000000,1.00000000,0.00000000,3.50000000,420.00000000,0.00000000,t,01050000A0110F00000100000001020000800200000000000080706C5FC100000040D4F55241000000C0F8512240000000406E6C5FC100000000C2F5524100000000AC032240
60,STREET,STREET,roads.cga,Start,PearlStreet,Major Edge,MAJOR,532.00000000,-365802.00000000,12.00000000,0.00000000,1.00000000,0.00000000,3.50000000,531.00000000,0.00000000,t,01050000A0110F00000100000001020000800200000000000000AE6D5FC1000000B053F4524100000000F41B054000000060A76D5FC1000000205AF4524100000000E8CF0940
61,STREET,DEAD_END,piers.cga,Start,Pier,Major Edge,MAJOR,606.00000000,231022.00000000,6.00000000,0.00000000,1.00000000,0.00000000,3.50000000,605.00000000,0.00000000,t,01050000A0110F000001000000010200008002000000000000B0956D5FC1000000A020F4524100000000F87DF23F00000080956D5FC10000006020F4524100000000F87DF23F
62,CROSSING,CROSSING,roads.cga,Start,GravelStreet,Major Edge,MAJOR,42.00000000,247456.00000000,12.00000000,0.00000000,1.00000000,0.00000000,3.00000000,41.00000000,0.00000000,t,01050000A0110F000001000000010200008002000000000000F0956D5FC1000000F069F4524100000000E8CF0940000000E09A6D5FC1000000C065F4524100000000E8CF0940
63,CROSSING,STREET,roads.cga,Start,BeaverStreet,Major Edge,MAJOR,64.00000000,231022.00000000,14.00000000,0.00000000,1.00000000,0.00000000,3.50000000,63.00000000,0.00000000,t,01050000A0110F000001000000010200008002000000000000E0D36D5FC10000001077F45241000000000666054000000090D96D5FC10000008076F4524100000000E8BF0740
64,STREET,STREET,roads.cga,Start,MulberryStreet,Major Edge,MAJOR,158.00000000,135581.00000000,14.00000000,0.00000000,1.00000000,0.00000000,3.50000000,157.00000000,0.00000000,t,01050000A0110F000001000000010200008002000000000000C0846C5FC100000020B4F5524100000080D85D1D4000000090856C5FC100000090BEF552410000000086D51B40
65,CROSSING,CROSSING,piers.cga,Start,Pier,Major Edge,MAJOR,606.00000000,231022.00000000,6.00000000,0.00000000,1.00000000,0.00000000,3.50000000,605.00000000,0.00000000,t,01050000A0110F0000010000000102000080020000000000A0EC046E5FC10000D0D406F4524100000000F87DF23F000000600A6E5FC10000001007F4524100000000F87DF23F
66,STREET,STREET,roads.cga,Start,MottStreet,Major Edge,MAJOR,372.00000000,135581.00000000,12.00000000,0.00000000,1.00000000,0.00000000,3.50000000,371.00000000,0.00000000,t,01050000A0110F000001000000010200008002000000000000104B6C5FC1000000903CF65241000000C0DFBC254000000010476C5FC10000005045F65241000000C0DFBC2540
67,CROSSING,STREET,roads.cga,Start,PineStreet,Major Edge,MAJOR,603.00000000,231022.00000000,12.00000000,0.00000000,1.00000000,0.00000000,3.50000000,602.00000000,0.00000000,t,01050000A0110F000001000000010200008002000000000000908D6D5FC1000000F0BEF4524100000080E7082140000000B0956D5FC1000000B0C5F45241000000C008602140
68,STREET,CROSSING,roads.cga,Start,GravelStreet,Major Edge,MAJOR,64.00000000,231022.00000000,8.00000000,0.00000000,1.00000000,0.00000000,3.50000000,63.00000000,0.00000000,t,01050000A0110F000001000000010200008002000000000000C02D6E5FC10000007083F4524100000000EC9B1140000000E0306E5FC1000000407AF452410000000040EC1040
69,CROSSING,STREET,roads.cga,Start,Stone Street,Major Edge,MAJOR,623.00000000,231022.00000000,12.00000000,0.00000000,1.00000000,0.00000000,3.50000000,622.00000000,0.00000000,t,01050000A0110F00000100000001020000800200000000000050D96D5FC10000000007F5524100000080A6C42040000000D0DE6D5FC1000000600AF55241000000009C891C40
70,STREET,DEAD_END,roads.cga,Start,EldrldgStreet,Major Edge,MAJOR,234.00000000,135581.00000000,14.00000000,0.00000000,1.00000000,0.00000000,3.50000000,233.00000000,0.00000000,t,01050000A0110F00000100000001020000800200000000000020C16B5FC1000000B036F6524100000040E4012840000000F0BC6B5FC10000009041F65241000000C0D4352740
71,STREET,STREET,roads.cga,Start,DeyStreet_crossing,Major Edge,MAJOR,86.00000000,-258260.00000000,14.00000000,0.00000000,1.00000000,0.00000000,3.50000000,85.00000000,0.00000000,t,01050000A0110F00000100000001020000800200000000000060D16D5FC1000000605EF5524100000000DC031B40000000C0DB6D5FC10000006063F5524100000000D4D91740
72,STREET,STREET,roads.cga,Start,BarclayStreet,Major Edge,MAJOR,620.00000000,-258260.00000000,14.00000000,0.00000000,1.00000000,0.00000000,3.50000000,619.00000000,0.00000000,t,01050000A0110F00000100000001020000800200000000000060806D5FC1000000E07FF5524100000080E3622340000000008A6D5FC1000000E085F5524100000080E5352240
73,CROSSING,STREET,roads.cga,Start,ChrystieStreet,Major Edge,MAJOR,2.00000000,135581.00000000,14.00000000,0.00000000,1.00000000,0.00000000,3.50000000,1.00000000,0.00000000,t,01050000A0110F00000100000001020000800200000000000010186C5FC100000050DCF552410000008071EE2940000000A0146C5FC1000000B0E5F55241000000806C612C40
74,CROSSING,CROSSING,piers.cga,Start,Pier,Major Edge,MAJOR,606.00000000,231022.00000000,6.00000000,0.00000000,1.00000000,0.00000000,3.50000000,605.00000000,0.00000000,t,01050000A0110F000001000000010200008002000000000000F0DE6C5FC100000020CFF4524100000000F87DF23F000000D0E26C5FC1000000D0CCF4524100000000F87DF23F
75,CROSSING,STREET,roads.cga,Start,OrangeStreet,Major Edge,MAJOR,18.00000000,135581.00000000,16.00000000,0.00000000,1.00000000,0.00000000,3.50000000,17.00000000,0.00000000,t,01050000A0110F00000100000001020000800200000000000000A06C5FC1000000D0D0F5524100000000D96D174000000090A16C5FC1000000E0DDF5524100000000E44F1640
76,CROSSING,STREET,roads.cga,Start,Park Pl / Robinson Street,Major Edge,MAJOR,38.00000000,-258260.00000000,4.00000000,0.00000000,1.00000000,0.00000000,3.50000000,37.00000000,0.00000000,t,01050000A0110F00000100000001020000800200000000000010B06D5FC1000000B0B7F5524100000000E1A9184000000070AB6D5FC100000040BFF5524100000000E1A91840
77,CROSSING,CROSSING,roads.cga,Start,GravelStreet,Major Edge,MAJOR,353.00000000,231022.00000000,6.00000000,0.00000000,1.00000000,0.00000000,3.50000000,352.00000000,0.00000000,t,01050000A0110F00000100000001020000800200000000000060586D5FC1000000606CF4524100000000FC670040000000F0546D5FC10000007068F4524100000000F87DF23F
78,CROSSING,STREET,roads.cga,Start,MottStreet,Major Edge,MAJOR,663.00000000,135581.00000000,12.00000000,0.00000000,1.00000000,0.00000000,3.50000000,662.00000000,0.00000000,t,01050000A0110F00000100000001020000800200000000000070726C5FC100000010E7F55241000000C032252240000000F06F6C5FC1000000E0ECF552410000008084882240
79,CROSSING,STREET,roads.cga,Start,Broadway,Major Edge,MAJOR,260.00000000,-258260.00000000,24.00000000,0.00000000,1.00000000,0.00000000,3.50000000,259.00000000,-2.00000000,t,01050000A0110F00000100000001020000800200000000000010686D5FC1000000F08BF55241000000C0DFBC2540000000206E6D5FC10000004082F55241000000C0DFBC2540
80,STREET,CROSSING,roads.cga,Start,WarrenStreet,Major Edge,MAJOR,313.00000000,515711.00000000,14.00000000,0.00000000,1.00000000,0.00000000,3.50000000,312.00000000,0.00000000,t,01050000A0110F000001000000010200008002000000000000605B6D5FC1000000D0BBF5524100000000E28F2440000000B04E6D5FC100000060B4F55241000000C0DDE92640
81,CROSSING,STREET,roads.cga,Start,BarclayStreet,Major Edge,MAJOR,152.00000000,-258260.00000000,14.00000000,0.00000000,1.00000000,0.00000000,3.50000000,151.00000000,0.00000000,t,01050000A0110F00000100000001020000800200000000000030C56D5FC100000040A9F5524100000000EC9B114000000030CE6D5FC1000000D0AEF5524100000000F4580A40
82,STREET,CROSSING,piers.cga,Start,Pier,Major Edge,MAJOR,606.00000000,231022.00000000,6.00000000,0.00000000,1.00000000,0.00000000,3.50000000,605.00000000,0.00000000,t,01050000A0110F00000100000001020000800200000000000040FB6D5FC1000000406DF5524100000000F87DF23F00000060EE6D5FC10000004066F5524100000000F87DF23F
83,CROSSING,STREET,roads.cga,Start,ForsythStreet,Major Edge,MAJOR,376.00000000,135581.00000000,14.00000000,0.00000000,1.00000000,0.00000000,3.50000000,375.00000000,0.00000000,t,01050000A0110F00000100000001020000800200000000000040026C5FC100000000D5F5524100000000061A2A4000000040046C5FC100000090CFF55241000000C0D9432940
84,STREET,CROSSING,roads.cga,Start,RoseveltStreet,Major Edge,MAJOR,3.00000000,487402.00000000,14.00000000,0.00000000,1.00000000,0.00000000,3.50000000,2.00000000,0.00000000,t,01050000A0110F00000100000001020000800200000000000020896C5FC10000000068F5524100000000B85B1240000000708A6C5FC10000008070F5524100000000E8F51340
85,CROSSING,STREET,roads.cga,Start,Alley,Major Edge,MAJOR,645.00000000,417195.00000000,10.00000000,0.00000000,1.00000000,0.00000000,3.50000000,644.00000000,0.00000000,t,01050000A0110F000001000000010200008002000000000000F0D46D5FC1000000C00FF55241000000003C781F4000000070D16D5FC10000005016F5524100000000D3B71F40
86,STREET,STREET,roads.cga,Start,LudlowStreet,Major Edge,MAJOR,478.00000000,135581.00000000,14.00000000,0.00000000,1.00000000,0.00000000,3.50000000,477.00000000,0.00000000,t,01050000A0110F00000100000001020000800200000000000040816B5FC1000000501EF65241000000C0DFBC254000000010856B5FC1000000A014F65241000000C0DFBC2540
87,STREET,STREET,roads.cga,Start,WarrenStreet,Major Edge,MAJOR,313.00000000,515711.00000000,14.00000000,0.00000000,1.00000000,0.00000000,3.50000000,312.00000000,0.00000000,t,01050000A0110F000001000000010200008002000000000000B0AA6D5FC100000020EBF552410000000058CF154000000050B46D5FC1000000D0F0F552410000000027121340
88,CROSSING,STREET,roads.cga,Start,ChambersStreet,Major Edge,MAJOR,528.00000000,-258260.00000000,14.00000000,0.00000000,1.00000000,0.00000000,3.50000000,527.00000000,0.00000000,t,01050000A0110F00000100000001020000800200000000000030256D5FC1000000C0B4F55241000000C0DDE92640000000A0156D5FC100000070ABF55241000000401C732640
89,STREET,DEAD_END,piers.cga,Start,Pier,Major Edge,MAJOR,606.00000000,231022.00000000,6.00000000,0.00000000,1.00000000,0.00000000,3.50000000,605.00000000,0.00000000,t,01050000A0110F00000100000001020000800200000000000050686D5FC10000007056F4524100000000F87DF23F00001085686D5FC10000104356F4524100000000F87DF23F
90,STREET,STREET,roads.cga,Start,ReadeStreet,Major Edge,MAJOR,632.00000000,-258260.00000000,14.00000000,0.00000000,1.00000000,0.00000000,3.50000000,631.00000000,0.00000000,t,01050000A0110F000001000000010200008002000000000000E06D6D5FC100000080FCF5524100000000DC031B40000000D0756D5FC10000007001F6524100000000E8301940
91,STREET,CROSSING,roads.cga,Start,PearlStreet,Major Edge,MAJOR,532.00000000,-365802.00000000,12.00000000,0.00000000,1.00000000,0.00000000,3.50000000,531.00000000,0.00000000,t,01050000A0110F00000100000001020000800200000000000030E56D5FC10000005039F4524100000000FC670040000000D0D46D5FC1000000303EF4524100000000A8A2F73F
92,STREET,STREET,roads.cga,Start,RoseveltStreet,Major Edge,MAJOR,3.00000000,487402.00000000,14.00000000,0.00000000,1.00000000,0.00000000,3.50000000,2.00000000,0.00000000,t,01050000A0110F000001000000010200008002000000000000E0876C5FC10000000060F5524100000000EC9B114000000020896C5FC10000000068F5524100000000B85B1240
93,CROSSING,CROSSING,roads.cga,Start,GravelStreet,Major Edge,MAJOR,606.00000000,231022.00000000,8.00000000,0.00000000,1.00000000,0.00000000,3.50000000,605.00000000,0.00000000,t,01050000A0110F000001000000010200008002000000000000B0C76C5FC1000000D0EFF4524100000000FC67004000000070C56C5FC1000000F0ECF4524100000000F87DF23F
94,STREET,CROSSING,roads.cga,Start,William Street,Major Edge,MAJOR,442.00000000,319784.00000000,14.00000000,0.00000000,1.00000000,0.00000000,3.50000000,441.00000000,0.00000000,t,01050000A0110F00000100000001020000800200000000000040196D5FC1000000205EF552410000008063631E4000000060126D5FC10000003069F552410000000016F01F40
95,STREET,STREET,roads.cga,Start,Trinity PL / Lumber Street,Major Edge,MAJOR,133.00000000,231022.00000000,10.00000000,0.00000000,1.00000000,0.00000000,3.50000000,132.00000000,0.00000000,t,01050000A0110F000001000000010200008002000000000000A00B6E5FC1000000C0BDF4524100000000641B164000000040106E5FC100000050B4F4524100000000EDE11440
96,CROSSING,STREET,roads.cga,Start,John Street,Major Edge,MAJOR,361.00000000,-258260.00000000,18.00000000,0.00000000,1.00000000,0.00000000,3.50000000,360.00000000,0.00000000,t,01050000A0110F000001000000010200008002000000000000F0396D5FC1000000D0E2F45241000000009CC71140000000F0326D5FC1000000C0D9F45241000000001CED0B40
97,STREET,STREET,roads.cga,Start,Ann Street,Major Edge,MAJOR,347.00000000,-258260.00000000,14.00000000,0.00000000,1.00000000,0.00000000,3.50000000,346.00000000,0.00000000,t,01050000A0110F000001000000010200008002000000000000D0446D5FC10000001031F5524100000080E5352240000000304D6D5FC1000000F036F5524100000080E3622340
98,CROSSING,STREET,roads.cga,Start,CanalStreet,Major Edge,MAJOR,684.00000000,135581.00000000,16.00000000,0.00000000,1.00000000,0.00000000,3.50000000,683.00000000,0.00000000,t,01050000A0110F000001000000010200008002000000000000D0536C5FC10000004029F65241000000C0DFBC254000000040496C5FC10000007024F65241000000C0DDE92640
99,STREET,STREET,roads.cga,Start,FultonStreet,Major Edge,MAJOR,390.00000000,-258260.00000000,14.00000000,0.00000000,1.00000000,0.00000000,3.50000000,389.00000000,0.00000000,t,01050000A0110F00000100000001020000800200000000000010CB6D5FC10000006072F5524100000000DC031B4000000070D66D5FC10000003077F5524100000000E44F1640
100,CROSSING,STREET,roads.cga,Start,EldrldgStreet,Major Edge,MAJOR,234.00000000,135581.00000000,14.00000000,0.00000000,1.00000000,0.00000000,3.50000000,233.00000000,0.00000000,t,01050000A0110F000001000000010200008002000000000000F0CA6B5FC1000000001DF65241000000C0DB16284000000040C46B5FC1000000802EF65241000000C0DB162840
101,CROSSING,CROSSING,roads.cga,Start,WaterStreet,Major Edge,MAJOR,341.00000000,487402.00000000,6.00000000,0.00000000,1.00000000,0.00000000,3.50000000,340.00000000,0.00000000,t,01050000A0110F00000100000001020000800200000000000070E66C5FC100000060DBF4524100000000F41B054000000040EA6C5FC1000000D0D8F45241000000001CE30440
102,CROSSING,STREET,roads.cga,Start,Duane Street,Major Edge,MAJOR,201.00000000,515711.00000000,14.00000000,0.00000000,1.00000000,0.00000000,3.50000000,200.00000000,0.00000000,t,01050000A0110F00000100000001020000800200000000000040586D5FC1000000900BF65241000000000AFD1A40000000C04D6D5FC10000004005F652410000000057271E40
103,STREET,STREET,roads.cga,Start,Dutch Street,Major Edge,MAJOR,131.00000000,-258260.00000000,12.00000000,0.00000000,1.00000000,0.00000000,3.50000000,130.00000000,0.00000000,t,01050000A0110F0000010000000102000080020000000000F8E4646D5FC10000400819F55241000000C019DB2240000000A05C6D5FC1000000E023F5524100000080E3622340
104,CROSSING,STREET,roads.cga,Start,William Street,Major Edge,MAJOR,405.00000000,231022.00000000,14.00000000,0.00000000,1.00000000,0.00000000,3.50000000,404.00000000,0.00000000,t,01050000A0110F000001000000010200008002000000000000D0826D5FC100000030CDF45241000000004D831C40000000E07D6D5FC1000000F0D3F4524100000000E1A91840
105,CROSSING,STREET,roads.cga,Start,HesterStreet,Major Edge,MAJOR,178.00000000,135581.00000000,12.00000000,0.00000000,1.00000000,0.00000000,3.50000000,177.00000000,0.00000000,t,01050000A0110F000001000000010200008002000000000000D0E26B5FC10000007026F65241000000C0DB162840000000B0D76B5FC10000000022F65241000000C0DB162840
106,STREET,DEAD_END,piers.cga,Start,Pier,Major Edge,MAJOR,606.00000000,231022.00000000,6.00000000,0.00000000,1.00000000,0.00000000,3.50000000,605.00000000,0.00000000,t,01050000A0110F000001000000010200008002000000000000B00C6D5FC1000000109BF4524100000000F87DF23F0000087F0C6D5FC1000060DA9AF4524100000000F87DF23F
107,STREET,CROSSING,roads.cga,Start,PearlStreet,Major Edge,MAJOR,532.00000000,-365802.00000000,16.00000000,0.00000000,1.00000000,0.00000000,3.50000000,531.00000000,0.00000000,t,01050000A0110F00000100000001020000800200000000000060AA6C5FC10000009040F5524100000000E1A9184000000060A96C5FC10000009045F5524100000000E1A91840
108,CROSSING,CROSSING,roads.cga,Start,Morris Street,Major Edge,MAJOR,607.00000000,231022.00000000,10.00000000,0.00000000,1.00000000,0.00000000,3.50000000,606.00000000,0.00000000,t,01050000A0110F000001000000010200008002000000000000400B6E5FC1000000F09AF4524100000000DC031B40000000F0106E5FC1000000D09DF4524100000000E1A91840
109,STREET,STREET,roads.cga,Start,StoneStreet,Major Edge,MAJOR,180.00000000,231022.00000000,10.00000000,0.00000000,1.00000000,0.00000000,3.50000000,179.00000000,0.00000000,t,01050000A0110F00000100000001020000800200000000000030B46D5FC1000000D05DF4524100000000A0750940000000E0AF6D5FC10000003062F4524100000000E8CF0940
110,CROSSING,CROSSING,piers.cga,Start,Pier,Major Edge,MAJOR,606.00000000,231022.00000000,6.00000000,0.00000000,1.00000000,0.00000000,3.50000000,605.00000000,0.00000000,t,01050000A0110F00000100000001020000800200000000000070C56C5FC1000000F0ECF4524100000000F87DF23F00000060BC6C5FC1000000A0F3F4524100000000F87DF23F
111,STREET,CROSSING,roads.cga,Start,Stone Street,Major Edge,MAJOR,623.00000000,231022.00000000,12.00000000,0.00000000,1.00000000,0.00000000,3.50000000,622.00000000,0.00000000,t,01050000A0110F000001000000010200008002000000000000E0EF6D5FC10000008010F55241000000006862104000000010E56D5FC1000000C009F5524100000000185B1840
112,CROSSING,STREET,roads.cga,Start,PearlStreet,Major Edge,MAJOR,532.00000000,-365802.00000000,16.00000000,0.00000000,1.00000000,0.00000000,3.50000000,531.00000000,0.00000000,t,01050000A0110F000001000000010200008002000000000000F00A6D5FC1000000E0DEF4524100000000FC4B074000000050006D5FC100000020E5F4524100000000DE1C0B40
113,CROSSING,STREET,roads.cga,Start,Oliver Street,Major Edge,MAJOR,297.00000000,417195.00000000,12.00000000,0.00000000,1.00000000,0.00000000,3.50000000,296.00000000,0.00000000,t,01050000A0110F000001000000010200008002000000000000004F6C5FC1000000E05AF5524100000000E8CF0940000000104D6C5FC10000006052F5524100000000F41B0540
114,STREET,CROSSING,roads.cga,Start,LibertyStreet,Major Edge,MAJOR,177.00000000,231022.00000000,14.00000000,0.00000000,1.00000000,0.00000000,3.50000000,176.00000000,0.00000000,t,01050000A0110F00000100000001020000800200000000000000906D5FC100000090F4F4524100000000D3B71F4000000030986D5FC1000000E0FBF4524100000080836F2140
115,CROSSING,STREET,roads.cga,Start,WarrenStreet,Major Edge,MAJOR,313.00000000,515711.00000000,14.00000000,0.00000000,1.00000000,0.00000000,3.50000000,312.00000000,0.00000000,t,01050000A0110F000001000000010200008002000000000000D0A06D5FC100000050E5F5524100000000E1A91840000000B0AA6D5FC100000020EBF552410000000058CF1540
116,CROSSING,CROSSING,roads.cga,Start,GravelStreet,Major Edge,MAJOR,607.00000000,231022.00000000,6.00000000,0.00000000,1.00000000,0.00000000,3.50000000,606.00000000,0.00000000,t,01050000A0110F00000100000001020000800200000000000040016E5FC1000000301DF4524100000000FC6700400000A0EC046E5FC10000D0D406F4524100000000F87DF23F
117,CROSSING,CROSSING,piers.cga,Start,Pier,Major Edge,MAJOR,606.00000000,231022.00000000,6.00000000,0.00000000,1.00000000,0.00000000,3.50000000,605.00000000,0.00000000,t,01050000A0110F000001000000010200008002000000000000F0686D5FC1000000B05AF4524100000000F87DF23F00000010726D5FC10000002052F4524100000000F87DF23F
118,CROSSING,CROSSING,piers.cga,Start,Pier,Major Edge,MAJOR,606.00000000,231022.00000000,6.00000000,0.00000000,1.00000000,0.00000000,3.50000000,605.00000000,0.00000000,t,01050000A0110F00000100000001020000800200000000000010D06C5FC100000030DBF4524100000000F87DF23F000000C0C66C5FC100000030E1F4524100000000F87DF23F
119,CROSSING,STREET,roads.cga,Start,Batavia Lane,Major Edge,MAJOR,314.00000000,417195.00000000,12.00000000,0.00000000,1.00000000,0.00000000,3.50000000,313.00000000,0.00000000,t,01050000A0110F000001000000010200008002000000000000F04A6C5FC1000000E048F5524100000000F41B0540000000103F6C5FC1000000404BF5524100000000F41B0540
120,CROSSING,STREET,roads.cga,Start,LibertyStreet,Major Edge,MAJOR,498.00000000,231022.00000000,10.00000000,0.00000000,1.00000000,0.00000000,3.50000000,497.00000000,3.90000000,t,01050000A0110F00000100000001020000800200000000000020646D5FC100000020CBF4524100000000E8CF0940000000006B6D5FC100000020D0F4524100000000E0830E40
121,CROSSING,STREET,roads.cga,Start,CedarStreet,Major Edge,MAJOR,479.00000000,-258260.00000000,12.00000000,0.00000000,1.00000000,0.00000000,3.50000000,478.00000000,0.00000000,t,01050000A0110F000001000000010200008002000000000000E0DE6D5FC1000000F015F552410000000012A7194000000000DA6D5FC1000000E012F5524100000000308E1B40
122,STREET,CROSSING,roads.cga,Start,Broadway,Major Edge,MAJOR,260.00000000,-258260.00000000,10.00000000,0.00000000,1.00000000,0.00000000,3.50000000,259.00000000,9.00000000,t,01050000A0110F00000100000001020000800200000000000060E86D5FC1000000E0C1F4524100000080E5352240000000A0ED6D5FC100000090B9F4524100000080E5352240
123,CROSSING,CROSSING,Landscape_Design_Greenspace/Greenspace Construction.cga,GreenSpace,greenspace,Major Edge,MAJOR,38.00000000,-258260.00000000,12.00000000,0.00000000,1.00000000,0.00000000,3.50000000,37.00000000,0.00000000,t,01050000A0110F00000100000001020000800200000000000050586D5FC1000000B07EF55241000000C0DDE9264000000050506D5FC10000008078F55241000000C043F02740
124,STREET,STREET,roads.cga,Start,ExchangePl,Major Edge,MAJOR,592.00000000,231022.00000000,12.00000000,0.00000000,1.00000000,0.00000000,3.50000000,591.00000000,0.00000000,t,01050000A0110F00000100000001020000800200000000000050D86D5FC1000000B0ADF4524100000000DA921440000000E0D36D5FC100000020ABF4524100000000EE801340
125,STREET,CROSSING,roads.cga,Start,Bayard Street,Major Edge,MAJOR,71.00000000,135581.00000000,12.00000000,0.00000000,1.00000000,0.00000000,3.50000000,70.00000000,0.00000000,t,01050000A0110F00000100000001020000800200000000000040276C5FC100000090E1F5524100000080D7702A4000000010186C5FC100000050DCF552410000008071EE2940
126,CROSSING,STREET,roads.cga,Start,HesterStreet,Major Edge,MAJOR,321.00000000,135581.00000000,12.00000000,0.00000000,1.00000000,0.00000000,3.50000000,320.00000000,0.00000000,t,01050000A0110F00000100000001020000800200000000000060136C5FC1000000803AF6524100000040EF73274000000090206C5FC10000005040F65241000000C0DDE92640
127,STREET,CROSSING,roads.cga,Start,BoweryStreet,Major Edge,MAJOR,340.00000000,135581.00000000,26.00000000,0.00000000,1.00000000,0.00000000,3.50000000,339.00000000,0.00000000,t,01050000A0110F000001000000010200008002000000000000C06C6D5FC10000000064F55241000000C0DFBC2540000000E0606D5FC10000005068F55241000000C0FEC32540
128,CROSSING,CROSSING,roads.cga,Start,Broadway,Major Edge,MAJOR,260.00000000,-258260.00000000,14.00000000,0.00000000,1.00000000,0.00000000,3.50000000,259.00000000,0.00000000,t,01050000A0110F000001000000010200008002000000000000B0026E5FC10000005078F4524100000000E8F5134000000010026E5FC1000000C069F4524100000000EC9B1140
129,CROSSING,STREET,roads.cga,Start,PearlStreet,Major Edge,MAJOR,18.00000000,135581.00000000,14.00000000,0.00000000,1.00000000,0.00000000,3.50000000,17.00000000,0.00000000,t,01050000A0110F000001000000010200008002000000000000E0BA6C5FC1000000E0B3F5524100000000E8F5134000000070C06C5FC1000000D0BBF5524100000000EE061640
130,CROSSING,STREET,roads.cga,Start,GravelStreet,Major Edge,MAJOR,415.00000000,231022.00000000,10.00000000,0.00000000,1.00000000,0.00000000,3.50000000,414.00000000,0.00000000,t,01050000A0110F000001000000010200008002000000000000D0256E5FC10000006066F4524100000000EC9B1140000000502B6E5FC1000000E065F4524100000000266B1040
131,STREET,STREET,roads.cga,Start,LudlowStreet,Major Edge,MAJOR,478.00000000,135581.00000000,14.00000000,0.00000000,1.00000000,0.00000000,3.50000000,477.00000000,0.00000000,t,01050000A0110F00000100000001020000800200000000000040946B5FC1000000C0EEF55241000000C07E4F264000000020906B5FC1000000D0F8F55241000000C0DFBC2540
132,STREET,STREET,roads.cga,Start,HesterStreet,Major Edge,MAJOR,471.00000000,135581.00000000,12.00000000,0.00000000,1.00000000,0.00000000,3.50000000,470.00000000,0.00000000,t,01050000A0110F00000100000001020000800200000000000060A66B5FC1000000700EF65241000000C0DDE92640000000709D6B5FC1000000E00AF65241000000C0DFBC2540
133,CROSSING,STREET,roads.cga,Start,PearlStreet,Major Edge,MAJOR,532.00000000,-365802.00000000,16.00000000,0.00000000,1.00000000,0.00000000,3.50000000,531.00000000,0.00000000,t,01050000A0110F00000100000001020000800200000000000000DB6C5FC10000003002F552410000000064941140000000A0D46C5FC10000000008F5524100000000BE5C1340
134,STREET,CROSSING,roads.cga,Start,Oliver Street,Major Edge,MAJOR,297.00000000,417195.00000000,12.00000000,0.00000000,1.00000000,0.00000000,3.50000000,296.00000000,0.00000000,t,01050000A0110F000001000000010200008002000000000000104D6C5FC10000006052F5524100000000F41B0540000000F04A6C5FC1000000E048F5524100000000F41B0540
135,STREET,STREET,roads.cga,Start,Vesey Street,Major Edge,MAJOR,371.00000000,-258260.00000000,16.00000000,0.00000000,1.00000000,0.00000000,3.50000000,370.00000000,0.00000000,t,01050000A0110F00000100000001020000800200000000000000D16D5FC10000004091F5524100000000CE9E0E4000000060C66D5FC1000000F08AF5524100000000BC451440
136,STREET,CROSSING,piers.cga,Start,Pier,Major Edge,MAJOR,606.00000000,231022.00000000,8.00000000,0.00000000,1.00000000,0.00000000,3.50000000,605.00000000,0.00000000,t,01050000A0110F00000100000001020000800200000000005858826D5FC10000C00B49F4524100000000F87DF23F000000407D6D5FC10000004043F4524100000000F87DF23F
137,STREET,STREET,roads.cga,Start,ChambersStreet,Major Edge,MAJOR,528.00000000,-258260.00000000,14.00000000,0.00000000,1.00000000,0.00000000,3.50000000,527.00000000,0.00000000,t,01050000A0110F000001000000010200008002000000000000C0826D5FC1000000A0EFF5524100000000DC031B40000000A0796D5FC100000010EAF5524100000080D85D1D40
138,STREET,STREET,roads.cga,Start,CedarStreet,Major Edge,MAJOR,126.00000000,231022.00000000,12.00000000,0.00000000,1.00000000,0.00000000,3.50000000,125.00000000,0.00000000,t,01050000A0110F00000100000001020000800200000000000040B76D5FC100000080FBF4524100000000E28F244000000070B06D5FC100000090F5F4524100000000E28F2440
139,STREET,STREET,roads.cga,Start,CherryStreet,Major Edge,MAJOR,23.00000000,417195.00000000,14.00000000,0.00000000,1.00000000,0.00000000,3.50000000,22.00000000,0.00000000,t,01050000A0110F00000100000001020000800200000000000060566C5FC1000000802EF552410000000006030140000000B04D6C5FC10000003030F5524100000000FC670040
140,STREET,DEAD_END,roads.cga,Start,Batavia Lane,Major Edge,MAJOR,314.00000000,417195.00000000,12.00000000,0.00000000,1.00000000,0.00000000,3.50000000,313.00000000,0.00000000,t,01050000A0110F000001000000010200008002000000000000103F6C5FC1000000404BF5524100000000F41B0540000000C0346C5FC1000000504DF5524100000000F41B0540
141,CROSSING,CROSSING,roads.cga,Start,Water Street,Major Edge,MAJOR,665.00000000,231022.00000000,16.00000000,0.00000000,1.00000000,0.00000000,3.50000000,664.00000000,0.00000000,t,01050000A0110F00000100000001020000800200000000000040F96D5FC1000000C01EF4524100000000FC67004000000040016E5FC1000000301DF4524100000000FC670040
142,STREET,STREET,roads.cga,Start,Broadway,Major Edge,MAJOR,260.00000000,-258260.00000000,14.00000000,0.00000000,1.00000000,0.00000000,3.50000000,259.00000000,0.00000000,t,01050000A0110F00000100000001020000800200000000000080036E5FC1000000908FF4524100000000DC031B4000000040036E5FC1000000B087F45241000000002C9A1740
143,CROSSING,STREET,roads.cga,Start,RoseveltStreet,Major Edge,MAJOR,468.00000000,487402.00000000,14.00000000,0.00000000,1.00000000,0.00000000,3.50000000,467.00000000,0.00000000,t,01050000A0110F000001000000010200008002000000000000E07E6C5FC1000000F027F5524100000000E8CF094000000000816C5FC10000000034F5524100000000E0830E40
144,CROSSING,CROSSING,roads.cga,Start,WaterStreet,Major Edge,MAJOR,135.00000000,417195.00000000,6.00000000,0.00000000,1.00000000,0.00000000,3.50000000,134.00000000,0.00000000,t,01050000A0110F0000010000000102000080020000000000E82EB66C5FC100004060FEF4524100000000A6B6074000000010BF6C5FC1000000B0F6F4524100000000CCA60040
145,STREET,STREET,roads.cga,Start,FultonStreet,Major Edge,MAJOR,390.00000000,-258260.00000000,14.00000000,0.00000000,1.00000000,0.00000000,3.50000000,389.00000000,0.00000000,t,01050000A0110F00000100000001020000800200000000000050C06D5FC1000000706DF55241000000007E491D4000000010CB6D5FC10000006072F5524100000000DC031B40
146,CROSSING,STREET,roads.cga,Start,HesterStreet,Major Edge,MAJOR,326.00000000,135581.00000000,12.00000000,0.00000000,1.00000000,0.00000000,3.50000000,325.00000000,0.00000000,t,01050000A0110F000001000000010200008002000000000000A0586C5FC1000000105AF6524100000080E5352240000000704E6C5FC10000007055F6524100000080E3622340
147,STREET,CROSSING,roads.cga,Start,BoweryStreet,Major Edge,MAJOR,340.00000000,135581.00000000,26.00000000,0.00000000,1.00000000,0.00000000,3.50000000,339.00000000,0.00000000,t,01050000A0110F00000100000001020000800200000000000080F46C5FC1000000B08AF55241000000806456244000000080EC6C5FC1000000B08CF55241000000000C272340
148,CROSSING,CROSSING,roads.cga,Start,GravelStreet,Major Edge,MAJOR,93.00000000,515711.00000000,6.00000000,0.00000000,1.00000000,0.00000000,3.50000000,92.00000000,0.00000000,t,01050000A0110F00000100000001020000800200000000000060F66D5FC10000004047F5524100000000E0830E4000000060FD6D5FC1000000104BF5524100000000F87DF23F
149,STREET,CROSSING,piers.cga,Start,Orange Street,Major Edge,MAJOR,18.00000000,135581.00000000,6.00000000,0.00000000,1.00000000,0.00000000,3.50000000,17.00000000,0.00000000,t,01050000A0110F000001000000010200008002000000000000D0C06D5FC10000008025F4524100000000F87DF23F00000070AF6D5FC1000000702AF4524100000000F87DF23F
150,STREET,CROSSING,roads.cga,Start,PearlStreet,Major Edge,MAJOR,532.00000000,-365802.00000000,16.00000000,0.00000000,1.00000000,0.00000000,3.50000000,531.00000000,0.00000000,t,01050000A0110F00000100000001020000800200000000000020FA6C5FC1000000C0E8F4524100000000E0830E4000000070F36C5FC1000000B0ECF45241000000001CFB1040
151,CROSSING,STREET,roads.cga,Start,BroadStreet,Major Edge,MAJOR,484.00000000,231022.00000000,18.00000000,0.00000000,1.00000000,0.00000000,3.50000000,483.00000000,0.00000000,t,01050000A0110F000001000000010200008002000000000000D0CA6D5FC100000070A6F4524100000000EC9B114000000090CD6D5FC1000000C09FF4524100000000E0830E40
152,CROSSING,CROSSING,roads.cga,Start,GreenwichStreet,Major Edge,MAJOR,93.00000000,515711.00000000,18.00000000,0.00000000,1.00000000,0.00000000,3.50000000,92.00000000,0.00000000,t,01050000A0110F00000100000001020000800200000000000040EC6D5FC1000000A04DF5524100000000C0711040000000A0EE6D5FC10000003043F5524100000000EC9B1140
153,STREET,STREET,roads.cga,Start,Broadway,Major Edge,MAJOR,260.00000000,-258260.00000000,24.00000000,0.00000000,1.00000000,0.00000000,3.50000000,259.00000000,2.00000000,t,01050000A0110F000001000000010200008002000000000000D0FF6C5FC10000002033F6524100000080E5352240000000D0F66C5FC1000000F041F652410000008088BF1F40
154,CROSSING,STREET,roads.cga,Start,CanalStreet,Major Edge,MAJOR,34.00000000,135581.00000000,16.00000000,0.00000000,1.00000000,0.00000000,3.50000000,33.00000000,0.00000000,t,01050000A0110F000001000000010200008002000000000000F0DA6B5FC1000000C0F3F55241000000C0D943294000000030CC6B5FC1000000D0EDF55241000000C0DB162840
155,STREET,STREET,roads.cga,Start,Mill Lane,Major Edge,MAJOR,548.00000000,231022.00000000,10.00000000,0.00000000,1.00000000,0.00000000,3.50000000,547.00000000,0.00000000,t,01050000A0110F00000100000001020000800200000000000020BC6D5FC1000000D066F45241000000006EA4084000000010C26D5FC10000001063F4524100000000F41B0540
156,CROSSING,STREET,roads.cga,Start,CedarStreet,Major Edge,MAJOR,479.00000000,-258260.00000000,12.00000000,0.00000000,1.00000000,0.00000000,3.50000000,478.00000000,0.00000000,t,01050000A0110F000001000000010200008002000000000000F0D46D5FC1000000C00FF55241000000003C781F40000000C0CB6D5FC1000000400AF552410000000085292240
157,STREET,CROSSING,roads.cga,Start,BoweryStreet,Major Edge,MAJOR,340.00000000,135581.00000000,26.00000000,0.00000000,1.00000000,0.00000000,3.50000000,339.00000000,0.00000000,t,01050000A0110F000001000000010200008002000000000000F0B86C5FC1000000909AF5524100000000E1A91840000000D0AA6C5FC1000000809EF5524100000000E44F1640
158,STREET,DEAD_END,piers.cga,Start,Pier,Major Edge,MAJOR,606.00000000,231022.00000000,6.00000000,0.00000000,1.00000000,0.00000000,3.50000000,605.00000000,0.00000000,t,01050000A0110F00000100000001020000800200000000000000A56D5FC10000006023F4524100000000F87DF23F000000C0A46D5FC10000007023F4524100000000F87DF23F
159,STREET,STREET,roads.cga,Start,BarclayStreet,Major Edge,MAJOR,509.00000000,-258260.00000000,14.00000000,0.00000000,1.00000000,0.00000000,3.50000000,508.00000000,0.00000000,t,01050000A0110F00000100000001020000800200000000000070A86D5FC10000007098F5524100000000DC031B4000000090B16D5FC1000000C09DF5524100000000A08E1740
160,STREET,STREET,roads.cga,Start,LibertyStreet,Major Edge,MAJOR,240.00000000,231022.00000000,12.00000000,0.00000000,1.00000000,0.00000000,3.50000000,239.00000000,0.00000000,t,01050000A0110F00000100000001020000800200000000000060E56D5FC1000000302CF5524100000000E44F164000000080EB6D5FC10000007030F552410000000045BA1240
161,STREET,STREET,roads.cga,Start,Trinity PL / Lumber Street,Major Edge,MAJOR,133.00000000,231022.00000000,12.00000000,0.00000000,1.00000000,0.00000000,3.50000000,132.00000000,0.00000000,t,01050000A0110F00000100000001020000800200000000000000F26D5FC100000000EFF4524100000080D8B91D40000000C0F46D5FC100000060E9F45241000000006A5E1C40
162,STREET,STREET,roads.cga,Start,StoneStreet,Major Edge,MAJOR,282.00000000,247456.00000000,12.00000000,0.00000000,1.00000000,0.00000000,3.50000000,281.00000000,0.00000000,t,01050000A0110F000001000000010200008002000000000000A0EB6D5FC10000006054F4524100000000A8C4074000000090F66D5FC1000000F053F452410000000020370A40
163,STREET,STREET,piers.cga,Start,Pier,Major Edge,MAJOR,606.00000000,231022.00000000,6.00000000,0.00000000,1.00000000,0.00000000,3.50000000,605.00000000,0.00000000,t,01050000A0110F000001000000010200008002000000000000E0216E5FC1000000C0CCF4524100000000F87DF23F000000801C6E5FC100000040DBF4524100000000F87DF23F
164,STREET,CROSSING,roads.cga,Start,AllenStreet,Major Edge,MAJOR,250.00000000,135581.00000000,14.00000000,0.00000000,1.00000000,0.00000000,3.50000000,249.00000000,0.00000000,t,01050000A0110F00000100000001020000800200000000000010C36B5FC1000000A0DBF55241000000C0DB16284000000030C76B5FC1000000D0CFF55241000000C0DB162840
165,STREET,CROSSING,roads.cga,Start,BarclayStreet,Major Edge,MAJOR,152.00000000,-258260.00000000,14.00000000,0.00000000,1.00000000,0.00000000,3.50000000,151.00000000,0.00000000,t,01050000A0110F00000100000001020000800200000000000030CE6D5FC1000000D0AEF5524100000000F4580A4000000090D76D5FC1000000A0B4F552410000000098410540
166,CROSSING,STREET,piers.cga,Start,Pier,Major Edge,MAJOR,606.00000000,231022.00000000,8.00000000,0.00000000,1.00000000,0.00000000,3.50000000,605.00000000,0.00000000,t,01050000A0110F00000100000001020000800200000000000060EA6D5FC100000090A0F5524100000000F87DF23F00000080FB6D5FC100000000ABF5524100000000F87DF23F
167,CROSSING,STREET,roads.cga,Start,William Street,Major Edge,MAJOR,63.00000000,-33958.00000000,14.00000000,0.00000000,1.00000000,0.00000000,3.50000000,62.00000000,0.00000000,t,01050000A0110F00000100000001020000800200000000000080A86D5FC1000000B084F4524100000000EC9B114000000030A76D5FC1000000308DF452410000000028D01340
168,CROSSING,CROSSING,roads.cga,Start,gravel,Major Edge,MAJOR,607.00000000,231022.00000000,10.00000000,0.00000000,1.00000000,0.00000000,3.50000000,606.00000000,0.00000000,t,01050000A0110F000001000000010200008002000000000030D6066E5FC1000000D198F45241000000802E291C40000000400B6E5FC1000000F09AF4524100000000DC031B40
169,STREET,CROSSING,roads.cga,Start,WaterStreet,Major Edge,MAJOR,665.00000000,231022.00000000,16.00000000,0.00000000,1.00000000,0.00000000,3.50000000,664.00000000,0.00000000,t,01050000A0110F000001000000010200008002000000000000A0F16D5FC10000005021F4524100000000FC670040000000E0E96D5FC10000000024F4524100000000FC670040
170,STREET,STREET,roads.cga,Start,BeaverStreet,Major Edge,MAJOR,64.00000000,231022.00000000,14.00000000,0.00000000,1.00000000,0.00000000,3.50000000,63.00000000,0.00000000,t,01050000A0110F00000100000001020000800200000000000090D96D5FC10000008076F4524100000000E8BF0740000000C0E46D5FC10000000077F4524100000000E8CF0940
171,CROSSING,CROSSING,roads.cga,Start,Alley,Major Edge,MAJOR,221.00000000,231022.00000000,10.00000000,0.00000000,1.00000000,0.00000000,3.50000000,220.00000000,0.00000000,t,01050000A0110F000001000000010200008002000000000000E0396D5FC10000002088F45241000000000868F73F00000010486D5FC10000009094F4524100000000FC670040
172,STREET,CROSSING,roads.cga,Start,CanalStreet,Major Edge,MAJOR,34.00000000,135581.00000000,16.00000000,0.00000000,1.00000000,0.00000000,3.50000000,33.00000000,0.00000000,t,01050000A0110F00000100000001020000800200000000000030156C5FC1000000500CF652410000004049C72E40000000B0236C5FC1000000E012F652410000000042312C40
173,STREET,STREET,roads.cga,Start,CortlandStreet,Major Edge,MAJOR,430.00000000,-258260.00000000,16.00000000,0.00000000,1.00000000,0.00000000,3.50000000,429.00000000,0.00000000,t,01050000A0110F00000100000001020000800200000000000040776D5FC100000020EFF4524100000000E44F1640000000507E6D5FC100000090F9F4524100000000E1A91840
174,STREET,CROSSING,roads.cga,Start,Broadway,Major Edge,MAJOR,260.00000000,-258260.00000000,14.00000000,0.00000000,1.00000000,0.00000000,3.50000000,259.00000000,0.00000000,t,01050000A0110F00000100000001020000800200000000000040036E5FC1000000B087F45241000000002C9A1740000000B0026E5FC10000005078F4524100000000E8F51340
175,STREET,STREET,roads.cga,Start,Park Pl / Robinson Street,Major Edge,MAJOR,38.00000000,-258260.00000000,4.00000000,0.00000000,1.00000000,0.00000000,3.50000000,37.00000000,0.00000000,t,01050000A0110F00000100000001020000800200000000000070AB6D5FC100000040BFF5524100000000E1A91840000000F0976D5FC100000070B3F552410000008031B41F40
176,CROSSING,CROSSING,roads.cga,Start,Exchange Pl,Major Edge,MAJOR,243.00000000,231022.00000000,10.00000000,0.00000000,1.00000000,0.00000000,3.50000000,242.00000000,0.00000000,t,01050000A0110F000001000000010200008002000000000000A0ED6D5FC100000090B9F4524100000080E535224000000040F36D5FC100000080BCF45241000000C00D202240
177,CROSSING,STREET,roads.cga,Start,LumberStreet,Major Edge,MAJOR,161.00000000,-258260.00000000,18.00000000,0.00000000,1.00000000,0.00000000,3.50000000,160.00000000,0.00000000,t,01050000A0110F00000100000001020000800200000000000080B46D5FC1000000F067F5524100000000D3B71F40000000B0B06D5FC1000000A071F5524100000000CE811F40
178,STREET,STREET,roads.cga,Start,John Street,Major Edge,MAJOR,473.00000000,-258260.00000000,18.00000000,0.00000000,1.00000000,0.00000000,3.50000000,472.00000000,0.00000000,t,01050000A0110F00000100000001020000800200000000000030526D5FC1000000F0F6F4524100000000E1A91840000000D04C6D5FC100000070F2F4524100000000E44F1640
179,CROSSING,CROSSING,roads.cga,Start,GravelStreet,Major Edge,MAJOR,532.00000000,-365802.00000000,12.00000000,0.00000000,1.00000000,0.00000000,3.50000000,531.00000000,0.00000000,t,01050000A0110F000001000000010200008002000000000000E0BB6D5FC1000000A047F4524100000000FC67004000000070B76D5FC1000000604AF4524100000000A4EF0340
180,STREET,CROSSING,roads.cga,Start,William Street,Major Edge,MAJOR,63.00000000,-33958.00000000,12.00000000,0.00000000,1.00000000,0.00000000,3.50000000,62.00000000,0.00000000,t,01050000A0110F00000100000001020000800200000000000050A66D5FC1000000A075F4524100000000E0830E40000000D0A26D5FC1000000F06EF4524100000000E0830E40
181,STREET,CROSSING,roads.cga,Start,CedarStreet,Major Edge,MAJOR,479.00000000,-258260.00000000,12.00000000,0.00000000,1.00000000,0.00000000,3.50000000,478.00000000,0.00000000,t,01050000A0110F00000100000001020000800200000000000000DA6D5FC1000000E012F5524100000000308E1B40000000F0D46D5FC1000000C00FF55241000000003C781F40
182,STREET,STREET,roads.cga,Start,WaterStreet,Major Edge,MAJOR,604.00000000,231022.00000000,16.00000000,0.00000000,1.00000000,0.00000000,3.50000000,603.00000000,0.00000000,t,01050000A0110F00000100000001020000800200000000000060576D5FC1000000F085F4524100000000FC670040000000A0526D5FC1000000608AF4524100000000FC670040
183,CROSSING,STREET,roads.cga,Start,FultonStreet,Major Edge,MAJOR,644.00000000,-258260.00000000,14.00000000,0.00000000,1.00000000,0.00000000,3.50000000,643.00000000,0.00000000,t,01050000A0110F000001000000010200008002000000000000806A6D5FC1000000D037F5524100000000E28F244000000040616D5FC1000000C031F5524100000000E28F2440
184,CROSSING,STREET,roads.cga,Start,Cliff Street,Major Edge,MAJOR,537.00000000,-258260.00000000,10.00000000,0.00000000,1.00000000,0.00000000,3.50000000,536.00000000,0.00000000,t,01050000A0110F00000100000001020000800200000000000060186D5FC100000040F5F4524100000000E8F51340000000400D6D5FC1000000C0FAF452410000000041841540
185,CROSSING,CROSSING,piers.cga,Start,Pier,Major Edge,MAJOR,606.00000000,231022.00000000,6.00000000,0.00000000,1.00000000,0.00000000,3.50000000,605.00000000,0.00000000,t,01050000A0110F00000100000001020000800200000000000040156D5FC100000040A4F4524100000000F87DF23F000000F01D6D5FC1000000709CF4524100000000F87DF23F
186,STREET,STREET,roads.cga,Start,LumberStreet,Major Edge,MAJOR,133.00000000,231022.00000000,12.00000000,0.00000000,1.00000000,0.00000000,3.50000000,132.00000000,0.00000000,t,01050000A0110F000001000000010200008002000000000000F0E16D5FC1000000A0EEF4524100000080B1FF244000000050DA6D5FC100000090EAF45241000000C0DFBC2540
187,STREET,DEAD_END,piers.cga,Start,Pier,Major Edge,MAJOR,606.00000000,231022.00000000,6.00000000,0.00000000,1.00000000,0.00000000,3.50000000,605.00000000,0.00000000,t,01050000A0110F000001000000010200008002000000000000D0316D5FC1000000806EF4524100000000F87DF23F000000A0316D5FC1000000506EF4524100000000F87DF23F
188,CROSSING,CROSSING,roads.cga,Start,GravelStreet,Major Edge,MAJOR,586.00000000,231022.00000000,8.00000000,0.00000000,1.00000000,0.00000000,3.50000000,585.00000000,0.00000000,t,01050000A0110F000001000000010200008002000000000000B08C6D5FC10000006055F45241000000002E690040000000F0866D5FC1000000A04EF4524100000000F87DF23F
189,STREET,STREET,roads.cga,Start,Rutgers Street,Major Edge,MAJOR,32.00000000,417195.00000000,10.00000000,0.00000000,1.00000000,0.00000000,3.50000000,31.00000000,0.00000000,t,01050000A0110F000001000000010200008002000000000000305B6C5FC10000004058F5524100000000E8CF094000000060546C5FC1000000A059F5524100000000E8CF0940
190,STREET,STREET,roads.cga,Start,Ferry Street,Major Edge,MAJOR,224.00000000,487402.00000000,20.00000000,0.00000000,1.00000000,0.00000000,3.50000000,223.00000000,0.00000000,t,01050000A0110F00000100000001020000800200000000000000D16C5FC1000000B0F8F4524100000000F8500940000000F0CB6C5FC1000000E0F3F45241000000007AFE0440
191,STREET,CROSSING,roads.cga,Start,ChrystieStreet,Major Edge,MAJOR,2.00000000,135581.00000000,14.00000000,0.00000000,1.00000000,0.00000000,3.50000000,1.00000000,0.00000000,t,01050000A0110F000001000000010200008002000000000000E00C6C5FC1000000D0FAF5524100000000D0CC304000000090086C5FC10000009006F652410000002038643040
192,STREET,STREET,roads.cga,Start,WallStreet,Major Edge,MAJOR,246.00000000,231022.00000000,18.00000000,0.00000000,1.00000000,0.00000000,3.50000000,245.00000000,0.00000000,t,01050000A0110F00000100000001020000800200000000000050AD6D5FC1000000F0B8F4524100000080D85D1D4000000070A36D5FC100000090B1F45241000000000B641E40
193,STREET,CROSSING,roads.cga,Start,Ann Street,Major Edge,MAJOR,347.00000000,-258260.00000000,14.00000000,0.00000000,1.00000000,0.00000000,3.50000000,346.00000000,0.00000000,t,01050000A0110F000001000000010200008002000000000000D0566D5FC1000000B03DF5524100000000E28F2440000000F05F6D5FC10000001044F5524100000040B4252540
194,STREET,STREET,roads.cga,Start,George Street,Major Edge,MAJOR,678.00000000,487402.00000000,12.00000000,0.00000000,1.00000000,0.00000000,3.50000000,677.00000000,0.00000000,t,01050000A0110F00000100000001020000800200000000000020156D5FC1000000B044F5524100000000CCA31540000000201B6D5FC1000000204CF55241000000006E081940
195,CROSSING,STREET,roads.cga,Start,Gold Street,Major Edge,MAJOR,230.00000000,487402.00000000,12.00000000,0.00000000,1.00000000,0.00000000,3.50000000,229.00000000,0.00000000,t,01050000A0110F00000100000001020000800200000000000000076D5FC10000004038F5524100000000DA2A104000000060116D5FC1000000302CF5524100000000E8F51340
196,CROSSING,STREET,roads.cga,Start,Van Water Street,Major Edge,MAJOR,47.00000000,487402.00000000,12.00000000,0.00000000,1.00000000,0.00000000,3.50000000,46.00000000,0.00000000,t,01050000A0110F00000100000001020000800200000000000030E96C5FC1000000F045F5524100000000E0830E40000000E0D96C5FC1000000C04CF552410000000004FB1140
197,STREET,CROSSING,roads.cga,Start,Alley,Major Edge,MAJOR,645.00000000,417195.00000000,10.00000000,0.00000000,1.00000000,0.00000000,3.50000000,644.00000000,0.00000000,t,01050000A0110F00000100000001020000800200000000000070D16D5FC10000005016F5524100000000D3B71F4000000080CD6D5FC1000000A01DF55241000000C035422040
198,CROSSING,CROSSING,roads.cga,Start,BoweryStreet,Major Edge,MAJOR,340.00000000,135581.00000000,26.00000000,0.00000000,1.00000000,0.00000000,3.50000000,339.00000000,0.00000000,t,01050000A0110F000001000000010200008002000000000000E0836C5FC1000000A0A8F5524100000000DC031B4000000030796C5FC100000000ABF5524100000080D85D1D40
199,CROSSING,STREET,piers.cga,Start,Pier,Major Edge,MAJOR,606.00000000,231022.00000000,6.00000000,0.00000000,1.00000000,0.00000000,3.50000000,605.00000000,0.00000000,t,01050000A0110F00000100000001020000800200000000000030096D5FC100000020B4F4524100000000F87DF23F00000090036D5FC100000030ADF4524100000000F87DF23F
200,CROSSING,STREET,piers.cga,Start,Pier,Major Edge,MAJOR,606.00000000,231022.00000000,6.00000000,0.00000000,1.00000000,0.00000000,3.50000000,605.00000000,0.00000000,t,01050000A0110F000001000000010200008002000000000000E0136D5FC100000070A9F4524100000000F87DF23F000000E0116D5FC100000060A7F4524100000000F87DF23F
201,STREET,CROSSING,roads.cga,Start,Trinity PL / Lumber Street,Major Edge,MAJOR,133.00000000,231022.00000000,10.00000000,0.00000000,1.00000000,0.00000000,3.50000000,132.00000000,0.00000000,t,01050000A0110F000001000000010200008002000000000000C0146E5FC100000010ABF45241000000004EEC134000000050196E5FC1000000C0A1F452410000000064D01440
202,STREET,STREET,roads.cga,Start,BroadStreet,Major Edge,MAJOR,484.00000000,231022.00000000,18.00000000,0.00000000,1.00000000,0.00000000,3.50000000,483.00000000,0.00000000,t,01050000A0110F00000100000001020000800200000000000040CF6D5FC1000000409AF4524100000000E0830E4000000030D06D5FC10000005095F4524100000000E0830E40
203,STREET,STREET,roads.cga,Start,BeaverStreet,Major Edge,MAJOR,64.00000000,231022.00000000,14.00000000,0.00000000,1.00000000,0.00000000,3.50000000,63.00000000,0.00000000,t,01050000A0110F000001000000010200008002000000000000B0BE6D5FC1000000607AF4524100000000E8CF094000000060C66D5FC10000007079F4524100000000E8CF0940
204,CROSSING,CROSSING,piers.cga,Start,Pier,Major Edge,MAJOR,606.00000000,231022.00000000,6.00000000,0.00000000,1.00000000,0.00000000,3.50000000,605.00000000,0.00000000,t,01050000A0110F00000100000001020000800200000000000060F26C5FC1000000B0C2F4524100000000F87DF23F00000040F96C5FC100000060BEF4524100000000F87DF23F
205,CROSSING,STREET,roads.cga,Start,Cliff Street,Major Edge,MAJOR,119.00000000,-258260.00000000,10.00000000,0.00000000,1.00000000,0.00000000,3.50000000,118.00000000,0.00000000,t,01050000A0110F00000100000001020000800200000000000050016D5FC1000000B000F5524100000000E44F164000000090F46C5FC1000000B007F5524100000000E1A91840
206,CROSSING,CROSSING,roads.cga,Start,gravel,Major Edge,MAJOR,607.00000000,231022.00000000,10.00000000,0.00000000,1.00000000,0.00000000,3.50000000,606.00000000,0.00000000,t,01050000A0110F00000100000001020000800200000000000030156E5FC1000000F067F4524100000000EC9B1140000000100D6E5FC1000000F04FF4524100000000E8CF0940
207,STREET,CROSSING,roads.cga,Start,MottStreet,Major Edge,MAJOR,421.00000000,135581.00000000,12.00000000,0.00000000,1.00000000,0.00000000,3.50000000,420.00000000,0.00000000,t,01050000A0110F00000100000001020000800200000000000060716C5FC1000000A0DCF55241000000006128234000000080706C5FC100000040D4F55241000000C0F8512240
208,CROSSING,STREET,roads.cga,Start,Alley,Major Edge,MAJOR,353.00000000,231022.00000000,6.00000000,0.00000000,1.00000000,0.00000000,3.50000000,352.00000000,0.00000000,t,01050000A0110F00000100000001020000800200000000000030676D5FC1000000E05EF4524100000000F87DF23F000000E06C6D5FC10000005065F4524100000000FC670040
209,STREET,CROSSING,roads.cga,Start,OrangeStreet,Major Edge,MAJOR,18.00000000,135581.00000000,16.00000000,0.00000000,1.00000000,0.00000000,3.50000000,17.00000000,0.00000000,t,01050000A0110F000001000000010200008002000000000000009B6C5FC100000030AEF5524100000000E1A9184000000080996C5FC1000000B0A3F5524100000000E44F1640
210,CROSSING,CROSSING,roads.cga,Start,Trinity PL / Lumber Street,Major Edge,MAJOR,133.00000000,231022.00000000,12.00000000,0.00000000,1.00000000,0.00000000,3.50000000,132.00000000,0.00000000,t,01050000A0110F00000100000001020000800200000000000060E36D5FC1000000200DF55241000000004EDC184000000010E56D5FC1000000C009F5524100000000185B1840
211,STREET,STREET,roads.cga,Start,WallStreet,Major Edge,MAJOR,448.00000000,231022.00000000,18.00000000,0.00000000,1.00000000,0.00000000,3.50000000,447.00000000,0.00000000,t,01050000A0110F00000100000001020000800200000000000030886D5FC1000000209DF4524100000000E1A91840000000A07B6D5FC1000000C093F4524100000000D1A91340
212,STREET,CROSSING,roads.cga,Start,WaterStreet,Major Edge,MAJOR,207.00000000,231022.00000000,16.00000000,0.00000000,1.00000000,0.00000000,3.50000000,206.00000000,0.00000000,t,01050000A0110F000001000000010200008002000000000000206A6D5FC10000007074F4524100000000DE09054000000090606D5FC1000000607DF4524100000000FC670040
213,STREET,CROSSING,roads.cga,Start,StoneStreet,Major Edge,MAJOR,282.00000000,247456.00000000,12.00000000,0.00000000,1.00000000,0.00000000,3.50000000,281.00000000,0.00000000,t,01050000A0110F00000100000001020000800200000000000090F66D5FC1000000F053F452410000000020370A4000000020026E5FC10000008053F4524100000000F8A00B40
214,STREET,STREET,roads.cga,Start,ForsythStreet,Major Edge,MAJOR,62.00000000,135581.00000000,14.00000000,0.00000000,1.00000000,0.00000000,3.50000000,61.00000000,0.00000000,t,01050000A0110F00000100000001020000800200000000000030EB6B5FC10000007011F6524100000040BB592940000000D0E66B5FC1000000601CF65241000000C0D9432940
215,STREET,DEAD_END,piers.cga,Start,Pier,Major Edge,MAJOR,606.00000000,231022.00000000,6.00000000,0.00000000,1.00000000,0.00000000,3.50000000,605.00000000,0.00000000,t,01050000A0110F00000100000001020000800200000000000000816D5FC1000000F038F4524100000000F87DF23F000000D0806D5FC1000000C038F4524100000000F87DF23F
216,STREET,STREET,roads.cga,Start,ExchangePl,Major Edge,MAJOR,417.00000000,231022.00000000,12.00000000,0.00000000,1.00000000,0.00000000,3.50000000,416.00000000,0.00000000,t,01050000A0110F00000100000001020000800200000000000080C06D5FC100000080A1F4524100000000EC9B1140000000E0B76D5FC1000000609DF4524100000000EC9B1140
217,CROSSING,CROSSING,roads.cga,Start,gravel,Major Edge,MAJOR,532.00000000,-365802.00000000,12.00000000,0.00000000,1.00000000,0.00000000,3.50000000,531.00000000,0.00000000,t,01050000A0110F00000100000001020000800200000000000010FD6D5FC1000000B032F4524100000000F41B0540000000E0056E5FC10000004031F4524100000000F41B0540
218,STREET,STREET,roads.cga,Start,MulberryStreet,Major Edge,MAJOR,158.00000000,135581.00000000,14.00000000,0.00000000,1.00000000,0.00000000,3.50000000,157.00000000,0.00000000,t,01050000A0110F00000100000001020000800200000000000000886C5FC100000090DFF5524100000000E1A91840000000D0886C5FC100000090EAF5524100000000E1A91840
219,CROSSING,STREET,piers.cga,Start,Pier,Major Edge,MAJOR,606.00000000,231022.00000000,6.00000000,0.00000000,1.00000000,0.00000000,3.50000000,605.00000000,0.00000000,t,01050000A0110F000001000000010200008002000000000000C0706D5FC10000007048F4524100000000F87DF23F00000040746D5FC10000007045F4524100000000F87DF23F
220,STREET,CROSSING,roads.cga,Start,Division Street,Major Edge,MAJOR,338.00000000,135581.00000000,8.00000000,0.00000000,1.00000000,0.00000000,3.50000000,337.00000000,0.00000000,t,01050000A0110F00000100000001020000800200000000000060EF6B5FC100000080CFF55241000000402C9E284000000000EB6B5FC1000000A0CCF55241000000C0DB162840
221,CROSSING,STREET,piers.cga,Start,Pier,Major Edge,MAJOR,606.00000000,231022.00000000,6.00000000,0.00000000,1.00000000,0.00000000,3.50000000,605.00000000,0.00000000,t,01050000A0110F00000100000001020000800200000000000010376E5FC10000008079F4524100000000F87DF23F000000F03B6E5FC1000000907EF4524100000000F87DF23F
222,CROSSING,CROSSING,piers.cga,Start,Pier,Major Edge,MAJOR,606.00000000,231022.00000000,10.00000000,0.00000000,1.00000000,0.00000000,3.50000000,605.00000000,0.00000000,t,01050000A0110F00000100000001020000800200000000000040936D5FC1000000F031F4524100000000F87DF23F00000070876D5FC1000000B025F4524100000000F87DF23F
223,STREET,STREET,roads.cga,Start,Orange Street,Major Edge,MAJOR,18.00000000,135581.00000000,12.00000000,0.00000000,1.00000000,0.00000000,3.50000000,17.00000000,0.00000000,t,01050000A0110F00000100000001020000800200000000000020B96C5FC100000050D2F5524100000000EC9B1140000000F0C66C5FC100000010D3F5524100000000E8F51340
224,STREET,STREET,roads.cga,Start,CortlandStreet,Major Edge,MAJOR,163.00000000,-258260.00000000,16.00000000,0.00000000,1.00000000,0.00000000,3.50000000,162.00000000,0.00000000,t,01050000A0110F00000100000001020000800200000000000030DD6D5FC10000006045F5524100000000E44F1640000000E0E46D5FC10000009049F5524100000000A0251340
225,STREET,STREET,roads.cga,Start,Broadway,Major Edge,MAJOR,260.00000000,-258260.00000000,10.00000000,0.00000000,1.00000000,0.00000000,3.50000000,259.00000000,9.00000000,t,01050000A0110F00000100000001020000800200000000000060F26D5FC100000000B2F4524100000080709421400000E00FF86D5FC1000030E0A8F4524100000080E7082140
226,CROSSING,STREET,roads.cga,Start,WBroadway,Major Edge,MAJOR,128.00000000,515711.00000000,18.00000000,0.00000000,1.00000000,0.00000000,3.50000000,127.00000000,0.00000000,t,01050000A0110F00000100000001020000800200000000000090876D5FC1000000500CF6524100000000FB521740000000908D6D5FC10000000003F6524100000000E1A91840
227,STREET,STREET,roads.cga,Start,Broadway,Major Edge,MAJOR,260.00000000,-258260.00000000,24.00000000,0.00000000,1.00000000,0.00000000,3.50000000,259.00000000,2.00000000,t,01050000A0110F000001000000010200008002000000000000D0196D5FC10000007008F6524100000080E362234000000010136D5FC10000008013F6524100000080E3622340
228,STREET,DEAD_END,piers.cga,Start,Pier,Major Edge,MAJOR,606.00000000,231022.00000000,6.00000000,0.00000000,1.00000000,0.00000000,3.50000000,605.00000000,0.00000000,t,01050000A0110F00000100000001020000800200000000000050006D5FC100000090B2F4524100000000F87DF23F00000040006D5FC100000050B2F4524100000000F87DF23F
229,CROSSING,CROSSING,piers.cga,Start,Pier,Major Edge,MAJOR,606.00000000,231022.00000000,6.00000000,0.00000000,1.00000000,0.00000000,3.50000000,605.00000000,0.00000000,t,01050000A0110F000001000000010200008002000000000000C0C96C5FC100000000E6F4524100000000F87DF23F00000020C36C5FC100000010EAF4524100000000F87DF23F
230,CROSSING,STREET,roads.cga,Start,Skimmers,Major Edge,MAJOR,12.00000000,417195.00000000,10.00000000,0.00000000,1.00000000,0.00000000,3.50000000,11.00000000,0.00000000,t,01050000A0110F00000100000001020000800200000000000060A96C5FC10000009045F5524100000000E1A91840000000E0AF6C5FC1000000A043F5524100000000E1A91840
231,CROSSING,STREET,roads.cga,Start,CanalStreet,Major Edge,MAJOR,34.00000000,135581.00000000,16.00000000,0.00000000,1.00000000,0.00000000,3.50000000,33.00000000,0.00000000,t,01050000A0110F00000100000001020000800200000000000090BE6B5FC100000060E8F55241000000C0DB16284000000080B66B5FC100000020E5F55241000000C0DB162840
232,CROSSING,STREET,piers.cga,Start,Pier,Major Edge,MAJOR,606.00000000,231022.00000000,6.00000000,0.00000000,1.00000000,0.00000000,3.50000000,605.00000000,0.00000000,t,01050000A0110F000001000000010200008002000000000000F0026D5FC100000070B9F4524100000000F87DF23F00000050006D5FC100000090B2F4524100000000F87DF23F
233,STREET,CROSSING,roads.cga,Start,Gold Street,Major Edge,MAJOR,265.00000000,487402.00000000,12.00000000,0.00000000,1.00000000,0.00000000,3.50000000,264.00000000,0.00000000,t,01050000A0110F000001000000010200008002000000000000B0F86C5FC10000005048F5524100000000E0830E4000000000F36C5FC1000000C04EF5524100000000E2920E40
234,STREET,STREET,roads.cga,Start,WarrenStreet,Major Edge,MAJOR,313.00000000,515711.00000000,14.00000000,0.00000000,1.00000000,0.00000000,3.50000000,312.00000000,0.00000000,t,01050000A0110F00000100000001020000800200000000000010716D5FC100000090C8F5524100000080E5352240000000E0656D5FC100000000C2F5524100000080E3622340
235,CROSSING,CROSSING,Landscape_Design_Greenspace/Greenspace Construction.cga,GreenSpace,greenspace,Major Edge,MAJOR,313.00000000,515711.00000000,14.00000000,0.00000000,1.00000000,0.00000000,3.50000000,312.00000000,0.00000000,t,01050000A0110F000001000000010200008002000000000000D01B6D5FC10000002093F55241000000C0DB162840000000C0066D5FC10000007085F5524100000080251A2640
236,CROSSING,STREET,piers.cga,Start,Pier,Major Edge,MAJOR,606.00000000,231022.00000000,6.00000000,0.00000000,1.00000000,0.00000000,3.50000000,605.00000000,0.00000000,t,01050000A0110F00000100000001020000800200000000000060DC6C5FC1000000F0D6F4524100000000F87DF23F000000D0D56C5FC100000060CCF4524100000000F87DF23F
237,STREET,CROSSING,roads.cga,Start,Alley,Major Edge,MAJOR,353.00000000,231022.00000000,6.00000000,0.00000000,1.00000000,0.00000000,3.50000000,352.00000000,0.00000000,t,01050000A0110F000001000000010200008002000000000000E06C6D5FC10000005065F4524100000000FC670040000000F0726D5FC1000000306CF4524100000000F41B0540
238,STREET,STREET,roads.cga,Start,GreenwichStreet,Major Edge,MAJOR,93.00000000,515711.00000000,18.00000000,0.00000000,1.00000000,0.00000000,3.50000000,92.00000000,0.00000000,t,01050000A0110F00000100000001020000800200000000000030D36D5FC100000090CBF55241000000009251074000000070D56D5FC1000000B0BFF5524100000000F41B0540
239,STREET,CROSSING,roads.cga,Start,Rector Street,Major Edge,MAJOR,398.00000000,231022.00000000,10.00000000,0.00000000,1.00000000,0.00000000,3.50000000,397.00000000,0.00000000,t,01050000A0110F00000100000001020000800200000000000040046E5FC1000000F0E0F45241000000003C671240000000D0FA6D5FC100000010DDF452410000000044B31940
240,CROSSING,STREET,piers.cga,Start,Pier,Major Edge,MAJOR,606.00000000,231022.00000000,6.00000000,0.00000000,1.00000000,0.00000000,3.50000000,605.00000000,0.00000000,t,01050000A0110F000001000000010200008002000000000000F0686D5FC1000000B05AF4524100000000F87DF23F00003072666D5FC10000101658F4524100000000F87DF23F
241,CROSSING,STREET,roads.cga,Start,WaterStreet,Major Edge,MAJOR,411.00000000,231022.00000000,16.00000000,0.00000000,1.00000000,0.00000000,3.50000000,410.00000000,0.00000000,t,01050000A0110F000001000000010200008002000000000000E0306D5FC1000000A0AAF45241000000008038F93F000000B0296D5FC100000030B1F45241000000000868F73F
242,CROSSING,STREET,roads.cga,Start,Orange Street,Major Edge,MAJOR,18.00000000,135581.00000000,12.00000000,0.00000000,1.00000000,0.00000000,3.50000000,17.00000000,0.00000000,t,01050000A0110F00000100000001020000800200000000000000EB6C5FC1000000B0BAF5524100000000D3B71F40000000E0E46C5FC100000090C0F5524100000000FC811C40
243,STREET,CROSSING,roads.cga,Start,CherryStreet,Major Edge,MAJOR,83.00000000,487402.00000000,14.00000000,0.00000000,1.00000000,0.00000000,3.50000000,82.00000000,0.00000000,t,01050000A0110F000001000000010200008002000000000000309B6C5FC10000002023F5524100000000EC9B1140000000108C6C5FC10000002026F5524100000000E0830E40
244,CROSSING,STREET,roads.cga,Start,PearlStreet,Major Edge,MAJOR,532.00000000,-365802.00000000,16.00000000,0.00000000,1.00000000,0.00000000,3.50000000,531.00000000,0.00000000,t,01050000A0110F00000100000001020000800200000000000000706D5FC1000000108BF4524100000000C2A60C40000000C0686D5FC10000008094F4524100000000E8CF0940
245,STREET,CROSSING,roads.cga,Start,Fetcher Street,Major Edge,MAJOR,121.00000000,-23593.00000000,12.00000000,0.00000000,1.00000000,0.00000000,3.50000000,120.00000000,0.00000000,t,01050000A0110F000001000000010200008002000000000000002A6D5FC100000000A3F45241000000000868F73F000000B0236D5FC1000000009CF45241000000000868F73F
246,CROSSING,CROSSING,roads.cga,Start,GravelStreet,Major Edge,MAJOR,64.00000000,231022.00000000,8.00000000,0.00000000,1.00000000,0.00000000,3.50000000,63.00000000,0.00000000,t,01050000A0110F0000010000000102000080020000000000E88E296E5FC10000303E55F4524100000000E0830E40000000A0216E5FC10000004049F4524100000000F85E0B40
247,CROSSING,CROSSING,roads.cga,Start,gravel,Major Edge,MAJOR,64.00000000,231022.00000000,12.00000000,0.00000000,1.00000000,0.00000000,3.50000000,63.00000000,0.00000000,t,01050000A0110F00000100000001020000800200000000000040096E5FC10000006041F4524100000000E8CF0940000000D0136E5FC1000000A03EF4524100000000E8CF0940
248,STREET,STREET,roads.cga,Start,ElizabethStreet,Major Edge,MAJOR,130.00000000,135581.00000000,14.00000000,0.00000000,1.00000000,0.00000000,3.50000000,129.00000000,0.00000000,t,01050000A0110F000001000000010200008002000000000000704E6C5FC100000040FDF55241000000402515264000000060496C5FC10000000008F65241000000002C0A2840
249,STREET,CROSSING,roads.cga,Start,Beekman Street,Major Edge,MAJOR,689.00000000,487402.00000000,12.00000000,0.00000000,1.00000000,0.00000000,3.50000000,688.00000000,0.00000000,t,01050000A0110F00000100000001020000800200000000000040136D5FC1000000601AF55241000000006385164000000030196D5FC1000000E022F5524100000000E44F1640
250,CROSSING,STREET,roads.cga,Start,RobinsonStreet,Major Edge,MAJOR,38.00000000,-258260.00000000,12.00000000,0.00000000,1.00000000,0.00000000,3.50000000,37.00000000,0.00000000,t,01050000A0110F000001000000010200008002000000000000509C6D5FC1000000D0ABF5524100000000D3B71F4000000010A66D5FC1000000B0B1F5524100000000C9BC1B40
251,CROSSING,STREET,roads.cga,Start,PearlStreet,Major Edge,MAJOR,532.00000000,-365802.00000000,16.00000000,0.00000000,1.00000000,0.00000000,3.50000000,531.00000000,0.00000000,t,01050000A0110F00000100000001020000800200000000000070F36C5FC1000000B0ECF45241000000001CFB10400000C87FEC6C5FC10000D057F1F4524100000000EC9B1140
252,CROSSING,CROSSING,roads.cga,Start,GravelStreet,Major Edge,MAJOR,645.00000000,417195.00000000,6.00000000,0.00000000,1.00000000,0.00000000,3.50000000,644.00000000,0.00000000,t,01050000A0110F000001000000010200008002000000000000C0AE6C5FC1000000D004F552410000000018A00D4000000070AC6C5FC10000002002F5524100000000F87DF23F
253,STREET,CROSSING,roads.cga,Start,GravelStreet,Major Edge,MAJOR,18.00000000,135581.00000000,6.00000000,0.00000000,1.00000000,0.00000000,3.50000000,17.00000000,0.00000000,t,01050000A0110F00000100000001020000800200000000000010F06D5FC1000000B018F4524100000000FC67004000000090E76D5FC1000000901AF4524100000000F87DF23F
254,STREET,DEAD_END,roads.cga,Start,Broadway,Major Edge,MAJOR,260.00000000,-258260.00000000,24.00000000,0.00000000,1.00000000,0.00000000,3.50000000,259.00000000,2.00000000,t,01050000A0110F00000100000001020000800200000000000050F06C5FC1000000904CF6524100000080D85D1D4000000080EA6C5FC10000002056F6524100000000DC031B40
255,CROSSING,CROSSING,Landscape_Design_Greenspace/Greenspace Construction.cga,GreenSpace,greenspace,Major Edge,MAJOR,313.00000000,515711.00000000,14.00000000,0.00000000,1.00000000,0.00000000,3.50000000,312.00000000,0.00000000,t,01050000A0110F000001000000010200008002000000000000403E6D5FC1000000A0A9F55241000000C0D9432940000000C02D6D5FC1000000E09EF55241000000C0D9432940
256,STREET,CROSSING,roads.cga,Start,BridgeStreet,Major Edge,MAJOR,64.00000000,231022.00000000,18.00000000,0.00000000,1.00000000,0.00000000,3.50000000,63.00000000,0.00000000,t,01050000A0110F00000100000001020000800200000000000060096E5FC1000000F0EFF45241000000009EE10C40000000400D6E5FC1000000A0E4F452410000000094970B40
257,STREET,CROSSING,roads.cga,Start,Alley,Major Edge,MAJOR,475.00000000,247456.00000000,4.00000000,0.00000000,1.00000000,0.00000000,3.50000000,474.00000000,0.00000000,t,01050000A0110F000001000000010200008002000000000000D01B6D5FC1000000B0A2F45241000000000868F73F000000E0136D5FC100000070A9F4524100000000F87DF23F
258,CROSSING,STREET,piers.cga,Start,Pier,Major Edge,MAJOR,606.00000000,231022.00000000,6.00000000,0.00000000,1.00000000,0.00000000,3.50000000,605.00000000,0.00000000,t,01050000A0110F00000100000001020000800200000000000040156D5FC100000040A4F4524100000000F87DF23F000000B00C6D5FC1000000109BF4524100000000F87DF23F
259,STREET,STREET,roads.cga,Start,GreenwichStreet,Major Edge,MAJOR,93.00000000,515711.00000000,18.00000000,0.00000000,1.00000000,0.00000000,3.50000000,92.00000000,0.00000000,t,01050000A0110F000001000000010200008002000000000000F0D86D5FC100000060ACF5524100000000F41B054000000050DA6D5FC1000000B0A4F55241000000000CB00840
260,CROSSING,CROSSING,roads.cga,Start,Beekman Street,Major Edge,MAJOR,568.00000000,487402.00000000,12.00000000,0.00000000,1.00000000,0.00000000,3.50000000,567.00000000,0.00000000,t,01050000A0110F000001000000010200008002000000000000C0466D5FC1000000005CF552410000000039E4254000000060546D5FC1000000E06CF55241000000C0DDE92640
261,CROSSING,STREET,piers.cga,Start,Pier,Major Edge,MAJOR,606.00000000,231022.00000000,6.00000000,0.00000000,1.00000000,0.00000000,3.50000000,605.00000000,0.00000000,t,01050000A0110F000001000000010200008002000000000000F01D6D5FC1000000709CF4524100000000F87DF23F00000060136D5FC1000000D090F4524100000000F87DF23F
262,STREET,CROSSING,roads.cga,Start,Van Water Street,Major Edge,MAJOR,47.00000000,487402.00000000,12.00000000,0.00000000,1.00000000,0.00000000,3.50000000,46.00000000,0.00000000,t,01050000A0110F00000100000001020000800200000000000050B96C5FC1000000C05AF5524100000000DC031B40000000C0A96C5FC10000008061F5524100000000E1A91840
263,CROSSING,STREET,piers.cga,Start,Pier,Major Edge,MAJOR,606.00000000,231022.00000000,6.00000000,0.00000000,1.00000000,0.00000000,3.50000000,605.00000000,0.00000000,t,01050000A0110F00000100000001020000800200000000000070AD6D5FC1000000A021F4524100000000F87DF23F00000050A66D5FC10000002023F4524100000000F87DF23F
264,CROSSING,STREET,roads.cga,Start,CherryStreet,Major Edge,MAJOR,89.00000000,487402.00000000,14.00000000,0.00000000,1.00000000,0.00000000,3.50000000,88.00000000,0.00000000,t,01050000A0110F000001000000010200008002000000000000F0C16C5FC1000000201BF5524100000000E1A9184000000060B46C5FC1000000001EF5524100000000E1A91840
265,CROSSING,CROSSING,piers.cga,Start,Pier,Major Edge,MAJOR,606.00000000,231022.00000000,6.00000000,0.00000000,1.00000000,0.00000000,3.50000000,605.00000000,0.00000000,t,01050000A0110F00000100000001020000800200000000000030096D5FC100000020B4F4524100000000F87DF23F000000F0026D5FC100000070B9F4524100000000F87DF23F
266,STREET,STREET,roads.cga,Start,FultonStreet,Major Edge,MAJOR,477.00000000,-258260.00000000,14.00000000,0.00000000,1.00000000,0.00000000,3.50000000,476.00000000,0.00000000,t,01050000A0110F000001000000010200008002000000000000B0216D5FC1000000B003F5524100000000E1A91840000000701F6D5FC10000007000F5524100000000E1A91840
267,CROSSING,STREET,roads.cga,Start,HesterStreet,Major Edge,MAJOR,670.00000000,135581.00000000,12.00000000,0.00000000,1.00000000,0.00000000,3.50000000,669.00000000,0.00000000,t,01050000A0110F000001000000010200008002000000000000B08B6B5FC1000000C003F6524100000080105A2540000000F07D6B5FC1000000E0FDF5524100000000E28F2440
268,CROSSING,CROSSING,roads.cga,Start,Pier,Major Edge,MAJOR,606.00000000,231022.00000000,6.00000000,0.00000000,1.00000000,0.00000000,3.50000000,605.00000000,0.00000000,t,01050000A0110F00000100000001020000800200000000000040AF6C5FC100000010F6F4524100000000F87DF23F00007C21B86C5FC1000000A8EEF4524100000000F87DF23F
269,STREET,STREET,roads.cga,Start,Jacob Street,Major Edge,MAJOR,396.00000000,487402.00000000,16.00000000,0.00000000,1.00000000,0.00000000,3.50000000,395.00000000,0.00000000,t,01050000A0110F000001000000010200008002000000000000D0E46C5FC10000003034F5524100000000EC9B1140000000A0EA6C5FC1000000E02EF55241000000003DA51240
270,STREET,STREET,roads.cga,Start,Broadway,Major Edge,MAJOR,260.00000000,-258260.00000000,10.00000000,0.00000000,1.00000000,0.00000000,3.50000000,259.00000000,9.00000000,t,01050000A0110F0000010000000102000080020000000000E00FF86D5FC1000030E0A8F4524100000080E7082140000000B0FD6D5FC1000000E09FF4524100000000D3B71F40
271,CROSSING,STREET,roads.cga,Start,WaterStreet,Major Edge,MAJOR,604.00000000,231022.00000000,16.00000000,0.00000000,1.00000000,0.00000000,3.50000000,603.00000000,0.00000000,t,01050000A0110F00000100000001020000800200000000000090606D5FC1000000607DF4524100000000FC67004000000060576D5FC1000000F085F4524100000000FC670040
272,STREET,STREET,roads.cga,Start,LibertyStreet,Major Edge,MAJOR,238.00000000,231022.00000000,12.00000000,0.00000000,1.00000000,0.00000000,3.50000000,237.00000000,0.00000000,t,01050000A0110F000001000000010200008002000000000000A0AB6D5FC1000000C008F552410000000012012440000000A0B06D5FC1000000900BF55241000000409BA92340
273,CROSSING,CROSSING,roads.cga,Start,BoweryStreet,Major Edge,MAJOR,340.00000000,135581.00000000,26.00000000,0.00000000,1.00000000,0.00000000,3.50000000,339.00000000,0.00000000,t,01050000A0110F00000100000001020000800200000000000080996C5FC1000000B0A3F5524100000000E44F1640000000208F6C5FC100000020A6F5524100000000E1A91840
274,CROSSING,STREET,roads.cga,Start,ChambersStreet,Major Edge,MAJOR,18.00000000,135581.00000000,10.00000000,0.00000000,1.00000000,0.00000000,3.50000000,17.00000000,0.00000000,t,01050000A0110F000001000000010200008002000000000000B0046D5FC1000000E09DF5524100000080A547254000000020006D5FC10000001094F55241000000C0DFBC2540
275,STREET,CROSSING,roads.cga,Start,Ferry Street,Major Edge,MAJOR,224.00000000,487402.00000000,12.00000000,0.00000000,1.00000000,0.00000000,3.50000000,223.00000000,0.00000000,t,01050000A0110F00000100000001020000800200000000000060FE6C5FC1000000402EF5524100000000EC9B114000000000076D5FC10000004038F5524100000000DA2A1040
276,STREET,STREET,piers.cga,Start,Pier,Major Edge,MAJOR,606.00000000,231022.00000000,6.00000000,0.00000000,1.00000000,0.00000000,3.50000000,605.00000000,0.00000000,t,01050000A0110F00000100000001020000800200000000000050F76D5FC10000004005F4524100000000F87DF23F00000040FA6D5FC1000000F013F4524100000000F87DF23F
277,CROSSING,CROSSING,Pavement.cga,Start,Split Line,Major Edge,MAJOR,64.00000000,231022.00000000,0.00000000,0.00000000,1.00000000,0.00000000,3.50000000,63.00000000,0.00000000,t,01050000A0110F000001000000010200008002000000000000C0346C5FC1000000504DF5524100000000F41B0540000000003E6C5FC1000000707BF5524100000000E44F1640
278,CROSSING,CROSSING,Pavement.cga,Start,Split Line,Major Edge,MAJOR,64.00000000,231022.00000000,0.00000000,0.00000000,1.00000000,0.00000000,3.50000000,63.00000000,0.00000000,t,01050000A0110F000001000000010200008002000000000000A04B6C5FC1000000A027F5524100000000F87DF23F000000B04D6C5FC10000003030F5524100000000FC670040
279,STREET,STREET,roads.cga,Start,GreenwichStreet,Major Edge,MAJOR,93.00000000,515711.00000000,18.00000000,0.00000000,1.00000000,0.00000000,3.50000000,92.00000000,0.00000000,t,01050000A0110F00000100000001020000800200000000000070CB6D5FC100000020F1F5524100000000E8CF0940000000F0CC6D5FC1000000C0EAF5524100000000E8CF0940
280,CROSSING,CROSSING,roads.cga,Start,Rector Street,Major Edge,MAJOR,190.00000000,231022.00000000,10.00000000,0.00000000,1.00000000,0.00000000,3.50000000,189.00000000,0.00000000,t,01050000A0110F00000100000001020000800200000000000040E96D5FC1000000A0D5F4524100000000E28F244000000020E46D5FC100000090D3F4524100000000E28F2440
281,STREET,STREET,roads.cga,Start,OrangeStreet,Major Edge,MAJOR,18.00000000,135581.00000000,16.00000000,0.00000000,1.00000000,0.00000000,3.50000000,17.00000000,0.00000000,t,01050000A0110F000001000000010200008002000000000000D09C6C5FC1000000B0BAF5524100000000E1A91840000000009B6C5FC100000030AEF5524100000000E1A91840
282,CROSSING,STREET,roads.cga,Start,ExchangePl,Major Edge,MAJOR,243.00000000,231022.00000000,10.00000000,0.00000000,1.00000000,0.00000000,3.50000000,242.00000000,0.00000000,t,01050000A0110F00000100000001020000800200000000000060F86D5FC100000070BFF4524100000080E7082140000000B0FF6D5FC100000030C3F452410000008043FC1C40
283,CROSSING,STREET,roads.cga,Start,Broadway,Major Edge,MAJOR,260.00000000,-258260.00000000,14.00000000,0.00000000,1.00000000,0.00000000,3.50000000,259.00000000,0.00000000,t,01050000A0110F00000100000001020000800200000000000040006E5FC1000000C043F4524100000000E8CF094000000090FE6D5FC1000000C03AF452410000000080070640
284,STREET,CROSSING,roads.cga,Start,WaterStreet,Major Edge,MAJOR,171.00000000,231022.00000000,16.00000000,0.00000000,1.00000000,0.00000000,3.50000000,170.00000000,0.00000000,t,01050000A0110F000001000000010200008002000000000000F0836D5FC1000000105DF4524100000000FEF10340000000407E6D5FC10000002062F4524100000000F41B0540
285,STREET,STREET,roads.cga,Start,George Street,Major Edge,MAJOR,678.00000000,487402.00000000,12.00000000,0.00000000,1.00000000,0.00000000,3.50000000,677.00000000,0.00000000,t,01050000A0110F000001000000010200008002000000000000000E6D5FC1000000203EF5524100000000EC9B114000000020156D5FC1000000B044F5524100000000CCA31540
286,STREET,STREET,roads.cga,Start,FultonStreet,Major Edge,MAJOR,225.00000000,-258260.00000000,14.00000000,0.00000000,1.00000000,0.00000000,3.50000000,224.00000000,0.00000000,t,01050000A0110F000001000000010200008002000000000000707C6D5FC1000000E043F5524100000000E28F2440000000C0736D5FC1000000003EF5524100000000E28F2440
287,STREET,CROSSING,roads.cga,Start,Broadway,Major Edge,MAJOR,260.00000000,-258260.00000000,14.00000000,0.00000000,1.00000000,0.00000000,3.50000000,259.00000000,0.00000000,t,01050000A0110F00000100000001020000800200000000000010FB6D5FC10000005028F4524100000000FC67004000000040F96D5FC1000000C01EF4524100000000FC670040
288,CROSSING,CROSSING,Landscape_Design_Greenspace/Greenspace Construction.cga,GreenSpace,greenspace,Major Edge,MAJOR,313.00000000,515711.00000000,14.00000000,0.00000000,1.00000000,0.00000000,3.50000000,312.00000000,0.00000000,t,01050000A0110F000001000000010200008002000000000000B04E6D5FC100000060B4F55241000000C0DDE92640000000403E6D5FC1000000A0A9F55241000000C0D9432940
289,CROSSING,STREET,roads.cga,Start,ChrystieStreet,Major Edge,MAJOR,377.00000000,135581.00000000,14.00000000,0.00000000,1.00000000,0.00000000,3.50000000,376.00000000,0.00000000,t,01050000A0110F00000100000001020000800200000000000010186C5FC100000050DCF552410000008071EE2940000000201B6C5FC100000030D2F55241000000C0DB162840
290,STREET,CROSSING,roads.cga,Start,CortlandStreet,Major Edge,MAJOR,163.00000000,-258260.00000000,16.00000000,0.00000000,1.00000000,0.00000000,3.50000000,162.00000000,0.00000000,t,01050000A0110F000001000000010200008002000000000000E0E46D5FC10000009049F5524100000000A025134000000040EC6D5FC1000000A04DF5524100000000C0711040
291,STREET,CROSSING,roads.cga,Start,LibertyStreet,Major Edge,MAJOR,498.00000000,231022.00000000,30.00000000,0.00000000,1.00000000,0.00000000,3.50000000,497.00000000,0.00000000,t,01050000A0110F000001000000010200008002000000000000E03F6D5FC100000020A7F4524100000000FC670040000000503A6D5FC100000070A1F4524100000000FC670040
292,STREET,CROSSING,roads.cga,Start,Stote Lane,Major Edge,MAJOR,535.00000000,-33958.00000000,10.00000000,0.00000000,1.00000000,0.00000000,3.00000000,534.00000000,0.00000000,t,01050000A0110F000001000000010200008002000000000000209B6D5FC1000000D085F4524100000000E8F5134000000080A86D5FC1000000B084F4524100000000EC9B1140
293,STREET,CROSSING,roads.cga,Start,FultonStreet,Major Edge,MAJOR,477.00000000,-258260.00000000,14.00000000,0.00000000,1.00000000,0.00000000,3.50000000,476.00000000,0.00000000,t,01050000A0110F000001000000010200008002000000000000E0116D5FC100000070EAF452410000000054A00E40000000F00A6D5FC1000000E0DEF4524100000000FC4B0740
294,STREET,CROSSING,roads.cga,Start,FultonStreet,Major Edge,MAJOR,324.00000000,-258260.00000000,14.00000000,0.00000000,1.00000000,0.00000000,3.50000000,323.00000000,0.00000000,t,01050000A0110F00000100000001020000800200000000000050386D5FC10000005016F55241000000802F6E1E40000000202C6D5FC1000000C00DF5524100000000DC031B40
295,STREET,CROSSING,roads.cga,Start,Alley,Major Edge,MAJOR,353.00000000,231022.00000000,4.00000000,0.00000000,1.00000000,0.00000000,3.50000000,352.00000000,0.00000000,t,01050000A0110F000001000000010200008002000000000000506F6D5FC1000000A057F4524100000000FC670040000000406A6D5FC1000000205CF4524100000000F87DF23F
296,STREET,CROSSING,piers.cga,Start,Pier,Major Edge,MAJOR,606.00000000,231022.00000000,6.00000000,0.00000000,1.00000000,0.00000000,3.50000000,605.00000000,0.00000000,t,01050000A0110F000001000000010200008002000000000000D0DD6C5FC100000050D9F4524100000000F87DF23F00000020E36C5FC100000020D6F4524100000000F87DF23F
297,STREET,STREET,roads.cga,Start,MulberryStreet,Major Edge,MAJOR,158.00000000,135581.00000000,14.00000000,0.00000000,1.00000000,0.00000000,3.50000000,157.00000000,0.00000000,t,01050000A0110F000001000000010200008002000000000000A0886C5FC100000000EDF55241000000002AAF184000000000886C5FC100000080EFF55241000000003D6B1940
298,STREET,STREET,roads.cga,Start,Rector Street,Major Edge,MAJOR,190.00000000,231022.00000000,6.00000000,0.00000000,1.00000000,0.00000000,3.50000000,189.00000000,0.00000000,t,01050000A0110F00000100000001020000800200000000000080046E5FC1000000E0AEF4524100000000809A1C40000000500B6E5FC100000080A5F4524100000000C6321A40
299,STREET,STREET,roads.cga,Start,George Street,Major Edge,MAJOR,664.00000000,319784.00000000,12.00000000,0.00000000,1.00000000,0.00000000,3.50000000,663.00000000,0.00000000,t,01050000A0110F000001000000010200008002000000000000602B6D5FC1000000D060F55241000000409554234000000030306D5FC1000000B066F5524100000000C2882540
300,CROSSING,STREET,roads.cga,Start,BoweryStreet,Major Edge,MAJOR,340.00000000,135581.00000000,26.00000000,0.00000000,1.00000000,0.00000000,3.50000000,339.00000000,0.00000000,t,01050000A0110F000001000000010200008002000000000000D0AA6C5FC1000000809EF5524100000000E44F164000000060A26C5FC100000000A1F55241000000007E0F1440
301,CROSSING,STREET,roads.cga,Start,WaterStreet,Major Edge,MAJOR,597.00000000,231022.00000000,16.00000000,0.00000000,1.00000000,0.00000000,3.50000000,596.00000000,0.00000000,t,01050000A0110F000001000000010200008002000000000000C01D6D5FC1000000D0BBF45241000000000868F73F00000070136D5FC100000050C4F4524100000000FC670040
302,CROSSING,CROSSING,piers.cga,Start,Pier,Major Edge,MAJOR,606.00000000,231022.00000000,6.00000000,0.00000000,1.00000000,0.00000000,3.50000000,605.00000000,0.00000000,t,01050000A0110F000001000000010200008002000000000000A0B16D5FC10000002033F4524100000000F87DF23F00000000B36D5FC1000000F037F4524100000000F87DF23F
303,STREET,CROSSING,roads.cga,Start,GravelStreet,Major Edge,MAJOR,415.00000000,231022.00000000,10.00000000,0.00000000,1.00000000,0.00000000,3.50000000,414.00000000,0.00000000,t,01050000A0110F000001000000010200008002000000000000502B6E5FC1000000E065F4524100000000266B1040000000E0306E5FC10000005065F4524100000000E0830E40
304,CROSSING,CROSSING,roads.cga,Start,GravelStreet,Major Edge,MAJOR,64.00000000,231022.00000000,8.00000000,0.00000000,1.00000000,0.00000000,3.50000000,63.00000000,0.00000000,t,01050000A0110F00000100000001020000800200000000000000456C5FC10000000029F5524100000000F87DF23F00000050466C5FC1000000D031F5524100000000FC670040
305,STREET,CROSSING,roads.cga,Start,RoseveltStreet,Major Edge,MAJOR,468.00000000,487402.00000000,14.00000000,0.00000000,1.00000000,0.00000000,3.50000000,467.00000000,0.00000000,t,01050000A0110F00000100000001020000800200000000000000816C5FC10000000034F5524100000000E0830E4000000010836C5FC1000000803FF5524100000000E0830E40
306,STREET,CROSSING,roads.cga,Start,Gold Street,Major Edge,MAJOR,230.00000000,487402.00000000,12.00000000,0.00000000,1.00000000,0.00000000,3.50000000,229.00000000,0.00000000,t,01050000A0110F00000100000001020000800200000000000060116D5FC1000000302CF5524100000000E8F5134000000030196D5FC1000000E022F5524100000000E44F1640
307,STREET,STREET,roads.cga,Start,Bayard Street,Major Edge,MAJOR,139.00000000,135581.00000000,8.00000000,0.00000000,1.00000000,0.00000000,3.50000000,138.00000000,0.00000000,t,01050000A0110F000001000000010200008002000000000000D0F36B5FC100000070D1F55241000000C0D943294000000090F16B5FC100000090D0F55241000000C0D9432940
308,DEAD_END,STREET,roads.cga,Start,LudlowStreet,Major Edge,MAJOR,478.00000000,135581.00000000,14.00000000,0.00000000,1.00000000,0.00000000,3.50000000,477.00000000,0.00000000,t,01050000A0110F000001000000010200008002000000000000007E6B5FC1000000A026F65241000000C0DFBC254000000040816B5FC1000000501EF65241000000C0DFBC2540
309,CROSSING,STREET,roads.cga,Start,WaterStreet,Major Edge,MAJOR,665.00000000,231022.00000000,16.00000000,0.00000000,1.00000000,0.00000000,3.50000000,664.00000000,0.00000000,t,01050000A0110F000001000000010200008002000000000000E0E96D5FC10000000024F4524100000000FC67004000000010E06D5FC1000000A027F4524100000000FC670040
310,CROSSING,CROSSING,piers.cga,Start,Pier,Major Edge,MAJOR,606.00000000,231022.00000000,6.00000000,0.00000000,1.00000000,0.00000000,3.50000000,605.00000000,0.00000000,t,01050000A0110F000001000000010200008002000000000000D0E26C5FC1000000D0CCF4524100000000F87DF23F00000020DF6C5FC1000000C0C6F4524100000000F87DF23F
311,CROSSING,STREET,roads.cga,Start,GravelStreet,Major Edge,MAJOR,18.00000000,135581.00000000,6.00000000,0.00000000,1.00000000,0.00000000,3.50000000,17.00000000,0.00000000,t,01050000A0110F000001000000010200008002000000000000D0F36C5FC100000040A3F5524100000080E362234000000090FC6C5FC100000070A0F55241000000C05F852440
312,CROSSING,STREET,piers.cga,Start,Pier,Major Edge,MAJOR,606.00000000,231022.00000000,6.00000000,0.00000000,1.00000000,0.00000000,3.50000000,605.00000000,0.00000000,t,01050000A0110F000001000000010200008002000000000000C09D6D5FC1000000302AF4524100000000F87DF23F000000B0956D5FC1000000A020F4524100000000F87DF23F
313,STREET,STREET,piers.cga,Start,Pier,Major Edge,MAJOR,606.00000000,231022.00000000,6.00000000,0.00000000,1.00000000,0.00000000,3.50000000,605.00000000,0.00000000,t,01050000A0110F00000100000001020000800200000000003072666D5FC10000101658F4524100000000F87DF23F00000050686D5FC10000007056F4524100000000F87DF23F
314,CROSSING,STREET,roads.cga,Start,WallStreet,Major Edge,MAJOR,246.00000000,231022.00000000,18.00000000,0.00000000,1.00000000,0.00000000,3.50000000,245.00000000,0.00000000,t,01050000A0110F000001000000010200008002000000000000D0CB6D5FC1000000D0D2F452410000000070822240000000E0C36D5FC1000000B0CBF4524100000000D3B71F40
315,CROSSING,STREET,roads.cga,Start,WallStreet,Major Edge,MAJOR,246.00000000,231022.00000000,18.00000000,0.00000000,1.00000000,0.00000000,3.50000000,245.00000000,0.00000000,t,01050000A0110F00000100000001020000800200000000000010BD6D5FC100000090C5F4524100000080FF4D1D40000000C0B56D5FC1000000B0BFF4524100000080D54B1D40
316,STREET,CROSSING,roads.cga,Start,William Street,Major Edge,MAJOR,405.00000000,231022.00000000,14.00000000,0.00000000,1.00000000,0.00000000,3.50000000,404.00000000,0.00000000,t,01050000A0110F000001000000010200008002000000000000E07D6D5FC1000000F0D3F4524100000000E1A9184000000090786D5FC100000030DBF4524100000000E8F51340
317,CROSSING,STREET,roads.cga,Start,MulberryStreet,Major Edge,MAJOR,326.00000000,135581.00000000,14.00000000,0.00000000,1.00000000,0.00000000,3.50000000,325.00000000,0.00000000,t,01050000A0110F000001000000010200008002000000000000907F6C5FC10000000008F652410000000083B21D40000000E07A6C5FC10000000012F6524100000000D3B71F40
318,STREET,STREET,roads.cga,Start,MulberryStreet,Major Edge,MAJOR,326.00000000,135581.00000000,14.00000000,0.00000000,1.00000000,0.00000000,3.50000000,325.00000000,0.00000000,t,01050000A0110F000001000000010200008002000000000000E07A6C5FC10000000012F6524100000000D3B71F4000000060756C5FC1000000D01DF6524100000080E7082140
319,CROSSING,STREET,roads.cga,Start,BoweryStreet,Major Edge,MAJOR,340.00000000,135581.00000000,26.00000000,0.00000000,1.00000000,0.00000000,3.50000000,339.00000000,0.00000000,t,01050000A0110F00000100000001020000800200000000000000FB6C5FC10000001089F55241000000C03E16254000000080F46C5FC1000000B08AF552410000008064562440
320,STREET,CROSSING,roads.cga,Start,BroadStreet,Major Edge,MAJOR,501.00000000,231022.00000000,16.00000000,0.00000000,1.00000000,0.00000000,3.50000000,500.00000000,0.00000000,t,01050000A0110F00000100000001020000800200000000000040A96D5FC100000020E2F45241000000408258244000000000A46D5FC1000000C0EAF45241000000404F672340
321,CROSSING,STREET,roads.cga,Start,Alley,Major Edge,MAJOR,476.00000000,247456.00000000,4.00000000,0.00000000,1.00000000,0.00000000,3.50000000,475.00000000,0.00000000,t,01050000A0110F00000100000001020000800200000000000030676D5FC1000000E05EF4524100000000F87DF23F000000305F6D5FC10000003066F4524100000000FC670040
322,STREET,CROSSING,roads.cga,Start,ChambersStreet,Major Edge,MAJOR,528.00000000,-258260.00000000,14.00000000,0.00000000,1.00000000,0.00000000,3.50000000,527.00000000,0.00000000,t,01050000A0110F000001000000010200008002000000000000F09E6D5FC10000009000F6524100000000E44F164000000080936D5FC1000000D0F9F5524100000000E1A91840
323,CROSSING,STREET,roads.cga,Start,WaterStreet,Major Edge,MAJOR,151.00000000,417195.00000000,6.00000000,0.00000000,1.00000000,0.00000000,3.50000000,150.00000000,0.00000000,t,01050000A0110F00000100000001020000800200000000000000606C5FC1000000101EF5524100000000F87DF23F000000B0656C5FC1000000E01CF5524100000000F41B0540
324,CROSSING,STREET,roads.cga,Start,GravelStreet,Major Edge,MAJOR,18.00000000,135581.00000000,10.00000000,0.00000000,1.00000000,0.00000000,3.50000000,17.00000000,0.00000000,t,01050000A0110F000001000000010200008002000000000000E0DA6C5FC10000001091F5524100000040D4E52040000000E0DF6C5FC1000000509EF5524100000080E7082140
325,CROSSING,STREET,roads.cga,Start,ElizabethStreet,Major Edge,MAJOR,130.00000000,135581.00000000,14.00000000,0.00000000,1.00000000,0.00000000,3.50000000,129.00000000,0.00000000,t,01050000A0110F000001000000010200008002000000000000F0526C5FC1000000A0F3F55241000000C0DFBC2540000000704E6C5FC100000040FDF552410000004025152640
326,STREET,CROSSING,roads.cga,Start,Jacob Street,Major Edge,MAJOR,396.00000000,487402.00000000,16.00000000,0.00000000,1.00000000,0.00000000,3.50000000,395.00000000,0.00000000,t,01050000A0110F000001000000010200008002000000000000A0EA6C5FC1000000E02EF55241000000003DA5124000000000F66C5FC10000008024F5524100000000E8F51340
327,STREET,STREET,roads.cga,Start,BoweryStreet,Major Edge,MAJOR,78.00000000,135581.00000000,28.00000000,0.00000000,1.00000000,0.00000000,3.50000000,77.00000000,0.00000000,t,01050000A0110F000001000000010200008002000000000000E00A6C5FC1000000504FF6524100000000C8482540000000C0066C5FC10000008059F6524100000000E28F2440
328,CROSSING,CROSSING,piers.cga,Start,Pier,Major Edge,MAJOR,606.00000000,231022.00000000,6.00000000,0.00000000,1.00000000,0.00000000,3.50000000,605.00000000,0.00000000,t,01050000A0110F000001000000010200008002000000000000D06C6D5FC1000000C04BF4524100000000F87DF23F000000C0706D5FC10000007048F4524100000000F87DF23F
329,STREET,CROSSING,roads.cga,Start,Broadway,Major Edge,MAJOR,260.00000000,-258260.00000000,24.00000000,0.00000000,1.00000000,0.00000000,3.50000000,259.00000000,-2.00000000,t,01050000A0110F000001000000010200008002000000000000A03C6D5FC1000000B0D0F5524100000000E28F244000000000436D5FC1000000A0C6F5524100000000E28F2440
330,STREET,CROSSING,roads.cga,Start,BoweryStreet,Major Edge,MAJOR,340.00000000,135581.00000000,26.00000000,0.00000000,1.00000000,0.00000000,3.50000000,339.00000000,0.00000000,t,01050000A0110F00000100000001020000800200000000000050E36C5FC1000000008FF55241000000407FDD2140000000E0DA6C5FC10000001091F5524100000040D4E52040
331,STREET,STREET,piers.cga,Start,Pier,Major Edge,MAJOR,606.00000000,231022.00000000,6.00000000,0.00000000,1.00000000,0.00000000,3.50000000,605.00000000,0.00000000,t,01050000A0110F000001000000010200008002000000000000D0146E5FC10000002005F4524100000000F87DF23F000000D0166E5FC10000000005F4524100000000F87DF23F
332,STREET,CROSSING,roads.cga,Start,Broadway,Major Edge,MAJOR,260.00000000,-258260.00000000,32.00000000,0.00000000,1.00000000,0.00000000,3.50000000,259.00000000,-2.00000000,t,01050000A0110F00000100000001020000800200000000000050A26D5FC1000000D031F5524100000080E3622340000000D0A76D5FC10000001028F5524100000080E5352240
333,STREET,STREET,roads.cga,Start,MulberryStreet,Major Edge,MAJOR,158.00000000,135581.00000000,14.00000000,0.00000000,1.00000000,0.00000000,3.50000000,157.00000000,0.00000000,t,01050000A0110F000001000000010200008002000000000000D0886C5FC100000090EAF5524100000000E1A91840000000A0886C5FC100000000EDF55241000000002AAF1840
334,CROSSING,CROSSING,roads.cga,Start,GravelStreet,Major Edge,MAJOR,606.00000000,231022.00000000,6.00000000,0.00000000,1.00000000,0.00000000,3.50000000,605.00000000,0.00000000,t,01050000A0110F000001000000010200008002000000000000B0F26D5FC10000003051F5524100000000E0830E4000000060F66D5FC10000004047F5524100000000E0830E40
335,CROSSING,STREET,roads.cga,Start,BroadStreet,Major Edge,MAJOR,383.00000000,331727.00000000,28.00000000,0.00000000,1.00000000,0.00000000,3.50000000,382.00000000,0.00000000,t,01050000A0110F000001000000010200008002000000000000D0D46D5FC1000000303EF4524100000000A8A2F73F000000E0D36D5FC10000006035F45241000000000868F73F
336,CROSSING,CROSSING,roads.cga,Start,WaterStreet,Major Edge,MAJOR,135.00000000,417195.00000000,6.00000000,0.00000000,1.00000000,0.00000000,3.50000000,134.00000000,0.00000000,t,01050000A0110F0000010000000102000080020000000000E82EB66C5FC100004060FEF4524100000000A6B6074000001CFEB26C5FC10000E08CFAF4524100000000420E0140
337,CROSSING,STREET,roads.cga,Start,WaterStreet,Major Edge,MAJOR,357.00000000,417195.00000000,6.00000000,0.00000000,1.00000000,0.00000000,3.50000000,356.00000000,0.00000000,t,01050000A0110F000001000000010200008002000000000000C0CD6C5FC1000000E0EBF4524100000000F87DF23F000000F0D16C5FC100000020E9F4524100000000FC670040
338,STREET,CROSSING,roads.cga,Start,Broadway,Major Edge,MAJOR,260.00000000,-258260.00000000,24.00000000,0.00000000,1.00000000,0.00000000,3.50000000,259.00000000,-2.00000000,t,01050000A0110F000001000000010200008002000000000000B0246D5FC1000000C0F6F5524100000080E535224000000060296D5FC100000050EFF5524100000080E5352240
339,CROSSING,STREET,roads.cga,Start,CherryStreet,Major Edge,MAJOR,666.00000000,487402.00000000,14.00000000,0.00000000,1.00000000,0.00000000,3.50000000,665.00000000,0.00000000,t,01050000A0110F000001000000010200008002000000000000108C6C5FC10000002026F5524100000000E0830E40000000B0856C5FC10000000027F55241000000004EEB0D40
340,STREET,STREET,roads.cga,Start,CortlandStreet,Major Edge,MAJOR,332.00000000,-258260.00000000,10.00000000,0.00000000,1.00000000,0.00000000,3.50000000,331.00000000,0.00000000,t,01050000A0110F00000100000001020000800200000000000080676D5FC100000090D3F4524100000000E0830E40000000806A6D5FC100000090DAF45241000000008EEC0E40
341,CROSSING,STREET,roads.cga,Start,Gold Street,Major Edge,MAJOR,265.00000000,487402.00000000,12.00000000,0.00000000,1.00000000,0.00000000,3.50000000,264.00000000,0.00000000,t,01050000A0110F00000100000001020000800200000000000000076D5FC10000004038F5524100000000DA2A1040000000A0FD6C5FC1000000C042F5524100000000E0830E40
342,CROSSING,STREET,roads.cga,Start,GreenwichStreet,Major Edge,MAJOR,93.00000000,515711.00000000,18.00000000,0.00000000,1.00000000,0.00000000,3.50000000,92.00000000,0.00000000,t,01050000A0110F00000100000001020000800200000000000050E56D5FC10000000068F5524100000000E8F5134000000000E76D5FC10000001062F552410000000004DB1340
343,CROSSING,STREET,roads.cga,Start,George Street,Major Edge,MAJOR,678.00000000,487402.00000000,12.00000000,0.00000000,1.00000000,0.00000000,3.50000000,677.00000000,0.00000000,t,01050000A0110F00000100000001020000800200000000000000076D5FC10000004038F5524100000000DA2A1040000000000E6D5FC1000000203EF5524100000000EC9B1140
344,STREET,CROSSING,roads.cga,Start,BarclayStreet,Major Edge,MAJOR,509.00000000,-258260.00000000,14.00000000,0.00000000,1.00000000,0.00000000,3.50000000,508.00000000,0.00000000,t,01050000A0110F00000100000001020000800200000000000090BB6D5FC1000000A0A3F55241000000001485144000000030C56D5FC100000040A9F5524100000000EC9B1140
345,CROSSING,CROSSING,piers.cga,Start,Pier,Major Edge,MAJOR,606.00000000,231022.00000000,8.00000000,0.00000000,1.00000000,0.00000000,3.50000000,605.00000000,0.00000000,t,01050000A0110F00000100000001020000800200000000000070DC6D5FC10000001098F5524100000000F87DF23F00000060EA6D5FC100000090A0F5524100000000F87DF23F
346,STREET,STREET,roads.cga,Start,Alley,Major Edge,MAJOR,645.00000000,417195.00000000,12.00000000,0.00000000,1.00000000,0.00000000,3.50000000,644.00000000,0.00000000,t,01050000A0110F00000100000001020000800200000000000040986C5FC10000007067F5524100000000E8F5134000000050976C5FC1000000605EF5524100000000E8F51340
347,CROSSING,CROSSING,piers.cga,Start,Pier,Major Edge,MAJOR,606.00000000,231022.00000000,6.00000000,0.00000000,1.00000000,0.00000000,3.50000000,605.00000000,0.00000000,t,01050000A0110F000001000000010200008002000000000000F05B6D5FC10000002062F4524100000000F87DF23F000000F0546D5FC10000007068F4524100000000F87DF23F
348,STREET,STREET,roads.cga,Start,CortlandStreet,Major Edge,MAJOR,696.00000000,-258260.00000000,16.00000000,0.00000000,1.00000000,0.00000000,3.50000000,695.00000000,0.00000000,t,01050000A0110F000001000000010200008002000000000000909B6D5FC1000000E01FF55241000000003F512140000000F09F6D5FC10000000023F5524100000080E5352240
349,CROSSING,STREET,roads.cga,Start,PearlStreet,Major Edge,MAJOR,532.00000000,-365802.00000000,12.00000000,0.00000000,1.00000000,0.00000000,3.50000000,531.00000000,0.00000000,t,01050000A0110F00000100000001020000800200000000000050F06D5FC1000000F035F45241000000006AE8004000000030E56D5FC10000005039F4524100000000FC670040
350,STREET,CROSSING,roads.cga,Start,LibertyStreet,Major Edge,MAJOR,316.00000000,231022.00000000,12.00000000,0.00000000,1.00000000,0.00000000,3.50000000,315.00000000,0.00000000,t,01050000A0110F00000100000001020000800200000000000070D26D5FC1000000C020F5524100000080D85D1D40000000D0D76D5FC10000002024F5524100000000DC031B40
351,STREET,STREET,roads.cga,Start,DivisionStreet,Major Edge,MAJOR,621.00000000,135581.00000000,12.00000000,0.00000000,1.00000000,0.00000000,3.50000000,620.00000000,0.00000000,t,01050000A0110F00000100000001020000800200000000000060B36B5FC1000000F0D1F5524100000000790B2740000000909E6B5FC100000030D4F55241000000C0DDE92640
352,CROSSING,CROSSING,roads.cga,Start,GravelStreet,Major Edge,MAJOR,532.00000000,-365802.00000000,6.00000000,0.00000000,1.00000000,0.00000000,3.50000000,531.00000000,0.00000000,t,01050000A0110F000001000000010200008002000000000000D00E6E5FC1000000D02FF4524100000000F41B054000000010176E5FC1000000802EF4524100000000F41B0540
353,STREET,DEAD_END,piers.cga,Start,Pier,Major Edge,MAJOR,606.00000000,231022.00000000,6.00000000,0.00000000,1.00000000,0.00000000,3.50000000,605.00000000,0.00000000,t,01050000A0110F000001000000010200008002000000000000D0A66C5FC1000000B0F4F4524100000000F87DF23F000000B0A66C5FC100000070F4F4524100000000F87DF23F
354,CROSSING,STREET,roads.cga,Start,Oliver Street,Major Edge,MAJOR,297.00000000,417195.00000000,12.00000000,0.00000000,1.00000000,0.00000000,3.50000000,296.00000000,0.00000000,t,01050000A0110F000001000000010200008002000000000000004F6C5FC1000000E05AF5524100000000E8CF094000000090516C5FC1000000B068F5524100000000EC9B1140
355,STREET,STREET,roads.cga,Start,BoweryStreet,Major Edge,MAJOR,340.00000000,135581.00000000,26.00000000,0.00000000,1.00000000,0.00000000,3.50000000,339.00000000,0.00000000,t,01050000A0110F00000100000001020000800200000000000020C56C5FC10000002097F5524100000000F2551B40000000F0B86C5FC1000000909AF5524100000000E1A91840
356,CROSSING,STREET,roads.cga,Start,EldrldgStreet,Major Edge,MAJOR,31.00000000,135581.00000000,14.00000000,0.00000000,1.00000000,0.00000000,3.50000000,30.00000000,0.00000000,t,01050000A0110F00000100000001020000800200000000000010E96B5FC1000000D0CCF55241000000C0DB16284000000060E56B5FC1000000F0D6F55241000000C0DB162840
357,CROSSING,STREET,roads.cga,Start,LumberStreet,Major Edge,MAJOR,428.00000000,-258260.00000000,18.00000000,0.00000000,1.00000000,0.00000000,3.50000000,427.00000000,0.00000000,t,01050000A0110F000001000000010200008002000000000000C0AC6D5FC1000000C07BF552410000000067041E4000000030A66D5FC1000000B087F5524100000080D85D1D40
358,CROSSING,STREET,piers.cga,Start,Pier,Major Edge,MAJOR,606.00000000,231022.00000000,6.00000000,0.00000000,1.00000000,0.00000000,3.50000000,605.00000000,0.00000000,t,01050000A0110F00000100000001020000800200000000000010EB6D5FC1000000706BF5524100000000F87DF23F000000E0006E5FC1000000A077F5524100000000F87DF23F
359,CROSSING,STREET,roads.cga,Start,BoweryStreet,Major Edge,MAJOR,340.00000000,135581.00000000,26.00000000,0.00000000,1.00000000,0.00000000,3.50000000,339.00000000,0.00000000,t,01050000A0110F000001000000010200008002000000000000E0DA6C5FC10000001091F5524100000040D4E5204000000070D16C5FC1000000B093F5524100000000795D1F40
360,STREET,STREET,roads.cga,Start,CortlandStreet,Major Edge,MAJOR,430.00000000,-258260.00000000,16.00000000,0.00000000,1.00000000,0.00000000,3.50000000,429.00000000,0.00000000,t,01050000A0110F000001000000010200008002000000000000507E6D5FC100000090F9F4524100000000E1A91840000000F0846D5FC10000007003F55241000000006E971B40
361,CROSSING,CROSSING,piers.cga,Start,Pier,Major Edge,MAJOR,606.00000000,231022.00000000,8.00000000,0.00000000,1.00000000,0.00000000,3.50000000,605.00000000,0.00000000,t,01050000A0110F00000100000001020000800200000000000070C56C5FC1000000F0ECF4524100000000F87DF23F00000020C36C5FC100000010EAF4524100000000F87DF23F
362,STREET,STREET,roads.cga,Start,Alley,Major Edge,MAJOR,645.00000000,417195.00000000,12.00000000,0.00000000,1.00000000,0.00000000,3.50000000,644.00000000,0.00000000,t,01050000A0110F000001000000010200008002000000000000B0F96D5FC100000080B3F4524100000080E7082140000000B0FF6D5FC100000020ABF45241000000800CA41F40
363,CROSSING,CROSSING,roads.cga,Start,GravelStreet,Major Edge,MAJOR,606.00000000,231022.00000000,6.00000000,0.00000000,1.00000000,0.00000000,3.50000000,605.00000000,0.00000000,t,01050000A0110F00000100000001020000800200000000000010356E5FC10000004052F4524100000000F87DF23F00000050386E5FC1000000D05AF4524100000000F87DF23F
364,STREET,DEAD_END,piers.cga,Start,Pier,Major Edge,MAJOR,606.00000000,231022.00000000,6.00000000,0.00000000,1.00000000,0.00000000,3.50000000,605.00000000,0.00000000,t,01050000A0110F00000100000001020000800200000000000060136D5FC1000000D090F4524100000000F87DF23F00009033136D5FC1000060A090F4524100000000F87DF23F
365,STREET,DEAD_END,piers.cga,Start,Pier,Major Edge,MAJOR,606.00000000,231022.00000000,8.00000000,0.00000000,1.00000000,0.00000000,3.50000000,605.00000000,0.00000000,t,01050000A0110F00000100000001020000800200000000000050786D5FC1000000403DF4524100000000F87DF23F00000020786D5FC1000000003DF4524100000000F87DF23F
366,CROSSING,STREET,roads.cga,Start,Frankfort Street,Major Edge,MAJOR,399.00000000,487402.00000000,16.00000000,0.00000000,1.00000000,0.00000000,3.50000000,398.00000000,0.00000000,t,01050000A0110F00000100000001020000800200000000000030E96C5FC1000000F045F5524100000000E0830E4000000040EE6C5FC1000000804AF5524100000000E0830E40
367,STREET,CROSSING,roads.cga,Start,George Street,Major Edge,MAJOR,678.00000000,487402.00000000,12.00000000,0.00000000,1.00000000,0.00000000,3.50000000,677.00000000,0.00000000,t,01050000A0110F000001000000010200008002000000000000201B6D5FC1000000204CF55241000000006E08194000000020206D5FC10000000053F5524100000080BBE21C40
368,STREET,CROSSING,roads.cga,Start,WaterStreet,Major Edge,MAJOR,319.00000000,231022.00000000,16.00000000,0.00000000,1.00000000,0.00000000,3.50000000,318.00000000,0.00000000,t,01050000A0110F000001000000010200008002000000000000E0BE6D5FC1000000C033F4524100000000FC670040000000A0B76D5FC10000005036F4524100000000FC670040
369,STREET,CROSSING,piers.cga,Start,Pier,Major Edge,MAJOR,606.00000000,231022.00000000,6.00000000,0.00000000,1.00000000,0.00000000,3.50000000,605.00000000,0.00000000,t,01050000A0110F000001000000010200008002000000000000403C6E5FC1000000D05AF4524100000000F87DF23F00000050386E5FC1000000D05AF4524100000000F87DF23F
370,DEAD_END,CROSSING,roads.cga,Start,GreenwichStreet,Major Edge,MAJOR,93.00000000,515711.00000000,18.00000000,0.00000000,1.00000000,0.00000000,3.50000000,92.00000000,0.00000000,t,01050000A0110F000001000000010200008002000000000000D0BC6D5FC10000004033F6524100000000E0830E4000000020BE6D5FC1000000302CF6524100000000E0830E40
371,CROSSING,STREET,piers.cga,Start,Pier,Major Edge,MAJOR,606.00000000,231022.00000000,6.00000000,0.00000000,1.00000000,0.00000000,3.50000000,605.00000000,0.00000000,t,01050000A0110F000001000000010200008002000000000000506A6C5FC10000003019F5524100000000F87DF23F000000A0696C5FC1000000D015F5524100000000F87DF23F
372,CROSSING,STREET,roads.cga,Start,Frankfort Street,Major Edge,MAJOR,295.00000000,487402.00000000,16.00000000,0.00000000,1.00000000,0.00000000,3.50000000,294.00000000,0.00000000,t,01050000A0110F000001000000010200008002000000000000F0FE6C5FC1000000F058F552410000000044D0144000000080066D5FC1000000305FF55241000000004DF51940
373,CROSSING,CROSSING,roads.cga,Start,WaterStreet,Major Edge,MAJOR,19.00000000,417195.00000000,6.00000000,0.00000000,1.00000000,0.00000000,3.50000000,18.00000000,0.00000000,t,01050000A0110F00000100000001020000800200000000000000946C5FC10000002013F5524100000000F87DF23F00000040A16C5FC1000000600DF5524100000000E0830E40
374,STREET,STREET,roads.cga,Start,Oliver Street,Major Edge,MAJOR,297.00000000,417195.00000000,12.00000000,0.00000000,1.00000000,0.00000000,3.50000000,296.00000000,0.00000000,t,01050000A0110F00000100000001020000800200000000000090516C5FC1000000B068F5524100000000EC9B1140000000F0526C5FC10000001070F5524100000000EC9B1140
375,CROSSING,CROSSING,piers.cga,Start,Pier,Major Edge,MAJOR,606.00000000,231022.00000000,8.00000000,0.00000000,1.00000000,0.00000000,3.50000000,605.00000000,0.00000000,t,01050000A0110F000001000000010200008002000000000000705D6C5FC10000006028F5524100000000F87DF23F000000605E6C5FC1000000F02CF5524100000000F87DF23F
376,STREET,STREET,roads.cga,Start,Trinity PL / Lumber Street,Major Edge,MAJOR,133.00000000,231022.00000000,12.00000000,0.00000000,1.00000000,0.00000000,3.50000000,132.00000000,0.00000000,t,01050000A0110F000001000000010200008002000000000000C0F46D5FC100000060E9F45241000000006A5E1C40000000E0F76D5FC100000000E3F45241000000005A2A1B40
377,CROSSING,STREET,roads.cga,Start,GravelStreet,Major Edge,MAJOR,170.00000000,231022.00000000,3.00000000,0.00000000,1.00000000,0.00000000,3.50000000,169.00000000,0.00000000,t,01050000A0110F000001000000010200008002000000000000E0D46D5FC10000002047F4524100000000FC67004000000010C66D5FC1000000D04BF4524100000000FC670040
378,CROSSING,STREET,roads.cga,Start,PearlStreet,Major Edge,MAJOR,532.00000000,-365802.00000000,12.00000000,0.00000000,1.00000000,0.00000000,3.50000000,531.00000000,0.00000000,t,01050000A0110F00000100000001020000800200000000000050B56D5FC1000000704CF4524100000000F41B054000000000AE6D5FC1000000B053F4524100000000F41B0540
379,STREET,STREET,roads.cga,Start,CortlandStreet,Major Edge,MAJOR,696.00000000,-258260.00000000,16.00000000,0.00000000,1.00000000,0.00000000,3.50000000,695.00000000,0.00000000,t,01050000A0110F00000100000001020000800200000000000040906D5FC1000000D013F5524100000000D3B71F40000000E0936D5FC10000008018F55241000000C0C2002040
380,CROSSING,STREET,roads.cga,Start,MadisonStreet,Major Edge,MAJOR,258.00000000,417195.00000000,14.00000000,0.00000000,1.00000000,0.00000000,3.50000000,257.00000000,0.00000000,t,01050000A0110F00000100000001020000800200000000000060546C5FC1000000B077F5524100000000B425134000000070606C5FC10000002076F5524100000000EC9B1140
381,STREET,STREET,roads.cga,Start,BridgeStreet,Major Edge,MAJOR,64.00000000,231022.00000000,18.00000000,0.00000000,1.00000000,0.00000000,3.50000000,63.00000000,0.00000000,t,01050000A0110F000001000000010200008002000000000000C0176E5FC1000000D0C4F4524100000000E0830E40000000101B6E5FC1000000C0BAF4524100000000E0830E40
382,STREET,CROSSING,roads.cga,Start,GravelStreet,Major Edge,MAJOR,63.00000000,-33958.00000000,12.00000000,0.00000000,1.00000000,0.00000000,3.50000000,62.00000000,0.00000000,t,01050000A0110F000001000000010200008002000000000000C0936D5FC1000000905DF4524100000000F41B0540000000B08C6D5FC10000006055F45241000000002E690040
383,STREET,CROSSING,roads.cga,Start,WarrenStreet,Major Edge,MAJOR,313.00000000,515711.00000000,14.00000000,0.00000000,1.00000000,0.00000000,3.50000000,312.00000000,0.00000000,t,01050000A0110F00000100000001020000800200000000000050BE6D5FC1000000C0F6F552410000000076731040000000B0C86D5FC1000000E0FCF55241000000004C260E40
384,CROSSING,STREET,roads.cga,Start,CanalStreet,Major Edge,MAJOR,34.00000000,135581.00000000,16.00000000,0.00000000,1.00000000,0.00000000,3.50000000,33.00000000,0.00000000,t,01050000A0110F00000100000001020000800200000000000090086C5FC10000009006F65241000000203864304000000030156C5FC1000000500CF652410000004049C72E40
385,STREET,STREET,piers.cga,Start,Pier,Major Edge,MAJOR,606.00000000,231022.00000000,6.00000000,0.00000000,1.00000000,0.00000000,3.50000000,605.00000000,0.00000000,t,01050000A0110F000001000000010200008002000000000000803B6D5FC10000002068F4524100000000F87DF23F00000040416D5FC10000000063F4524100000000F87DF23F
386,STREET,CROSSING,roads.cga,Start,StoneStreet,Major Edge,MAJOR,180.00000000,231022.00000000,10.00000000,0.00000000,1.00000000,0.00000000,3.50000000,179.00000000,0.00000000,t,01050000A0110F000001000000010200008002000000000000E0AF6D5FC10000003062F4524100000000E8CF094000000060AB6D5FC1000000C066F4524100000000E8CF0940
387,CROSSING,CROSSING,roads.cga,Start,gravel,Major Edge,MAJOR,645.00000000,417195.00000000,12.00000000,0.00000000,1.00000000,0.00000000,3.50000000,644.00000000,0.00000000,t,01050000A0110F000001000000010200008002000000000000D0256E5FC10000006066F4524100000000EC9B1140000000001E6E5FC10000004058F4524100000000E0830E40
388,STREET,DEAD_END,roads.cga,Start,BoweryStreet,Major Edge,MAJOR,78.00000000,135581.00000000,28.00000000,0.00000000,1.00000000,0.00000000,3.50000000,77.00000000,0.00000000,t,01050000A0110F000001000000010200008002000000000000C0066C5FC10000008059F6524100000000E28F2440000000E0016C5FC10000007065F6524100000000E28F2440
389,STREET,STREET,piers.cga,Start,Pier,Major Edge,MAJOR,606.00000000,231022.00000000,6.00000000,0.00000000,1.00000000,0.00000000,3.50000000,605.00000000,0.00000000,t,01050000A0110F000001000000010200008002000000000000A0416E5FC10000005053F4524100000000F87DF23F000000403C6E5FC1000000D05AF4524100000000F87DF23F
390,STREET,CROSSING,roads.cga,Start,Pier,Major Edge,MAJOR,606.00000000,231022.00000000,10.00000000,0.00000000,1.00000000,0.00000000,3.50000000,605.00000000,0.00000000,t,01050000A0110F000001000000010200008002000000000000309C6D5FC1000000703AF4524100000000FC67004000000050A46D5FC10000004042F4524100000000FC670040
391,CROSSING,STREET,piers.cga,Start,Pier,Major Edge,MAJOR,606.00000000,231022.00000000,10.00000000,0.00000000,1.00000000,0.00000000,3.50000000,605.00000000,0.00000000,t,01050000A0110F000001000000010200008002000000000000E09F6C5FC1000000200AF5524100000000F87DF23F000000E0996C5FC1000000D0FAF4524100000000F87DF23F
392,CROSSING,CROSSING,piers.cga,Start,Pier,Major Edge,MAJOR,606.00000000,231022.00000000,6.00000000,0.00000000,1.00000000,0.00000000,3.50000000,605.00000000,0.00000000,t,01050000A0110F00000100000001020000800200000000000040936D5FC1000000F031F4524100000000F87DF23F000000C09D6D5FC1000000302AF4524100000000F87DF23F
393,STREET,CROSSING,roads.cga,Start,Alley,Major Edge,MAJOR,645.00000000,417195.00000000,12.00000000,0.00000000,1.00000000,0.00000000,3.50000000,644.00000000,0.00000000,t,01050000A0110F00000100000001020000800200000000000020056E5FC100000080A3F4524100000080C6721D40000000400B6E5FC1000000F09AF4524100000000DC031B40
394,STREET,CROSSING,roads.cga,Start,Mill Lane,Major Edge,MAJOR,548.00000000,231022.00000000,10.00000000,0.00000000,1.00000000,0.00000000,3.50000000,547.00000000,0.00000000,t,01050000A0110F00000100000001020000800200000000000060CE6D5FC1000000505DF45241000000007C8E0040000000B0D46D5FC1000000A05BF45241000000001AAE0040
395,STREET,STREET,roads.cga,Start,MurrayStreet,Major Edge,MAJOR,559.00000000,515711.00000000,12.00000000,0.00000000,1.00000000,0.00000000,3.50000000,558.00000000,0.00000000,t,01050000A0110F00000100000001020000800200000000000010B56D5FC100000030D5F5524100000000C8A1134000000090BD6D5FC1000000D0D9F5524100000000E0830E40
396,STREET,DEAD_END,roads.cga,Start,CherryStreet,Major Edge,MAJOR,561.00000000,417195.00000000,14.00000000,0.00000000,1.00000000,0.00000000,3.50000000,560.00000000,0.00000000,t,01050000A0110F000001000000010200008002000000000000C03C6C5FC1000000F033F5524100000000FC67004000000070306C5FC1000000A036F5524100000000BCC60040
397,STREET,CROSSING,roads.cga,Start,MadisonStreet,Major Edge,MAJOR,258.00000000,417195.00000000,14.00000000,0.00000000,1.00000000,0.00000000,3.50000000,257.00000000,0.00000000,t,01050000A0110F00000100000001020000800200000000000070606C5FC10000002076F5524100000000EC9B1140000000B06D6C5FC10000006074F5524100000000EC9B1140
398,STREET,STREET,roads.cga,Start,ReadeStreet,Major Edge,MAJOR,144.00000000,-258260.00000000,14.00000000,0.00000000,1.00000000,0.00000000,3.50000000,143.00000000,0.00000000,t,01050000A0110F00000100000001020000800200000000000050956D5FC10000006014F65241000000007F4F164000000090A26D5FC1000000101CF6524100000000EC9B1140
399,STREET,CROSSING,roads.cga,Start,LumberStreet,Major Edge,MAJOR,141.00000000,-258260.00000000,18.00000000,0.00000000,1.00000000,0.00000000,3.50000000,140.00000000,0.00000000,t,01050000A0110F000001000000010200008002000000000000F0996D5FC1000000609DF55241000000806534204000000060946D5FC1000000F0A6F5524100000080E7082140
400,CROSSING,CROSSING,roads.cga,Start,BroadStreet,Major Edge,MAJOR,252.00000000,231022.00000000,16.00000000,0.00000000,1.00000000,0.00000000,3.50000000,251.00000000,0.00000000,t,01050000A0110F00000100000001020000800200000000000000D36D5FC1000000802CF4524100000000DC89FB3F00000060D06D5FC10000001021F4524100000000F87DF23F
401,STREET,CROSSING,roads.cga,Start,BoweryStreet,Major Edge,MAJOR,340.00000000,135581.00000000,26.00000000,0.00000000,1.00000000,0.00000000,3.50000000,339.00000000,0.00000000,t,01050000A0110F00000100000001020000800200000000000060A26C5FC100000000A1F55241000000007E0F144000000080996C5FC1000000B0A3F5524100000000E44F1640
402,STREET,CROSSING,roads.cga,Start,MottStreet,Major Edge,MAJOR,663.00000000,135581.00000000,12.00000000,0.00000000,1.00000000,0.00000000,3.50000000,662.00000000,0.00000000,t,01050000A0110F000001000000010200008002000000000000906D6C5FC100000060F2F55241000000C0B4472240000000B0686C5FC1000000A0FDF55241000000002DFD2240
403,CROSSING,CROSSING,roads.cga,Start,ChambersStreet,Major Edge,MAJOR,528.00000000,-258260.00000000,14.00000000,0.00000000,1.00000000,0.00000000,3.50000000,527.00000000,0.00000000,t,01050000A0110F000001000000010200008002000000000000C0326D5FC1000000E0BCF55241000000C0DFBC254000000030256D5FC1000000C0B4F55241000000C0DDE92640
404,STREET,STREET,roads.cga,Start,ForsythStreet,Major Edge,MAJOR,376.00000000,135581.00000000,14.00000000,0.00000000,1.00000000,0.00000000,3.50000000,375.00000000,0.00000000,t,01050000A0110F00000100000001020000800200000000000090F76B5FC1000000A0F1F552410000004060B62B4000000040FB6B5FC1000000C0E7F55241000000C0371B2B40
405,STREET,STREET,roads.cga,Start,Vesey Street,Major Edge,MAJOR,371.00000000,-258260.00000000,16.00000000,0.00000000,1.00000000,0.00000000,3.50000000,370.00000000,0.00000000,t,01050000A0110F00000100000001020000800200000000000060C66D5FC1000000F08AF5524100000000BC45144000000090BF6D5FC1000000F086F5524100000000FB6A1740
406,STREET,STREET,roads.cga,Start,Prince Street,Major Edge,MAJOR,583.00000000,417195.00000000,12.00000000,0.00000000,1.00000000,0.00000000,3.50000000,582.00000000,0.00000000,t,01050000A0110F000001000000010200008002000000000000E0BF6C5FC1000000E06FF5524100000000FC061B40000000C0CB6C5FC1000000F06DF5524100000080D85D1D40
407,CROSSING,STREET,roads.cga,Start,PineStreet,Major Edge,MAJOR,261.00000000,231022.00000000,12.00000000,0.00000000,1.00000000,0.00000000,3.50000000,260.00000000,0.00000000,t,01050000A0110F000001000000010200008002000000000000D0616D5FC1000000809DF452410000000072D50840000000206D6D5FC100000020A6F4524100000000E0830E40
408,CROSSING,CROSSING,roads.cga,Start,FultonStreet,Major Edge,MAJOR,477.00000000,-258260.00000000,14.00000000,0.00000000,1.00000000,0.00000000,3.50000000,476.00000000,0.00000000,t,01050000A0110F000001000000010200008002000000000000D0036D5FC100000060D1F4524100000000FC670040000000F00A6D5FC1000000E0DEF4524100000000FC4B0740
409,STREET,STREET,roads.cga,Start,Gold Street,Major Edge,MAJOR,409.00000000,-258260.00000000,12.00000000,0.00000000,1.00000000,0.00000000,3.50000000,408.00000000,0.00000000,t,01050000A0110F000001000000010200008002000000000000805B6D5FC100000020CFF4524100000000E8CF094000000030576D5FC100000010D5F4524100000000F07C0E40
410,STREET,CROSSING,roads.cga,Start,Orange Street,Major Edge,MAJOR,18.00000000,135581.00000000,12.00000000,0.00000000,1.00000000,0.00000000,3.50000000,17.00000000,0.00000000,t,01050000A0110F000001000000010200008002000000000000A0926C5FC1000000F0D1F5524100000000E1A9184000000000A06C5FC1000000D0D0F5524100000000D96D1740
411,STREET,CROSSING,piers.cga,Start,Pier,Major Edge,MAJOR,606.00000000,231022.00000000,6.00000000,0.00000000,1.00000000,0.00000000,3.50000000,605.00000000,0.00000000,t,01050000A0110F000001000000010200008002000000000000501A6E5FC10000002020F4524100000000F87DF23F000000801E6E5FC1000000502DF4524100000000F87DF23F
412,STREET,STREET,roads.cga,Start,BarclayStreet,Major Edge,MAJOR,620.00000000,-258260.00000000,14.00000000,0.00000000,1.00000000,0.00000000,3.50000000,619.00000000,0.00000000,t,01050000A0110F000001000000010200008002000000000000008A6D5FC1000000E085F5524100000080E5352240000000F0946D5FC1000000B08CF55241000000C03DF62040
413,STREET,STREET,roads.cga,Start,Pell Street,Major Edge,MAJOR,355.00000000,135581.00000000,12.00000000,0.00000000,1.00000000,0.00000000,3.50000000,354.00000000,0.00000000,t,01050000A0110F000001000000010200008002000000000000904E6C5FC100000080DCF55241000000C0DB162840000000B05A6C5FC100000010E0F55241000000C0DDE92640
414,CROSSING,CROSSING,roads.cga,Start,GreenwichStreet,Major Edge,MAJOR,93.00000000,515711.00000000,18.00000000,0.00000000,1.00000000,0.00000000,3.50000000,92.00000000,0.00000000,t,01050000A0110F000001000000010200008002000000000000A0EE6D5FC10000003043F5524100000000EC9B1140000000F0F16D5FC1000000E034F55241000000000E1A1040
415,CROSSING,STREET,piers.cga,Start,Pier,Major Edge,MAJOR,606.00000000,231022.00000000,6.00000000,0.00000000,1.00000000,0.00000000,3.50000000,605.00000000,0.00000000,t,01050000A0110F000001000000010200008002000000000000C0186E5FC1000000A018F4524100000000F87DF23F000000501A6E5FC10000002020F4524100000000F87DF23F
416,STREET,CROSSING,roads.cga,Start,WaterStreet,Major Edge,MAJOR,14.00000000,417195.00000000,6.00000000,0.00000000,1.00000000,0.00000000,3.50000000,13.00000000,0.00000000,t,01050000A0110F00000100000001020000800200000000000060756C5FC1000000C019F5524100000000F41B0540000000507F6C5FC1000000D017F5524100000000F87DF23F
417,STREET,STREET,roads.cga,Start,EldrldgStreet,Major Edge,MAJOR,20.00000000,135581.00000000,14.00000000,0.00000000,1.00000000,0.00000000,3.50000000,19.00000000,0.00000000,t,01050000A0110F00000100000001020000800200000000000070D36B5FC10000000007F65241000000C0D943294000000090CF6B5FC10000001011F65241000000C0DB162840
418,CROSSING,STREET,roads.cga,Start,Broadway,Major Edge,MAJOR,260.00000000,-258260.00000000,24.00000000,0.00000000,1.00000000,0.00000000,3.50000000,259.00000000,-2.00000000,t,01050000A0110F00000100000001020000800200000000000010366D5FC100000020DBF5524100000080E3622340000000A03C6D5FC1000000B0D0F5524100000000E28F2440
419,STREET,CROSSING,roads.cga,Start,PearlStreet,Major Edge,MAJOR,532.00000000,-365802.00000000,12.00000000,0.00000000,1.00000000,0.00000000,3.50000000,531.00000000,0.00000000,t,01050000A0110F000001000000010200008002000000000000F0A06D5FC10000002060F4524100000000E8CF0940000000E09A6D5FC1000000C065F4524100000000E8CF0940
420,STREET,DEAD_END,piers.cga,Start,Pier,Major Edge,MAJOR,606.00000000,231022.00000000,6.00000000,0.00000000,1.00000000,0.00000000,3.50000000,605.00000000,0.00000000,t,01050000A0110F000001000000010200008002000000000000A0696C5FC1000000D015F5524100000000F87DF23F0000388B696C5FC10000C07015F5524100000000F87DF23F
421,STREET,STREET,roads.cga,Start,GravelStreet,Major Edge,MAJOR,532.00000000,-365802.00000000,10.00000000,0.00000000,1.00000000,0.00000000,3.50000000,531.00000000,0.00000000,t,01050000A0110F000001000000010200008002000000000000B0986D5FC10000002073F4524100000000E0830E40000000A09E6D5FC1000000F070F4524100000000E0830E40
422,CROSSING,CROSSING,roads.cga,Start,Broadway,Major Edge,MAJOR,260.00000000,-258260.00000000,6.00000000,0.00000000,1.00000000,0.00000000,3.50000000,259.00000000,0.00000000,t,01050000A0110F00000100000001020000800200000000000040F96D5FC1000000C01EF4524100000000FC670040000000C0F76D5FC10000000017F4524100000000FC670040
423,CROSSING,STREET,piers.cga,Start,Pier,Major Edge,MAJOR,606.00000000,231022.00000000,6.00000000,0.00000000,1.00000000,0.00000000,3.50000000,605.00000000,0.00000000,t,01050000A0110F000001000000010200008002000000000000D06C6D5FC1000000C04BF4524100000000F87DF23F000000D0666D5FC10000005044F4524100000000F87DF23F
424,CROSSING,STREET,roads.cga,Start,ChambersStreet,Major Edge,MAJOR,528.00000000,-258260.00000000,14.00000000,0.00000000,1.00000000,0.00000000,3.50000000,527.00000000,0.00000000,t,01050000A0110F00000100000001020000800200000000000080936D5FC1000000D0F9F5524100000000E1A91840000000208B6D5FC1000000B0F4F5524100000000DA0C1940
425,CROSSING,CROSSING,roads.cga,Start,CherryStreet,Major Edge,MAJOR,406.00000000,417195.00000000,14.00000000,0.00000000,1.00000000,0.00000000,3.50000000,405.00000000,0.00000000,t,01050000A0110F00000100000001020000800200000000000090626C5FC1000000202CF5524100000000F87DF23F000000605E6C5FC1000000F02CF5524100000000F87DF23F
426,STREET,STREET,roads.cga,Start,MurrayStreet,Major Edge,MAJOR,356.00000000,515711.00000000,12.00000000,0.00000000,1.00000000,0.00000000,3.50000000,355.00000000,0.00000000,t,01050000A0110F00000100000001020000800200000000000010916D5FC100000080BFF5524100000000D3B71F40000000109C6D5FC100000050C6F5524100000000DC031B40
427,STREET,CROSSING,roads.cga,Start,GravelStreet,Major Edge,MAJOR,532.00000000,-365802.00000000,10.00000000,0.00000000,1.00000000,0.00000000,3.50000000,531.00000000,0.00000000,t,01050000A0110F000001000000010200008002000000000000A09E6D5FC1000000F070F4524100000000E0830E40000000D0A26D5FC1000000F06EF4524100000000E0830E40
428,CROSSING,STREET,roads.cga,Start,ElizabethStreet,Major Edge,MAJOR,565.00000000,135581.00000000,14.00000000,0.00000000,1.00000000,0.00000000,3.50000000,564.00000000,0.00000000,t,01050000A0110F000001000000010200008002000000000000603E6C5FC1000000801FF65241000000801AEF2840000000A0356C5FC1000000B031F6524100000040B8AC2740
429,CROSSING,STREET,roads.cga,Start,CanalStreet,Major Edge,MAJOR,538.00000000,135581.00000000,16.00000000,0.00000000,1.00000000,0.00000000,3.50000000,537.00000000,0.00000000,t,01050000A0110F000001000000010200008002000000000000603E6C5FC1000000801FF65241000000801AEF284000000070386C5FC1000000B01CF652410000000078E22940
430,CROSSING,STREET,piers.cga,Start,Pier,Major Edge,MAJOR,606.00000000,231022.00000000,6.00000000,0.00000000,1.00000000,0.00000000,3.50000000,605.00000000,0.00000000,t,01050000A0110F00000100000001020000800200000000000010126E5FC10000001025F5524100000000F87DF23F000000600D6E5FC1000000A02DF5524100000000F87DF23F
431,STREET,CROSSING,roads.cga,Start,LibertyStreet,Major Edge,MAJOR,498.00000000,231022.00000000,30.00000000,0.00000000,1.00000000,0.00000000,3.50000000,497.00000000,0.00000000,t,01050000A0110F000001000000010200008002000000000000A0326D5FC1000000409AF45241000000000868F73F000000702C6D5FC10000007094F45241000000000868F73F
432,STREET,STREET,roads.cga,Start,LumberStreet,Major Edge,MAJOR,216.00000000,-258260.00000000,18.00000000,0.00000000,1.00000000,0.00000000,3.50000000,215.00000000,0.00000000,t,01050000A0110F00000100000001020000800200000000000070856D5FC1000000C0BFF5524100000080E708214000000090826D5FC1000000E0C4F55241000000C0AF032140
433,CROSSING,STREET,roads.cga,Start,GreenwichStreet,Major Edge,MAJOR,93.00000000,515711.00000000,18.00000000,0.00000000,1.00000000,0.00000000,3.50000000,92.00000000,0.00000000,t,01050000A0110F000001000000010200008002000000000000B0C86D5FC1000000E0FCF55241000000004C260E4000000070CB6D5FC100000020F1F5524100000000E8CF0940
434,CROSSING,STREET,roads.cga,Start,Slley,Major Edge,MAJOR,450.00000000,231022.00000000,8.00000000,0.00000000,1.00000000,0.00000000,3.50000000,449.00000000,0.00000000,t,01050000A0110F000001000000010200008002000000000000808D6D5FC10000006036F4524100000000F87DF23F000000F0946D5FC1000000203FF4524100000000FC670040
435,STREET,CROSSING,roads.cga,Start,GreenwichStreet,Major Edge,MAJOR,93.00000000,515711.00000000,18.00000000,0.00000000,1.00000000,0.00000000,3.50000000,92.00000000,0.00000000,t,01050000A0110F000001000000010200008002000000000000F0CC6D5FC1000000C0EAF5524100000000E8CF0940000000B0CE6D5FC100000030E3F5524100000000E8CF0940
436,STREET,STREET,roads.cga,Start,Broadway,Major Edge,MAJOR,260.00000000,-258260.00000000,24.00000000,0.00000000,1.00000000,0.00000000,3.50000000,259.00000000,2.00000000,t,01050000A0110F00000100000001020000800200000000000010136D5FC10000008013F6524100000080E3622340000000C00C6D5FC1000000D01DF6524100000080E3622340
437,CROSSING,STREET,roads.cga,Start,William Street,Major Edge,MAJOR,626.00000000,231022.00000000,14.00000000,0.00000000,1.00000000,0.00000000,3.50000000,625.00000000,0.00000000,t,01050000A0110F000001000000010200008002000000000000908D6D5FC1000000F0BEF4524100000080E7082140000000D0886D5FC100000040C5F45241000000801BE51F40
438,STREET,CROSSING,roads.cga,Start,Rector Street,Major Edge,MAJOR,190.00000000,231022.00000000,6.00000000,0.00000000,1.00000000,0.00000000,3.50000000,189.00000000,0.00000000,t,01050000A0110F000001000000010200008002000000000000E0F06D5FC100000070CAF45241000000C01CDE214000000060F86D5FC100000070BFF4524100000080E7082140
439,CROSSING,CROSSING,roads.cga,Start,Alley,Major Edge,MAJOR,645.00000000,417195.00000000,10.00000000,0.00000000,1.00000000,0.00000000,3.50000000,644.00000000,0.00000000,t,01050000A0110F000001000000010200008002000000000000E09F6C5FC1000000200AF5524100000000F87DF23F00000040A16C5FC1000000600DF5524100000000E0830E40
440,CROSSING,STREET,roads.cga,Start,Gold Street,Major Edge,MAJOR,511.00000000,-258260.00000000,12.00000000,0.00000000,1.00000000,0.00000000,3.50000000,510.00000000,0.00000000,t,01050000A0110F000001000000010200008002000000000000203A6D5FC1000000B0FEF4524100000000E1A9184000000080336D5FC1000000D005F5524100000000DC031B40
441,STREET,CROSSING,roads.cga,Start,HesterStreet,Major Edge,MAJOR,345.00000000,135581.00000000,12.00000000,0.00000000,1.00000000,0.00000000,3.50000000,344.00000000,0.00000000,t,01050000A0110F00000100000001020000800200000000000040ED6B5FC1000000902AF65241000000C0DB162840000000D0E26B5FC10000007026F65241000000C0DB162840
442,STREET,DEAD_END,piers.cga,Start,Pier,Major Edge,MAJOR,606.00000000,231022.00000000,6.00000000,0.00000000,1.00000000,0.00000000,3.50000000,605.00000000,0.00000000,t,01050000A0110F000001000000010200008002000000000000D0666D5FC10000005044F4524100000000F87DF23F000030B0666D5FC10000602A44F4524100000000F87DF23F
443,CROSSING,STREET,roads.cga,Start,WBroadway,Major Edge,MAJOR,70.00000000,515711.00000000,18.00000000,0.00000000,1.00000000,0.00000000,3.50000000,69.00000000,0.00000000,t,01050000A0110F00000100000001020000800200000000000080936D5FC1000000D0F9F5524100000000E1A9184000000020976D5FC100000040F4F5524100000000E1A91840
444,STREET,CROSSING,roads.cga,Start,LudlowStreet,Major Edge,MAJOR,621.00000000,135581.00000000,14.00000000,0.00000000,1.00000000,0.00000000,3.50000000,620.00000000,0.00000000,t,01050000A0110F000001000000010200008002000000000000909E6B5FC100000030D4F55241000000C0DDE92640000000709C6B5FC1000000A0DAF55241000000C0DDE92640
445,STREET,DEAD_END,piers.cga,Start,Pier,Major Edge,MAJOR,606.00000000,231022.00000000,6.00000000,0.00000000,1.00000000,0.00000000,3.50000000,605.00000000,0.00000000,t,01050000A0110F000001000000010200008002000000000000D0DC6C5FC100000000C3F4524100000000F87DF23F0000F0ADDC6C5FC1000030CCC2F4524100000000F87DF23F
446,CROSSING,STREET,roads.cga,Start,FultonStreet,Major Edge,MAJOR,94.00000000,-258260.00000000,14.00000000,0.00000000,1.00000000,0.00000000,3.50000000,93.00000000,0.00000000,t,01050000A0110F00000100000001020000800200000000000020576D5FC1000000202BF5524100000080E3622340000000604E6D5FC10000006025F5524100000080E5352240
447,CROSSING,STREET,roads.cga,Start,GravelStreet,Major Edge,MAJOR,171.00000000,231022.00000000,12.00000000,0.00000000,1.00000000,0.00000000,3.50000000,170.00000000,0.00000000,t,01050000A0110F000001000000010200008002000000000000F0956D5FC1000000F069F4524100000000E8CF0940000000408F6D5FC1000000A061F4524100000000CA410540
448,CROSSING,CROSSING,roads.cga,Start,GravelStreet,Major Edge,MAJOR,64.00000000,231022.00000000,6.00000000,0.00000000,1.00000000,0.00000000,3.50000000,63.00000000,0.00000000,t,01050000A0110F000001000000010200008002000000000000D0136E5FC1000000A03EF4524100000000E8CF0940000000101C6E5FC1000000803CF4524100000000E8CF0940
449,CROSSING,STREET,roads.cga,Start,William Street,Major Edge,MAJOR,205.00000000,231022.00000000,14.00000000,0.00000000,1.00000000,0.00000000,3.50000000,204.00000000,0.00000000,t,01050000A0110F000001000000010200008002000000000000C0A56D5FC1000000B094F452410000000035C1144000000020A36D5FC1000000C09AF4524100000000085A1840
450,CROSSING,CROSSING,roads.cga,Start,GravelStreet,Major Edge,MAJOR,282.00000000,247456.00000000,6.00000000,0.00000000,1.00000000,0.00000000,3.50000000,281.00000000,0.00000000,t,01050000A0110F000001000000010200008002000000000000A0216E5FC10000004049F4524100000000F85E0B40000000402C6E5FC1000000D045F4524100000000F87DF23F
451,STREET,STREET,roads.cga,Start,Gold Street,Major Edge,MAJOR,409.00000000,-258260.00000000,12.00000000,0.00000000,1.00000000,0.00000000,3.50000000,408.00000000,0.00000000,t,01050000A0110F000001000000010200008002000000000000E0536D5FC100000060DAF45241000000003400114000000080516D5FC1000000B0DFF4524100000000EBC11240
452,CROSSING,CROSSING,roads.cga,Start,GravelStreet,Major Edge,MAJOR,665.00000000,231022.00000000,6.00000000,0.00000000,1.00000000,0.00000000,3.50000000,664.00000000,0.00000000,t,01050000A0110F00000100000001020000800200000000000050096E5FC1000000A01BF4524100000000FC67004000000010116E5FC1000000201AF4524100000000FC670040
453,STREET,CROSSING,roads.cga,Start,CanalStreet,Major Edge,MAJOR,34.00000000,135581.00000000,16.00000000,0.00000000,1.00000000,0.00000000,3.50000000,33.00000000,0.00000000,t,01050000A0110F000001000000010200008002000000000000C0FD6B5FC10000000002F6524100000080E5262F4000000020F36B5FC100000080FDF55241000000804D3E2B40
454,STREET,STREET,roads.cga,Start,Rector Street,Major Edge,MAJOR,190.00000000,231022.00000000,6.00000000,0.00000000,1.00000000,0.00000000,3.50000000,189.00000000,0.00000000,t,01050000A0110F000001000000010200008002000000000000301F6E5FC10000006085F4524100000000E8F51340000000D0236E5FC1000000707DF4524100000000EC9B1140
455,STREET,STREET,roads.cga,Start,ChambersStreet,Major Edge,MAJOR,528.00000000,-258260.00000000,14.00000000,0.00000000,1.00000000,0.00000000,3.50000000,527.00000000,0.00000000,t,01050000A0110F00000100000001020000800200000000000090B76D5FC1000000100FF652410000000082391040000000B0AC6D5FC1000000A008F65241000000007CE91140
456,STREET,STREET,roads.cga,Start,Alley,Major Edge,MAJOR,645.00000000,417195.00000000,12.00000000,0.00000000,1.00000000,0.00000000,3.50000000,644.00000000,0.00000000,t,01050000A0110F00000100000001020000800200000000000050976C5FC1000000605EF5524100000000E8F5134000000080966C5FC10000003057F5524100000000E8F51340
457,CROSSING,CROSSING,roads.cga,Start,gravel,Major Edge,MAJOR,64.00000000,231022.00000000,14.00000000,0.00000000,1.00000000,0.00000000,3.50000000,63.00000000,0.00000000,t,01050000A0110F00000100000001020000800200000000000090116E5FC1000000B076F4524100000000E8F51340000000D0206E5FC10000000075F4524100000000EC9B1140
458,STREET,CROSSING,roads.cga,Start,FultonStreet,Major Edge,MAJOR,225.00000000,-258260.00000000,14.00000000,0.00000000,1.00000000,0.00000000,3.50000000,224.00000000,0.00000000,t,01050000A0110F000001000000010200008002000000000000C0736D5FC1000000003EF5524100000000E28F2440000000806A6D5FC1000000D037F5524100000000E28F2440
459,STREET,STREET,roads.cga,Start,WallStreet,Major Edge,MAJOR,246.00000000,231022.00000000,18.00000000,0.00000000,1.00000000,0.00000000,3.50000000,245.00000000,0.00000000,t,01050000A0110F000001000000010200008002000000000000C0B56D5FC1000000B0BFF4524100000080D54B1D4000000050AD6D5FC1000000F0B8F4524100000080D85D1D40
460,CROSSING,STREET,roads.cga,Start,GravelStreet,Major Edge,MAJOR,18.00000000,135581.00000000,10.00000000,0.00000000,1.00000000,0.00000000,3.50000000,17.00000000,0.00000000,t,01050000A0110F000001000000010200008002000000000000B0E36C5FC100000060A8F552410000000005C7204000000040E76C5FC100000060B1F5524100000000D3B71F40
461,CROSSING,STREET,roads.cga,Start,WaterStreet,Major Edge,MAJOR,207.00000000,231022.00000000,16.00000000,0.00000000,1.00000000,0.00000000,3.50000000,206.00000000,0.00000000,t,01050000A0110F000001000000010200008002000000000000F0726D5FC1000000306CF4524100000000F41B0540000000206A6D5FC10000007074F4524100000000DE090540
462,CROSSING,CROSSING,roads.cga,Start,GravelStreet,Major Edge,MAJOR,532.00000000,-365802.00000000,6.00000000,0.00000000,1.00000000,0.00000000,3.50000000,531.00000000,0.00000000,t,01050000A0110F00000100000001020000800200000000000010176E5FC1000000802EF4524100000000F41B0540000000801E6E5FC1000000502DF4524100000000F87DF23F
463,STREET,CROSSING,roads.cga,Start,Vesey Street,Major Edge,MAJOR,371.00000000,-258260.00000000,16.00000000,0.00000000,1.00000000,0.00000000,3.50000000,370.00000000,0.00000000,t,01050000A0110F00000100000001020000800200000000000030B96D5FC10000002083F552410000000028781A40000000C0AC6D5FC1000000C07BF552410000000067041E40
464,CROSSING,CROSSING,roads.cga,Start,gravel,Major Edge,MAJOR,64.00000000,231022.00000000,14.00000000,0.00000000,1.00000000,0.00000000,3.50000000,63.00000000,0.00000000,t,01050000A0110F000001000000010200008002000000000000B0026E5FC10000005078F4524100000000E8F5134000000090116E5FC1000000B076F4524100000000E8F51340
465,CROSSING,STREET,roads.cga,Start,Stote Lane,Major Edge,MAJOR,535.00000000,-33958.00000000,10.00000000,0.00000000,1.00000000,0.00000000,3.00000000,534.00000000,0.00000000,t,01050000A0110F000001000000010200008002000000000000F08E6D5FC1000000E086F4524100000000E8F51340000000209B6D5FC1000000D085F4524100000000E8F51340
466,STREET,DEAD_END,roads.cga,Start,Skimmers,Major Edge,MAJOR,452.00000000,417195.00000000,12.00000000,0.00000000,1.00000000,0.00000000,3.50000000,451.00000000,0.00000000,t,01050000A0110F000001000000010200008002000000000000C0C56C5FC10000000036F5524100000000E1A9184000000040C76C5FC1000000D02FF552410000000088D01740
467,STREET,STREET,roads.cga,Start,PearlStreet,Major Edge,MAJOR,532.00000000,-365802.00000000,12.00000000,0.00000000,1.00000000,0.00000000,3.50000000,531.00000000,0.00000000,t,01050000A0110F00000100000001020000800200000000000060A76D5FC1000000205AF4524100000000E8CF0940000000F0A06D5FC10000002060F4524100000000E8CF0940
468,CROSSING,CROSSING,piers.cga,Start,Pier,Major Edge,MAJOR,606.00000000,231022.00000000,6.00000000,0.00000000,1.00000000,0.00000000,3.50000000,605.00000000,0.00000000,t,01050000A0110F000001000000010200008002000000000000D0806D5FC1000000D053F4524100000000F87DF23F000000F0866D5FC1000000A04EF4524100000000F87DF23F
469,STREET,CROSSING,roads.cga,Start,BroadStreet,Major Edge,MAJOR,486.00000000,231022.00000000,16.00000000,0.00000000,1.00000000,0.00000000,3.50000000,485.00000000,0.00000000,t,01050000A0110F000001000000010200008002000000000000B0B46D5FC100000060D1F452410000004027F4214000000040AE6D5FC100000000DAF4524100000080E3622340
470,CROSSING,STREET,roads.cga,Start,DivisionStreet,Major Edge,MAJOR,621.00000000,135581.00000000,12.00000000,0.00000000,1.00000000,0.00000000,3.50000000,620.00000000,0.00000000,t,01050000A0110F00000100000001020000800200000000000030C76B5FC1000000D0CFF55241000000C0DB16284000000060B36B5FC1000000F0D1F5524100000000790B2740
471,CROSSING,STREET,roads.cga,Start,CherryStreet,Major Edge,MAJOR,23.00000000,417195.00000000,14.00000000,0.00000000,1.00000000,0.00000000,3.50000000,22.00000000,0.00000000,t,01050000A0110F000001000000010200008002000000000000605E6C5FC1000000F02CF5524100000000F87DF23F00000060566C5FC1000000802EF552410000000006030140
472,CROSSING,STREET,roads.cga,Start,GreenwichStreet,Major Edge,MAJOR,93.00000000,515711.00000000,18.00000000,0.00000000,1.00000000,0.00000000,3.50000000,92.00000000,0.00000000,t,01050000A0110F000001000000010200008002000000000000F0C26D5FC1000000C015F6524100000000E0830E40000000E0C56D5FC10000003009F6524100000000E0830E40
473,STREET,STREET,roads.cga,Start,EldrldgStreet,Major Edge,MAJOR,234.00000000,135581.00000000,14.00000000,0.00000000,1.00000000,0.00000000,3.50000000,233.00000000,0.00000000,t,01050000A0110F00000100000001020000800200000000000040C46B5FC1000000802EF65241000000C0DB16284000000020C16B5FC1000000B036F6524100000040E4012840
474,STREET,CROSSING,roads.cga,Start,MurrayStreet,Major Edge,MAJOR,559.00000000,515711.00000000,12.00000000,0.00000000,1.00000000,0.00000000,3.50000000,558.00000000,0.00000000,t,01050000A0110F00000100000001020000800200000000000030C66D5FC100000090DEF5524100000000E8CF0940000000B0CE6D5FC100000030E3F5524100000000E8CF0940
475,CROSSING,STREET,roads.cga,Start,BoweryStreet,Major Edge,MAJOR,340.00000000,135581.00000000,26.00000000,0.00000000,1.00000000,0.00000000,3.50000000,339.00000000,0.00000000,t,01050000A0110F000001000000010200008002000000000000A0276D5FC1000000407BF55241000000C0DDE92640000000101C6D5FC1000000D07EF55241000000C0DDE92640
476,CROSSING,CROSSING,piers.cga,Start,Pier,Major Edge,MAJOR,606.00000000,231022.00000000,6.00000000,0.00000000,1.00000000,0.00000000,3.50000000,605.00000000,0.00000000,t,01050000A0110F000001000000010200008002000000000000D0F76D5FC10000000088F5524100000000F87DF23F00000060EA6D5FC100000090A0F5524100000000F87DF23F
477,STREET,CROSSING,roads.cga,Start,WaterStreet,Major Edge,MAJOR,699.00000000,231022.00000000,16.00000000,0.00000000,1.00000000,0.00000000,3.50000000,698.00000000,0.00000000,t,01050000A0110F00000100000001020000800200000000000050786D5FC10000007067F4524100000000F41B0540000000F0726D5FC1000000306CF4524100000000F41B0540
478,CROSSING,CROSSING,Landscape_Design_Greenspace/Greenspace Construction.cga,GreenSpace,greenspace,Major Edge,MAJOR,18.00000000,135581.00000000,6.00000000,0.00000000,1.00000000,0.00000000,3.50000000,17.00000000,0.00000000,t,01050000A0110F000001000000010200008002000000000000B0046D5FC1000000E09DF5524100000080A5472540000000D01B6D5FC10000002093F55241000000C0DB162840
479,STREET,CROSSING,roads.cga,Start,Rector Street,Major Edge,MAJOR,190.00000000,231022.00000000,6.00000000,0.00000000,1.00000000,0.00000000,3.50000000,189.00000000,0.00000000,t,01050000A0110F000001000000010200008002000000000000500B6E5FC100000080A5F4524100000000C6321A40000000F0106E5FC1000000D09DF4524100000000E1A91840
480,CROSSING,STREET,roads.cga,Start,WaterStreet,Major Edge,MAJOR,14.00000000,417195.00000000,6.00000000,0.00000000,1.00000000,0.00000000,3.50000000,13.00000000,0.00000000,t,01050000A0110F000001000000010200008002000000000000D06A6C5FC1000000D01BF5524100000000F87DF23F00000060756C5FC1000000C019F5524100000000F41B0540
481,STREET,STREET,roads.cga,Start,Beekman Street,Major Edge,MAJOR,116.00000000,487402.00000000,12.00000000,0.00000000,1.00000000,0.00000000,3.50000000,115.00000000,0.00000000,t,01050000A0110F00000100000001020000800200000000000070346D5FC10000003045F5524100000080E7082140000000903A6D5FC1000000D04CF5524100000040FE5C2240
482,STREET,CROSSING,roads.cga,Start,RoseveltStreet,Major Edge,MAJOR,200.00000000,487402.00000000,14.00000000,0.00000000,1.00000000,0.00000000,3.50000000,199.00000000,0.00000000,t,01050000A0110F000001000000010200008002000000000000C08D6C5FC1000000B096F5524100000000E44F1640000000208F6C5FC100000020A6F5524100000000E1A91840
483,CROSSING,STREET,piers.cga,Start,Pier,Major Edge,MAJOR,606.00000000,231022.00000000,6.00000000,0.00000000,1.00000000,0.00000000,3.50000000,605.00000000,0.00000000,t,01050000A0110F00000100000001020000800200000000000070876D5FC1000000B025F4524100000000F87DF23F000000408B6D5FC1000000A022F4524100000000F87DF23F
484,CROSSING,STREET,roads.cga,Start,MulberryStreet,Major Edge,MAJOR,158.00000000,135581.00000000,14.00000000,0.00000000,1.00000000,0.00000000,3.50000000,157.00000000,0.00000000,t,01050000A0110F000001000000010200008002000000000000E0836C5FC1000000A0A8F5524100000000DC031B40000000C0846C5FC100000020B4F5524100000080D85D1D40
485,STREET,STREET,roads.cga,Start,BoweryStreet,Major Edge,MAJOR,78.00000000,135581.00000000,28.00000000,0.00000000,1.00000000,0.00000000,3.50000000,77.00000000,0.00000000,t,01050000A0110F000001000000010200008002000000000000F01B6C5FC1000000C025F65241000000C0D9432940000000B0176C5FC10000000030F65241000000C0DB162840
486,CROSSING,CROSSING,piers.cga,Start,Pier,Major Edge,MAJOR,606.00000000,231022.00000000,6.00000000,0.00000000,1.00000000,0.00000000,3.50000000,605.00000000,0.00000000,t,01050000A0110F00000100000001020000800200000000000020E36C5FC100000020D6F4524100000000F87DF23F000000F0DE6C5FC100000020CFF4524100000000F87DF23F
487,CROSSING,STREET,piers.cga,Start,Pier,Major Edge,MAJOR,606.00000000,231022.00000000,6.00000000,0.00000000,1.00000000,0.00000000,3.50000000,605.00000000,0.00000000,t,01050000A0110F00000100000001020000800200000000000020DF6C5FC1000000C0C6F4524100000000F87DF23F000000D0DC6C5FC100000000C3F4524100000000F87DF23F
488,CROSSING,CROSSING,piers.cga,Start,Pier,Major Edge,MAJOR,606.00000000,231022.00000000,6.00000000,0.00000000,1.00000000,0.00000000,3.50000000,605.00000000,0.00000000,t,01050000A0110F000001000000010200008002000000000000E0EF6C5FC1000000C0C8F4524100000000F87DF23F000000D0E46C5FC1000000F0CFF4524100000000F87DF23F
489,STREET,STREET,roads.cga,Start,MottStreet,Major Edge,MAJOR,421.00000000,135581.00000000,12.00000000,0.00000000,1.00000000,0.00000000,3.50000000,420.00000000,0.00000000,t,01050000A0110F000001000000010200008002000000000000406E6C5FC100000000C2F5524100000000AC032240000000206D6C5FC100000070B8F5524100000080E4372140
490,STREET,STREET,roads.cga,Start,CanalStreet,Major Edge,MAJOR,52.00000000,135581.00000000,20.00000000,0.00000000,1.00000000,0.00000000,3.50000000,51.00000000,0.00000000,t,01050000A0110F000001000000010200008002000000000000108A6B5FC100000040DCF55241000000403DB92440000000D0746B5FC100000020DEF5524100000000C3B92340
491,STREET,CROSSING,roads.cga,Start,HesterStreet,Major Edge,MAJOR,437.00000000,135581.00000000,12.00000000,0.00000000,1.00000000,0.00000000,3.50000000,436.00000000,0.00000000,t,01050000A0110F00000100000001020000800200000000000030BD6B5FC10000009017F65241000000C0DB162840000000B0AE6B5FC1000000D011F652410000008092F22640
492,STREET,CROSSING,roads.cga,Start,ExchangePl,Major Edge,MAJOR,243.00000000,231022.00000000,10.00000000,0.00000000,1.00000000,0.00000000,3.50000000,242.00000000,0.00000000,t,01050000A0110F000001000000010200008002000000000000B0FF6D5FC100000030C3F452410000008043FC1C4000000020076E5FC100000000C7F4524100000000AE221840
493,STREET,STREET,roads.cga,Start,BridgeStreet,Major Edge,MAJOR,64.00000000,231022.00000000,18.00000000,0.00000000,1.00000000,0.00000000,3.50000000,63.00000000,0.00000000,t,01050000A0110F000001000000010200008002000000000000101B6E5FC1000000C0BAF4524100000000E0830E40000000901D6E5FC100000020B3F4524100000000BA950E40
494,CROSSING,CROSSING,piers.cga,Start,Pier,Major Edge,MAJOR,606.00000000,231022.00000000,6.00000000,0.00000000,1.00000000,0.00000000,3.50000000,605.00000000,0.00000000,t,01050000A0110F000001000000010200008002000000000000D0846D5FC1000000103DF4524100000000F87DF23F000000407D6D5FC10000004043F4524100000000F87DF23F
495,STREET,CROSSING,roads.cga,Start,WaterStreet,Major Edge,MAJOR,608.00000000,231022.00000000,16.00000000,0.00000000,1.00000000,0.00000000,3.50000000,607.00000000,0.00000000,t,01050000A0110F00000100000001020000800200000000000040226D5FC100000010B8F45241000000000868F73F000000C01D6D5FC1000000D0BBF45241000000000868F73F
496,CROSSING,CROSSING,roads.cga,Start,GravelStreet,Major Edge,MAJOR,282.00000000,247456.00000000,6.00000000,0.00000000,1.00000000,0.00000000,3.50000000,281.00000000,0.00000000,t,01050000A0110F00000100000001020000800200000000000070176E5FC1000000904CF4524100000000E8CF0940000000A0216E5FC10000004049F4524100000000F85E0B40
497,STREET,STREET,roads.cga,Start,BoweryStreet,Major Edge,MAJOR,78.00000000,135581.00000000,26.00000000,0.00000000,1.00000000,0.00000000,3.50000000,77.00000000,0.00000000,t,01050000A0110F00000100000001020000800200000000000060576C5FC100000000B6F55241000000808689244000000000536C5FC100000080B9F552410000000020AC2440
498,STREET,STREET,roads.cga,Start,ChrystieStreet,Major Edge,MAJOR,2.00000000,135581.00000000,14.00000000,0.00000000,1.00000000,0.00000000,3.50000000,1.00000000,0.00000000,t,01050000A0110F000001000000010200008002000000000000E0106C5FC1000000E0EFF5524100000000D7242F40000000E00C6C5FC1000000D0FAF5524100000000D0CC3040
499,CROSSING,STREET,roads.cga,Start,John Street,Major Edge,MAJOR,473.00000000,-258260.00000000,18.00000000,0.00000000,1.00000000,0.00000000,3.50000000,472.00000000,0.00000000,t,01050000A0110F000001000000010200008002000000000000305D6D5FC10000003000F552410000000001C81D4000000050576D5FC100000040FBF4524100000000D2CD1A40
500,CROSSING,STREET,roads.cga,Start,BoweryStreet,Major Edge,MAJOR,340.00000000,135581.00000000,26.00000000,0.00000000,1.00000000,0.00000000,3.50000000,339.00000000,0.00000000,t,01050000A0110F00000100000001020000800200000000000080EC6C5FC1000000B08CF55241000000000C27234000000050E36C5FC1000000008FF55241000000407FDD2140
501,STREET,CROSSING,roads.cga,Start,BoweryStreet,Major Edge,MAJOR,340.00000000,135581.00000000,26.00000000,0.00000000,1.00000000,0.00000000,3.50000000,339.00000000,0.00000000,t,01050000A0110F00000100000001020000800200000000000050316D5FC10000007078F5524100000000A3DC2740000000A0276D5FC1000000407BF55241000000C0DDE92640
502,STREET,CROSSING,roads.cga,Start,PearlStreet,Major Edge,MAJOR,532.00000000,-365802.00000000,16.00000000,0.00000000,1.00000000,0.00000000,3.50000000,531.00000000,0.00000000,t,01050000A0110F000001000000010200008002000000000000F0836D5FC10000007076F4524100000000F43A1040000000F08A6D5FC10000003072F4524100000000E0830E40
503,CROSSING,CROSSING,piers.cga,Start,Orange Street,Major Edge,MAJOR,18.00000000,135581.00000000,6.00000000,0.00000000,1.00000000,0.00000000,3.50000000,17.00000000,0.00000000,t,01050000A0110F00000100000001020000800200000000000030DB6D5FC1000000101EF4524100000000F87DF23F00000060D06D5FC10000001021F4524100000000F87DF23F
504,STREET,CROSSING,piers.cga,Start,Pier,Major Edge,MAJOR,606.00000000,231022.00000000,6.00000000,0.00000000,1.00000000,0.00000000,3.50000000,605.00000000,0.00000000,t,01050000A0110F00000100000001020000800200000000000040416D5FC10000000063F4524100000000F87DF23F000000B04C6D5FC1000000F06FF4524100000000F87DF23F
505,STREET,DEAD_END,piers.cga,Start,Pier,Major Edge,MAJOR,606.00000000,231022.00000000,6.00000000,0.00000000,1.00000000,0.00000000,3.50000000,605.00000000,0.00000000,t,01050000A0110F000001000000010200008002000000000000E0B06C5FC1000000C0E5F4524100000000F87DF23F0000A0B3B06C5FC10000008BE5F4524100000000F87DF23F
506,STREET,CROSSING,roads.cga,Start,King George Street,Major Edge,MAJOR,123.00000000,135581.00000000,10.00000000,0.00000000,1.00000000,0.00000000,3.50000000,122.00000000,0.00000000,t,01050000A0110F000001000000010200008002000000000000A0026D5FC1000000206BF5524100000000D3B71F40000000D00E6D5FC10000002066F55241000000807DF21E40
507,CROSSING,STREET,roads.cga,Start,CherryStreet,Major Edge,MAJOR,561.00000000,417195.00000000,14.00000000,0.00000000,1.00000000,0.00000000,3.50000000,560.00000000,0.00000000,t,01050000A0110F00000100000001020000800200000000000050466C5FC1000000D031F5524100000000FC670040000000C03C6C5FC1000000F033F5524100000000FC670040
508,CROSSING,STREET,roads.cga,Start,Rutgers Street,Major Edge,MAJOR,32.00000000,417195.00000000,10.00000000,0.00000000,1.00000000,0.00000000,3.50000000,31.00000000,0.00000000,t,01050000A0110F00000100000001020000800200000000000020676C5FC1000000D055F5524100000000E8CF094000000070616C5FC1000000F056F5524100000000E8CF0940
509,CROSSING,STREET,roads.cga,Start,GravelStreet,Major Edge,MAJOR,606.00000000,231022.00000000,6.00000000,0.00000000,1.00000000,0.00000000,3.50000000,605.00000000,0.00000000,t,01050000A0110F00000100000001020000800200000000000070F56C5FC1000000D0D1F4524100000000FC670040000000D0F36C5FC100000020CFF4524100000000FC670040
510,STREET,CROSSING,piers.cga,Start,Pier,Major Edge,MAJOR,606.00000000,231022.00000000,6.00000000,0.00000000,1.00000000,0.00000000,3.50000000,605.00000000,0.00000000,t,01050000A0110F00000100000001020000800200000000000000896C5FC1000000D012F5524100000000F87DF23F00000030936C5FC10000006010F5524100000000F87DF23F
511,STREET,STREET,roads.cga,Start,LumberStreet,Major Edge,MAJOR,59.00000000,-258260.00000000,18.00000000,0.00000000,1.00000000,0.00000000,3.50000000,58.00000000,0.00000000,t,01050000A0110F00000100000001020000800200000000000080916D5FC1000000A0ABF5524100000080E7082140000000808E6D5FC100000090B0F5524100000080E7082140
512,STREET,STREET,roads.cga,Start,HesterStreet,Major Edge,MAJOR,670.00000000,135581.00000000,12.00000000,0.00000000,1.00000000,0.00000000,3.50000000,669.00000000,0.00000000,t,01050000A0110F000001000000010200008002000000000000905F6B5FC1000000F0F0F5524100000080E3622340000000A0576B5FC100000090EDF5524100000080E3622340
513,CROSSING,CROSSING,roads.cga,Start,Orange Street,Major Edge,MAJOR,18.00000000,135581.00000000,10.00000000,0.00000000,1.00000000,0.00000000,3.50000000,17.00000000,0.00000000,t,01050000A0110F00000100000001020000800200000000000000076D5FC1000000B0A2F55241000000002DBD2440000000B0046D5FC1000000E09DF5524100000080A5472540
514,CROSSING,CROSSING,roads.cga,Start,GravelStreet,Major Edge,MAJOR,64.00000000,231022.00000000,8.00000000,0.00000000,1.00000000,0.00000000,3.50000000,63.00000000,0.00000000,t,01050000A0110F000001000000010200008002000000000000101C6E5FC1000000803CF4524100000000E8CF094000000010176E5FC1000000802EF4524100000000F41B0540
515,CROSSING,STREET,roads.cga,Start,Bayard Street,Major Edge,MAJOR,107.00000000,135581.00000000,12.00000000,0.00000000,1.00000000,0.00000000,3.50000000,106.00000000,0.00000000,t,01050000A0110F000001000000010200008002000000000000F0526C5FC1000000A0F3F55241000000C0DFBC2540000000A0476C5FC100000070EEF5524100000080C5CC2740
516,CROSSING,STREET,roads.cga,Start,Broadway,Major Edge,MAJOR,260.00000000,-258260.00000000,24.00000000,0.00000000,1.00000000,0.00000000,3.50000000,259.00000000,-2.00000000,t,01050000A0110F00000100000001020000800200000000000060296D5FC100000050EFF5524100000080E535224000000040306D5FC100000060E4F5524100000080E5352240
517,STREET,STREET,roads.cga,Start,Orange Street,Major Edge,MAJOR,18.00000000,135581.00000000,12.00000000,0.00000000,1.00000000,0.00000000,3.50000000,17.00000000,0.00000000,t,01050000A0110F00000100000001020000800200000000000030AD6C5FC100000090D1F5524100000000E8F5134000000020B96C5FC100000050D2F5524100000000EC9B1140
518,STREET,CROSSING,roads.cga,Start,CanalStreet,Major Edge,MAJOR,684.00000000,135581.00000000,16.00000000,0.00000000,1.00000000,0.00000000,3.50000000,683.00000000,0.00000000,t,01050000A0110F00000100000001020000800200000000000040496C5FC10000007024F65241000000C0DDE92640000000603E6C5FC1000000801FF65241000000801AEF2840
519,CROSSING,CROSSING,Landscape_Design_Greenspace/Greenspace Construction.cga,GreenSpace,greenspace,Major Edge,MAJOR,38.00000000,-258260.00000000,12.00000000,0.00000000,1.00000000,0.00000000,3.50000000,37.00000000,0.00000000,t,01050000A0110F00000100000001020000800200000000000050506D5FC10000008078F55241000000C043F0274000000030476D5FC10000007071F55241000000C039682740
520,STREET,STREET,piers.cga,Start,Pier,Major Edge,MAJOR,606.00000000,231022.00000000,6.00000000,0.00000000,1.00000000,0.00000000,3.50000000,605.00000000,0.00000000,t,01050000A0110F000001000000010200008002000000000000B01A6E5FC1000000A00AF4524100000000F87DF23F000000A0166E5FC1000000700EF4524100000000F87DF23F
521,STREET,STREET,roads.cga,Start,William Street,Major Edge,MAJOR,50.00000000,-23593.00000000,14.00000000,0.00000000,1.00000000,0.00000000,3.50000000,49.00000000,0.00000000,t,01050000A0110F000001000000010200008002000000000000B06B6D5FC100000040ECF4524100000000F66A1540000000F0666D5FC1000000D0F2F452410000000024241840
522,CROSSING,STREET,roads.cga,Start,Vesey Street,Major Edge,MAJOR,371.00000000,-258260.00000000,16.00000000,0.00000000,1.00000000,0.00000000,3.50000000,370.00000000,0.00000000,t,01050000A0110F00000100000001020000800200000000000070DC6D5FC10000001098F5524100000000F87DF23F00000000D16D5FC10000004091F5524100000000CE9E0E40
523,STREET,STREET,roads.cga,Start,MulberryStreet,Major Edge,MAJOR,326.00000000,135581.00000000,14.00000000,0.00000000,1.00000000,0.00000000,3.50000000,325.00000000,0.00000000,t,01050000A0110F00000100000001020000800200000000000060756C5FC1000000D01DF6524100000080E7082140000000C0706C5FC10000009027F652410000008095D82140
524,CROSSING,STREET,roads.cga,Start,BeaverStreet,Major Edge,MAJOR,64.00000000,231022.00000000,14.00000000,0.00000000,1.00000000,0.00000000,3.50000000,63.00000000,0.00000000,t,01050000A0110F00000100000001020000800200000000000020F26D5FC10000009077F4524100000000E0830E40000000A0FA6D5FC1000000F077F4524100000000EC9B1140
525,STREET,STREET,roads.cga,Start,MurrayStreet,Major Edge,MAJOR,575.00000000,515711.00000000,12.00000000,0.00000000,1.00000000,0.00000000,3.50000000,574.00000000,0.00000000,t,01050000A0110F00000100000001020000800200000000000060736D5FC100000050ADF5524100000080E3622340000000C0686D5FC1000000E0A6F55241000000007A1C2540
526,STREET,CROSSING,roads.cga,Start,Bayard Street,Major Edge,MAJOR,107.00000000,135581.00000000,12.00000000,0.00000000,1.00000000,0.00000000,3.50000000,106.00000000,0.00000000,t,01050000A0110F000001000000010200008002000000000000A0476C5FC100000070EEF5524100000080C5CC274000000040386C5FC100000070E7F55241000000C0D9432940
527,STREET,CROSSING,roads.cga,Start,BroadStreet,Major Edge,MAJOR,380.00000000,135581.00000000,16.00000000,0.00000000,1.00000000,0.00000000,3.50000000,379.00000000,0.00000000,t,01050000A0110F000001000000010200008002000000000000504C6D5FC1000000B056F55241000000C0DFBC2540000000C0466D5FC1000000005CF552410000000039E42540
528,CROSSING,STREET,roads.cga,Start,Dutch Street,Major Edge,MAJOR,131.00000000,-258260.00000000,12.00000000,0.00000000,1.00000000,0.00000000,3.50000000,130.00000000,0.00000000,t,01050000A0110F000001000000010200008002000000000000006D6D5FC1000000900EF5524100000080E91822400000F8E4646D5FC10000400819F55241000000C019DB2240
529,CROSSING,STREET,roads.cga,Start,GravelStreet,Major Edge,MAJOR,18.00000000,135581.00000000,6.00000000,0.00000000,1.00000000,0.00000000,3.50000000,17.00000000,0.00000000,t,01050000A0110F000001000000010200008002000000000000B0E36C5FC100000060A8F552410000000005C72040000000D0CF6C5FC100000000AEF552410000000030B21640
530,CROSSING,STREET,roads.cga,Start,Alley,Major Edge,MAJOR,645.00000000,417195.00000000,12.00000000,0.00000000,1.00000000,0.00000000,3.50000000,644.00000000,0.00000000,t,01050000A0110F000001000000010200008002000000000000400B6E5FC1000000F09AF4524100000000DC031B4000000030106E5FC1000000A092F452410000000008CE1840
531,STREET,CROSSING,roads.cga,Start,ChambersStreet,Major Edge,MAJOR,528.00000000,-258260.00000000,14.00000000,0.00000000,1.00000000,0.00000000,3.50000000,527.00000000,0.00000000,t,01050000A0110F000001000000010200008002000000000000904F6D5FC1000000E0CEF5524100000080E362234000000000436D5FC1000000A0C6F5524100000000E28F2440
532,CROSSING,CROSSING,piers.cga,Start,Pier,Major Edge,MAJOR,606.00000000,231022.00000000,6.00000000,0.00000000,1.00000000,0.00000000,3.50000000,605.00000000,0.00000000,t,01050000A0110F00000100000001020000800200000000000050386E5FC1000000D05AF4524100000000F87DF23F000000B0376E5FC1000000B064F4524100000000F87DF23F
533,STREET,STREET,roads.cga,Start,FultonStreet,Major Edge,MAJOR,477.00000000,-258260.00000000,14.00000000,0.00000000,1.00000000,0.00000000,3.50000000,476.00000000,0.00000000,t,01050000A0110F000001000000010200008002000000000000701F6D5FC10000007000F5524100000000E1A91840000000E01B6D5FC1000000D0FAF4524100000000E44F1640
534,CROSSING,CROSSING,roads.cga,Start,GravelStreet,Major Edge,MAJOR,606.00000000,231022.00000000,6.00000000,0.00000000,1.00000000,0.00000000,3.50000000,605.00000000,0.00000000,t,01050000A0110F000001000000010200008002000000000000303F6D5FC1000000207CF4524100000000F87DF23F000000B04C6D5FC1000000F06FF4524100000000F87DF23F
535,CROSSING,STREET,roads.cga,Start,WarrenStreet,Major Edge,MAJOR,313.00000000,515711.00000000,14.00000000,0.00000000,1.00000000,0.00000000,3.50000000,312.00000000,0.00000000,t,01050000A0110F000001000000010200008002000000000000D0A06D5FC100000050E5F5524100000000E1A91840000000A0986D5FC100000060E0F55241000000005BD41840
536,STREET,CROSSING,roads.cga,Start,Prince Street,Major Edge,MAJOR,540.00000000,417195.00000000,12.00000000,0.00000000,1.00000000,0.00000000,3.50000000,539.00000000,0.00000000,t,01050000A0110F000001000000010200008002000000000000D0F46C5FC1000000E05DF5524100000000BCA11840000000F0FE6C5FC1000000F058F552410000000044D01440
537,CROSSING,STREET,roads.cga,Start,ExchangePl,Major Edge,MAJOR,243.00000000,231022.00000000,12.00000000,0.00000000,1.00000000,0.00000000,3.50000000,242.00000000,0.00000000,t,01050000A0110F00000100000001020000800200000000000000DD6D5FC100000090B0F452410000000088A8184000000080E46D5FC1000000A0B4F4524100000080A3E31F40
538,STREET,STREET,piers.cga,Start,Pier,Major Edge,MAJOR,606.00000000,231022.00000000,6.00000000,0.00000000,1.00000000,0.00000000,3.50000000,605.00000000,0.00000000,t,01050000A0110F00000100000001020000800200000000000020056E5FC1000000C05BF5524100000000F87DF23F00000040FB6D5FC1000000406DF5524100000000F87DF23F
539,STREET,CROSSING,roads.cga,Start,Broadway,Major Edge,MAJOR,260.00000000,-258260.00000000,24.00000000,0.00000000,1.00000000,0.00000000,3.50000000,259.00000000,-2.00000000,t,01050000A0110F00000100000001020000800200000000000070626D5FC1000000E094F55241000000403960264000000010686D5FC1000000F08BF55241000000C0DFBC2540
540,CROSSING,STREET,piers.cga,Start,Pier,Major Edge,MAJOR,606.00000000,231022.00000000,6.00000000,0.00000000,1.00000000,0.00000000,3.50000000,605.00000000,0.00000000,t,01050000A0110F00000100000001020000800200000000000060356E5FC10000002094F4524100000000F87DF23F000000D0316E5FC1000000D09FF4524100000000F87DF23F
541,STREET,CROSSING,roads.cga,Start,MottStreet,Major Edge,MAJOR,372.00000000,135581.00000000,12.00000000,0.00000000,1.00000000,0.00000000,3.50000000,371.00000000,0.00000000,t,01050000A0110F00000100000001020000800200000000000010476C5FC10000005045F65241000000C0DFBC254000000050426C5FC1000000D04FF65241000000C0CDB52440
542,STREET,CROSSING,roads.cga,Start,BroadStreet,Major Edge,MAJOR,256.00000000,-23593.00000000,16.00000000,0.00000000,1.00000000,0.00000000,3.50000000,255.00000000,0.00000000,t,01050000A0110F00000100000001020000800200000000000060846D5FC1000000A015F55241000000801DEC1F40000000507D6D5FC1000000601EF552410000000027282140
543,STREET,CROSSING,roads.cga,Start,LumberStreet,Major Edge,MAJOR,216.00000000,-258260.00000000,18.00000000,0.00000000,1.00000000,0.00000000,3.50000000,215.00000000,0.00000000,t,01050000A0110F000001000000010200008002000000000000D07F6D5FC1000000C0C9F55241000000C0C4F82040000000A07C6D5FC100000060CFF55241000000C075F42040
544,CROSSING,STREET,roads.cga,Start,BroadStreet,Major Edge,MAJOR,256.00000000,-23593.00000000,16.00000000,0.00000000,1.00000000,0.00000000,3.50000000,255.00000000,0.00000000,t,01050000A0110F000001000000010200008002000000000000608B6D5FC1000000F00CF5524100000000293C1E4000000060846D5FC1000000A015F55241000000801DEC1F40
545,STREET,STREET,roads.cga,Start,FultonStreet,Major Edge,MAJOR,506.00000000,-258260.00000000,14.00000000,0.00000000,1.00000000,0.00000000,3.50000000,505.00000000,0.00000000,t,01050000A0110F00000100000001020000800200000000000090A26D5FC1000000505DF5524100000080E5352240000000B0AA6D5FC10000002062F5524100000080E7082140
546,STREET,STREET,roads.cga,Start,WarrenStreet,Major Edge,MAJOR,313.00000000,515711.00000000,14.00000000,0.00000000,1.00000000,0.00000000,3.50000000,312.00000000,0.00000000,t,01050000A0110F00000100000001020000800200000000000050B46D5FC1000000D0F0F55241000000002712134000000050BE6D5FC1000000C0F6F552410000000076731040
547,STREET,CROSSING,roads.cga,Start,GravelStreet,Major Edge,MAJOR,606.00000000,231022.00000000,6.00000000,0.00000000,1.00000000,0.00000000,3.50000000,605.00000000,0.00000000,t,01050000A0110F000001000000010200008002000000000000D0F36C5FC100000020CFF4524100000000FC670040000000E0EF6C5FC1000000C0C8F4524100000000F87DF23F
548,STREET,CROSSING,roads.cga,Start,WBroadway,Major Edge,MAJOR,128.00000000,515711.00000000,18.00000000,0.00000000,1.00000000,0.00000000,3.50000000,127.00000000,0.00000000,t,01050000A0110F000001000000010200008002000000000000908D6D5FC10000000003F6524100000000E1A9184000000080936D5FC1000000D0F9F5524100000000E1A91840
549,STREET,STREET,roads.cga,Start,DeyStreet_crossing,Major Edge,MAJOR,86.00000000,-258260.00000000,14.00000000,0.00000000,1.00000000,0.00000000,3.50000000,85.00000000,0.00000000,t,01050000A0110F00000100000001020000800200000000000030AE6D5FC1000000F049F5524100000080E7082140000000D0B66D5FC1000000804FF5524100000000D3B71F40
550,CROSSING,CROSSING,piers.cga,Start,Pier,Major Edge,MAJOR,606.00000000,231022.00000000,6.00000000,0.00000000,1.00000000,0.00000000,3.50000000,605.00000000,0.00000000,t,01050000A0110F00000100000001020000800200000000000060EE6D5FC10000004066F5524100000000F87DF23F00000010EB6D5FC1000000706BF5524100000000F87DF23F
551,CROSSING,CROSSING,roads.cga,Start,gravel,Major Edge,MAJOR,532.00000000,-365802.00000000,12.00000000,0.00000000,1.00000000,0.00000000,3.50000000,531.00000000,0.00000000,t,01050000A0110F000001000000010200008002000000000000E0056E5FC10000004031F4524100000000F41B0540000000D00E6E5FC1000000D02FF4524100000000F41B0540
552,STREET,STREET,roads.cga,Start,ReadeStreet,Major Edge,MAJOR,632.00000000,-258260.00000000,14.00000000,0.00000000,1.00000000,0.00000000,3.50000000,631.00000000,0.00000000,t,01050000A0110F000001000000010200008002000000000000D0756D5FC10000007001F6524100000000E8301940000000D07F6D5FC10000009007F6524100000000E1A91840
553,CROSSING,STREET,roads.cga,Start,George Street,Major Edge,MAJOR,664.00000000,319784.00000000,12.00000000,0.00000000,1.00000000,0.00000000,3.50000000,663.00000000,0.00000000,t,01050000A0110F00000100000001020000800200000000000020206D5FC10000000053F5524100000080BBE21C40000000602B6D5FC1000000D060F552410000004095542340
554,CROSSING,STREET,roads.cga,Start,DivisionStreet,Major Edge,MAJOR,338.00000000,135581.00000000,12.00000000,0.00000000,1.00000000,0.00000000,3.50000000,337.00000000,0.00000000,t,01050000A0110F000001000000010200008002000000000000101E6C5FC100000050C8F55241000000C0DDE9264000000000136C5FC100000010C9F55241000000C0DB162840
555,STREET,STREET,roads.cga,Start,MulberryStreet,Major Edge,MAJOR,158.00000000,135581.00000000,14.00000000,0.00000000,1.00000000,0.00000000,3.50000000,157.00000000,0.00000000,t,01050000A0110F00000100000001020000800200000000000000886C5FC100000080EFF55241000000003D6B194000000040846C5FC100000060FAF5524100000000DC031B40
556,STREET,CROSSING,roads.cga,Start,gravel,Major Edge,MAJOR,415.00000000,231022.00000000,10.00000000,0.00000000,1.00000000,0.00000000,3.50000000,414.00000000,0.00000000,t,01050000A0110F000001000000010200008002000000000000D00A6E5FC1000000F068F4524100000000EC9B114000000030156E5FC1000000F067F4524100000000EC9B1140
557,STREET,STREET,roads.cga,Start,Batavia Lane,Major Edge,MAJOR,386.00000000,417195.00000000,12.00000000,0.00000000,1.00000000,0.00000000,3.50000000,385.00000000,0.00000000,t,01050000A0110F000001000000010200008002000000000000C0736C5FC1000000E041F5524100000000E8CF0940000000606B6C5FC10000004043F5524100000000E8CF0940
558,CROSSING,CROSSING,roads.cga,Start,GravelStreet,Major Edge,MAJOR,606.00000000,231022.00000000,6.00000000,0.00000000,1.00000000,0.00000000,3.50000000,605.00000000,0.00000000,t,01050000A0110F00000100000001020000800200000000000040EA6C5FC1000000D0D8F45241000000001CE30440000000D0E46C5FC1000000F0CFF4524100000000F87DF23F
559,STREET,CROSSING,roads.cga,Start,John Street,Major Edge,MAJOR,46.00000000,-258260.00000000,18.00000000,0.00000000,1.00000000,0.00000000,3.50000000,45.00000000,0.00000000,t,01050000A0110F00000100000001020000800200000000000050406D5FC100000030E8F4524100000000B0A01440000000F0396D5FC1000000D0E2F45241000000009CC71140
560,STREET,CROSSING,roads.cga,Start,Pell Street,Major Edge,MAJOR,355.00000000,135581.00000000,12.00000000,0.00000000,1.00000000,0.00000000,3.50000000,354.00000000,0.00000000,t,01050000A0110F00000100000001020000800200000000000050676C5FC1000000C0E3F5524100000000E28F244000000070726C5FC100000010E7F55241000000C032252240
561,CROSSING,STREET,roads.cga,Start,LibertyStreet,Major Edge,MAJOR,498.00000000,231022.00000000,30.00000000,0.00000000,1.00000000,0.00000000,3.50000000,497.00000000,0.00000000,t,01050000A0110F000001000000010200008002000000000000503A6D5FC100000070A1F4524100000000FC670040000000A0326D5FC1000000409AF45241000000000868F73F
562,STREET,CROSSING,roads.cga,Start,WaterStreet,Major Edge,MAJOR,151.00000000,417195.00000000,6.00000000,0.00000000,1.00000000,0.00000000,3.50000000,150.00000000,0.00000000,t,01050000A0110F000001000000010200008002000000000000B0656C5FC1000000E01CF5524100000000F41B0540000000D06A6C5FC1000000D01BF5524100000000F87DF23F
563,STREET,CROSSING,roads.cga,Start,PearlStreet,Major Edge,MAJOR,532.00000000,-365802.00000000,16.00000000,0.00000000,1.00000000,0.00000000,3.50000000,531.00000000,0.00000000,t,01050000A0110F00000100000001020000800200000000000070336D5FC1000000A0CBF4524100000000FC670040000000002C6D5FC1000000D0CEF4524100000000FC670040
564,STREET,CROSSING,roads.cga,Start,PearlStreet,Major Edge,MAJOR,532.00000000,-365802.00000000,16.00000000,0.00000000,1.00000000,0.00000000,3.50000000,531.00000000,0.00000000,t,01050000A0110F000001000000010200008002000000000000C0686D5FC10000008094F4524100000000E8CF0940000000D0616D5FC1000000809DF452410000000072D50840
565,STREET,CROSSING,roads.cga,Start,GravelStreet,Major Edge,MAJOR,170.00000000,231022.00000000,3.00000000,0.00000000,1.00000000,0.00000000,3.50000000,169.00000000,0.00000000,t,01050000A0110F00000100000001020000800200000000000040BF6D5FC1000000F04DF452410000000002790040000000C0B76D5FC10000005050F4524100000000F41B0540
566,CROSSING,STREET,roads.cga,Start,PearlStreet,Major Edge,MAJOR,532.00000000,-365802.00000000,16.00000000,0.00000000,1.00000000,0.00000000,3.50000000,531.00000000,0.00000000,t,01050000A0110F000001000000010200008002000000000000D0616D5FC1000000809DF452410000000072D5084000000030596D5FC1000000D0A9F4524100000000F41B0540
567,STREET,STREET,roads.cga,Start,BoweryStreet,Major Edge,MAJOR,78.00000000,135581.00000000,26.00000000,0.00000000,1.00000000,0.00000000,3.50000000,77.00000000,0.00000000,t,01050000A0110F00000100000001020000800200000000000000536C5FC100000080B9F552410000000020AC244000000000506C5FC1000000D0BCF55241000000C0DFBC2540
568,CROSSING,CROSSING,roads.cga,Start,GreenwichStreet,Major Edge,MAJOR,93.00000000,515711.00000000,18.00000000,0.00000000,1.00000000,0.00000000,3.50000000,92.00000000,0.00000000,t,01050000A0110F000001000000010200008002000000000000E0F76D5FC10000003024F552410000000086C40B40000000D0FB6D5FC1000000E017F5524100000000E8CF0940
569,STREET,STREET,roads.cga,Start,Vesey Street,Major Edge,MAJOR,371.00000000,-258260.00000000,16.00000000,0.00000000,1.00000000,0.00000000,3.50000000,370.00000000,0.00000000,t,01050000A0110F000001000000010200008002000000000000D0A26D5FC10000007076F5524100000080C445204000000040976D5FC10000004070F5524100000080E5352240
570,STREET,STREET,piers.cga,Start,Pier,Major Edge,MAJOR,606.00000000,231022.00000000,6.00000000,0.00000000,1.00000000,0.00000000,3.50000000,605.00000000,0.00000000,t,01050000A0110F00000100000001020000800200000000000070186E5FC10000000002F5524100000000F87DF23F00000090146E5FC1000000700AF5524100000000F87DF23F
571,CROSSING,STREET,roads.cga,Start,PearlStreet,Major Edge,MAJOR,532.00000000,-365802.00000000,16.00000000,0.00000000,1.00000000,0.00000000,3.50000000,531.00000000,0.00000000,t,01050000A0110F000001000000010200008002000000000000F0C16C5FC1000000201BF5524100000000E1A91840000000F0B96C5FC1000000A025F5524100000000E1A91840
572,STREET,CROSSING,roads.cga,Start,WaterStreet,Major Edge,MAJOR,7.00000000,487402.00000000,6.00000000,0.00000000,1.00000000,0.00000000,3.50000000,6.00000000,0.00000000,t,01050000A0110F00000100000001020000800200000000000040F06C5FC100000010D5F45241000000004EAB044000000070F56C5FC1000000D0D1F4524100000000FC670040
573,STREET,STREET,roads.cga,Start,Alley,Major Edge,MAJOR,645.00000000,417195.00000000,12.00000000,0.00000000,1.00000000,0.00000000,3.50000000,644.00000000,0.00000000,t,01050000A0110F000001000000010200008002000000000000B0FF6D5FC100000020ABF45241000000800CA41F4000000020056E5FC100000080A3F4524100000080C6721D40
574,CROSSING,CROSSING,piers.cga,Start,Pier,Major Edge,MAJOR,606.00000000,231022.00000000,6.00000000,0.00000000,1.00000000,0.00000000,3.50000000,605.00000000,0.00000000,t,01050000A0110F000001000000010200008002000000000000808D6D5FC10000006036F4524100000000F87DF23F000000D0846D5FC1000000103DF4524100000000F87DF23F
575,CROSSING,CROSSING,Landscape_Design_Greenspace/Greenspace Construction.cga,GreenSpace,greenspace,Major Edge,MAJOR,313.00000000,515711.00000000,14.00000000,0.00000000,1.00000000,0.00000000,3.50000000,312.00000000,0.00000000,t,01050000A0110F00000100000001020000800200000000000030256D5FC1000000C0B4F55241000000C0DDE92640000000C02D6D5FC1000000E09EF55241000000C0D9432940
576,CROSSING,STREET,roads.cga,Start,gravel,Major Edge,MAJOR,415.00000000,231022.00000000,10.00000000,0.00000000,1.00000000,0.00000000,3.50000000,414.00000000,0.00000000,t,01050000A0110F00000100000001020000800200000000000030156E5FC1000000F067F4524100000000EC9B1140000000001F6E5FC10000000067F4524100000000EC9B1140
577,STREET,DEAD_END,roads.cga,Start,MottStreet,Major Edge,MAJOR,372.00000000,135581.00000000,12.00000000,0.00000000,1.00000000,0.00000000,3.50000000,371.00000000,0.00000000,t,01050000A0110F000001000000010200008002000000000000A03D6C5FC1000000105AF65241000000805B5E2440000000C0386C5FC1000000C064F6524100000000C2DF2240
578,STREET,CROSSING,Wharf_Modules.cga,Start,Split Line,Major Edge,MAJOR,64.00000000,231022.00000000,0.00000000,0.00000000,1.00000000,0.00000000,3.50000000,63.00000000,0.00000000,t,01050000A0110F000001000000010200008002000000000000002D6C5FC1000000F025F5524100000000F87DF23F00000070306C5FC1000000A036F5524100000000BCC60040
579,CROSSING,STREET,piers.cga,Start,Pier,Major Edge,MAJOR,606.00000000,231022.00000000,6.00000000,0.00000000,1.00000000,0.00000000,3.50000000,605.00000000,0.00000000,t,01050000A0110F00000100000001020000800200000000000060DC6C5FC1000000F0D6F4524100000000F87DF23F000000D0DD6C5FC100000050D9F4524100000000F87DF23F
580,STREET,CROSSING,roads.cga,Start,Broadway,Major Edge,MAJOR,260.00000000,-258260.00000000,32.00000000,0.00000000,1.00000000,0.00000000,3.50000000,259.00000000,-2.00000000,t,01050000A0110F00000100000001020000800200000000000070B06D5FC1000000901BF5524100000080E362234000000070B86D5FC1000000E00FF5524100000080E3622340
581,CROSSING,STREET,roads.cga,Start,James Street,Major Edge,MAJOR,102.00000000,417195.00000000,14.00000000,0.00000000,1.00000000,0.00000000,3.50000000,101.00000000,0.00000000,t,01050000A0110F00000100000001020000800200000000000020676C5FC1000000D055F5524100000000E8CF094000000060656C5FC1000000304DF5524100000000E8CF0940
582,STREET,CROSSING,roads.cga,Start,William Street,Major Edge,MAJOR,79.00000000,231022.00000000,14.00000000,0.00000000,1.00000000,0.00000000,3.50000000,78.00000000,0.00000000,t,01050000A0110F00000100000001020000800200000000000000946D5FC100000010B5F452410000008096692040000000908D6D5FC1000000F0BEF4524100000080E7082140
583,CROSSING,CROSSING,roads.cga,Start,Broadway,Major Edge,MAJOR,260.00000000,-258260.00000000,32.00000000,0.00000000,1.00000000,0.00000000,3.50000000,259.00000000,-2.00000000,t,01050000A0110F00000100000001020000800200000000000030D86D5FC100000050DCF4524100000000CD01254000000070DE6D5FC100000010D1F4524100000040332F2440
584,STREET,CROSSING,roads.cga,Start,BroadStreet,Major Edge,MAJOR,484.00000000,231022.00000000,18.00000000,0.00000000,1.00000000,0.00000000,3.50000000,483.00000000,0.00000000,t,01050000A0110F000001000000010200008002000000000000D0D26D5FC10000003082F4524100000000E8CF0940000000E0D36D5FC10000001077F452410000000006660540
585,STREET,STREET,roads.cga,Start,Alley,Major Edge,MAJOR,645.00000000,417195.00000000,12.00000000,0.00000000,1.00000000,0.00000000,3.50000000,644.00000000,0.00000000,t,01050000A0110F00000100000001020000800200000000000020156E5FC1000000508AF4524100000000E44F1640000000D0196E5FC10000007082F4524100000000E8F51340
586,CROSSING,STREET,piers.cga,Start,Pier,Major Edge,MAJOR,606.00000000,231022.00000000,8.00000000,0.00000000,1.00000000,0.00000000,3.50000000,605.00000000,0.00000000,t,01050000A0110F00000100000001020000800200000000000010126E5FC10000001025F5524100000000F87DF23F000000B0196E5FC10000007029F5524100000000F87DF23F
587,STREET,STREET,roads.cga,Start,PineStreet,Major Edge,MAJOR,261.00000000,231022.00000000,12.00000000,0.00000000,1.00000000,0.00000000,3.50000000,260.00000000,0.00000000,t,01050000A0110F000001000000010200008002000000000000D0776D5FC100000050AEF452410000000038B11540000000C0826D5FC1000000B0B6F45241000000001E8F1D40
588,CROSSING,CROSSING,roads.cga,Start,GravelStreet,Major Edge,MAJOR,645.00000000,417195.00000000,6.00000000,0.00000000,1.00000000,0.00000000,3.50000000,644.00000000,0.00000000,t,01050000A0110F000001000000010200008002000000000000001E6E5FC10000004058F4524100000000E0830E400000E88E296E5FC10000303E55F4524100000000E0830E40
589,STREET,CROSSING,roads.cga,Start,ChrystieStreet,Major Edge,MAJOR,257.00000000,135581.00000000,14.00000000,0.00000000,1.00000000,0.00000000,3.50000000,256.00000000,0.00000000,t,01050000A0110F00000100000001020000800200000000000060FC6B5FC10000004024F65241000000006200294000000010F86B5FC1000000D02EF65241000000C0DB162840
590,CROSSING,CROSSING,roads.cga,Start,ExchangePl,Major Edge,MAJOR,243.00000000,231022.00000000,10.00000000,0.00000000,1.00000000,0.00000000,3.50000000,242.00000000,0.00000000,t,01050000A0110F00000100000001020000800200000000000040F36D5FC100000080BCF45241000000C00D20224000000060F86D5FC100000070BFF4524100000080E7082140
591,CROSSING,STREET,roads.cga,Start,New Street,Major Edge,MAJOR,166.00000000,564470.00000000,14.00000000,0.00000000,1.00000000,0.00000000,3.50000000,165.00000000,0.00000000,t,01050000A0110F00000100000001020000800200000000000020F26D5FC10000009077F4524100000000E0830E4000000090ED6D5FC1000000E083F452410000000068491040
592,STREET,CROSSING,roads.cga,Start,BeaverStreet,Major Edge,MAJOR,64.00000000,231022.00000000,14.00000000,0.00000000,1.00000000,0.00000000,3.50000000,63.00000000,0.00000000,t,01050000A0110F00000100000001020000800200000000000040CD6D5FC10000009078F4524100000000D4CF0740000000E0D36D5FC10000001077F452410000000006660540
593,CROSSING,CROSSING,piers.cga,Start,Pier,Major Edge,MAJOR,606.00000000,231022.00000000,6.00000000,0.00000000,1.00000000,0.00000000,3.50000000,605.00000000,0.00000000,t,01050000A0110F000001000000010200008002000000000000B0616C5FC1000000B027F5524100000000F87DF23F00000090626C5FC1000000202CF5524100000000F87DF23F
594,CROSSING,STREET,roads.cga,Start,Batavia Lane,Major Edge,MAJOR,239.00000000,417195.00000000,12.00000000,0.00000000,1.00000000,0.00000000,3.50000000,238.00000000,0.00000000,t,01050000A0110F000001000000010200008002000000000000A0636C5FC10000007044F552410000000070130740000000A0576C5FC10000009046F5524100000000F41B0540
595,CROSSING,STREET,roads.cga,Start,FultonStreet,Major Edge,MAJOR,324.00000000,-258260.00000000,14.00000000,0.00000000,1.00000000,0.00000000,3.50000000,323.00000000,0.00000000,t,01050000A0110F000001000000010200008002000000000000F0446D5FC1000000301FF5524100000080805D214000000050386D5FC10000005016F55241000000802F6E1E40
596,STREET,STREET,piers.cga,Start,Pier,Major Edge,MAJOR,606.00000000,231022.00000000,6.00000000,0.00000000,1.00000000,0.00000000,3.00000000,605.00000000,0.00000000,t,01050000A0110F000001000000010200008002000000000000F0C46D5FC1000000F00BF4524100000000F87DF23F00000000BD6D5FC1000000000EF4524100000000F87DF23F
597,CROSSING,CROSSING,Landscape_Design_Greenspace/Greenspace Construction.cga,GreenSpace,greenspace,Major Edge,MAJOR,620.00000000,-258260.00000000,14.00000000,0.00000000,1.00000000,0.00000000,3.50000000,619.00000000,0.00000000,t,01050000A0110F00000100000001020000800200000000000040746D5FC10000005078F55241000000C0515E2540000000106B6D5FC1000000B070F55241000000C0DFBC2540
598,CROSSING,STREET,roads.cga,Start,GreenwichStreet,Major Edge,MAJOR,93.00000000,515711.00000000,18.00000000,0.00000000,1.00000000,0.00000000,3.50000000,92.00000000,0.00000000,t,01050000A0110F000001000000010200008002000000000000B0CE6D5FC100000030E3F5524100000000E8CF0940000000C0D06D5FC100000060D8F5524100000000E8CF0940
599,STREET,CROSSING,roads.cga,Start,PearlStreet,Major Edge,MAJOR,210.00000000,417195.00000000,16.00000000,0.00000000,1.00000000,0.00000000,3.50000000,209.00000000,0.00000000,t,01050000A0110F00000100000001020000800200000000000050A96C5FC10000008057F5524100000000E1A91840000000C0A96C5FC10000008061F5524100000000E1A91840
600,STREET,STREET,roads.cga,Start,Orange Street,Major Edge,MAJOR,18.00000000,135581.00000000,12.00000000,0.00000000,1.00000000,0.00000000,3.50000000,17.00000000,0.00000000,t,01050000A0110F000001000000010200008002000000000000E0E46C5FC100000090C0F5524100000000FC811C40000000E0DD6C5FC100000060C7F5524100000000E1A91840
601,CROSSING,STREET,piers.cga,Start,Pier,Major Edge,MAJOR,606.00000000,231022.00000000,8.00000000,0.00000000,1.00000000,0.00000000,3.50000000,605.00000000,0.00000000,t,01050000A0110F000001000000010200008002000000000000808D6D5FC10000006036F4524100000000F87DF23F00000080866D5FC1000000602EF4524100000000F87DF23F
602,CROSSING,CROSSING,Landscape_Design_Greenspace/Greenspace Construction.cga,GreenSpace,greenspace,Major Edge,MAJOR,313.00000000,515711.00000000,14.00000000,0.00000000,1.00000000,0.00000000,3.50000000,312.00000000,0.00000000,t,01050000A0110F000001000000010200008002000000000000904F6D5FC10000009096F55241000000C0DB16284000000090606D5FC1000000A085F55241000000C0DDE92640
603,STREET,CROSSING,roads.cga,Start,PineStreet,Major Edge,MAJOR,9.00000000,231022.00000000,12.00000000,0.00000000,1.00000000,0.00000000,3.50000000,8.00000000,0.00000000,t,01050000A0110F00000100000001020000800200000000000070C36D5FC100000040EAF45241000000C0DFBC2540000000F0CB6D5FC1000000C0F0F45241000000C0DFBC2540
604,STREET,CROSSING,roads.cga,Start,DivisionStreet,Major Edge,MAJOR,697.00000000,135581.00000000,12.00000000,0.00000000,1.00000000,0.00000000,3.50000000,696.00000000,0.00000000,t,01050000A0110F00000100000001020000800200000000000080D96B5FC100000030CEF55241000000C0DB16284000000030C76B5FC1000000D0CFF55241000000C0DB162840
605,STREET,DEAD_END,piers.cga,Start,Pier,Major Edge,MAJOR,606.00000000,231022.00000000,8.00000000,0.00000000,1.00000000,0.00000000,3.50000000,605.00000000,0.00000000,t,01050000A0110F00000100000001020000800200000000000080866D5FC1000000602EF4524100000000F87DF23F00000050866D5FC1000000302EF4524100000000F87DF23F
606,CROSSING,CROSSING,roads.cga,Start,gravel,Major Edge,MAJOR,282.00000000,247456.00000000,12.00000000,0.00000000,1.00000000,0.00000000,3.50000000,281.00000000,0.00000000,t,01050000A0110F000001000000010200008002000000000000100D6E5FC1000000F04FF4524100000000E8CF094000000070176E5FC1000000904CF4524100000000E8CF0940
607,STREET,CROSSING,roads.cga,Start,MadisonStreet,Major Edge,MAJOR,191.00000000,417195.00000000,14.00000000,0.00000000,1.00000000,0.00000000,3.50000000,190.00000000,0.00000000,t,01050000A0110F00000100000001020000800200000000000030486C5FC1000000C079F5524100000000E44F164000000060546C5FC1000000B077F5524100000000B4251340
608,CROSSING,STREET,roads.cga,Start,ChambersStreet,Major Edge,MAJOR,528.00000000,-258260.00000000,14.00000000,0.00000000,1.00000000,0.00000000,3.50000000,527.00000000,0.00000000,t,01050000A0110F000001000000010200008002000000000000F0C26D5FC1000000C015F6524100000000E0830E4000000090B76D5FC1000000100FF652410000000082391040
609,CROSSING,CROSSING,roads.cga,Start,BroadStreet,Major Edge,MAJOR,484.00000000,231022.00000000,24.00000000,0.00000000,1.00000000,0.00000000,3.50000000,483.00000000,0.00000000,t,01050000A0110F000001000000010200008002000000000000B0D46D5FC1000000A05BF45241000000001AAE0040000000F0D46D5FC1000000F053F4524100000000FC670040
610,STREET,STREET,roads.cga,Start,John Street,Major Edge,MAJOR,160.00000000,231022.00000000,34.00000000,0.00000000,1.00000000,0.00000000,3.50000000,159.00000000,0.00000000,t,01050000A0110F00000100000001020000800200000000000010296D5FC1000000D0CAF4524100000000FC670040000000D0236D5FC100000020C4F4524100000000FC670040
611,CROSSING,STREET,piers.cga,Start,Pier,Major Edge,MAJOR,606.00000000,231022.00000000,8.00000000,0.00000000,1.00000000,0.00000000,3.50000000,605.00000000,0.00000000,t,01050000A0110F00000100000001020000800200000000000040F96C5FC100000060BEF4524100000000F87DF23F00000090F56C5FC100000030B8F4524100000000F87DF23F
612,CROSSING,CROSSING,roads.cga,Start,Alley,Major Edge,MAJOR,301.00000000,247456.00000000,4.00000000,0.00000000,1.00000000,0.00000000,3.50000000,300.00000000,0.00000000,t,01050000A0110F00000100000001020000800200000000000060586D5FC1000000606CF4524100000000FC67004000000040546D5FC10000000070F4524100000000AE2B0040
613,STREET,STREET,roads.cga,Start,CanalStreet,Major Edge,MAJOR,538.00000000,135581.00000000,16.00000000,0.00000000,1.00000000,0.00000000,3.50000000,537.00000000,0.00000000,t,01050000A0110F00000100000001020000800200000000000070386C5FC1000000B01CF652410000000078E22940000000D0316C5FC10000009019F6524100000080D7702A40
614,STREET,STREET,roads.cga,Start,WarrenStreet,Major Edge,MAJOR,313.00000000,515711.00000000,14.00000000,0.00000000,1.00000000,0.00000000,3.50000000,312.00000000,0.00000000,t,01050000A0110F000001000000010200008002000000000000B08E6D5FC100000050DAF5524100000000403A1B4000000070856D5FC1000000B0D4F55241000000806D951F40
615,STREET,STREET,roads.cga,Start,RoseveltStreet,Major Edge,MAJOR,200.00000000,487402.00000000,14.00000000,0.00000000,1.00000000,0.00000000,3.50000000,199.00000000,0.00000000,t,01050000A0110F000001000000010200008002000000000000B08C6C5FC1000000208AF5524100000000E44F1640000000C08D6C5FC1000000B096F5524100000000E44F1640
616,STREET,DEAD_END,roads.cga,Start,MulberryStreet,Major Edge,MAJOR,326.00000000,135581.00000000,14.00000000,0.00000000,1.00000000,0.00000000,3.50000000,325.00000000,0.00000000,t,01050000A0110F00000100000001020000800200000000000070546C5FC1000000E063F6524100000000155B214000000040506C5FC1000000906DF6524100000080C1672040
617,CROSSING,CROSSING,roads.cga,Start,GravelStreet,Major Edge,MAJOR,64.00000000,231022.00000000,8.00000000,0.00000000,1.00000000,0.00000000,3.50000000,63.00000000,0.00000000,t,01050000A0110F000001000000010200008002000000000000E0306E5FC10000005065F4524100000000E0830E400000E88E296E5FC10000303E55F4524100000000E0830E40
618,CROSSING,STREET,roads.cga,Start,HesterStreet,Major Edge,MAJOR,494.00000000,135581.00000000,12.00000000,0.00000000,1.00000000,0.00000000,3.50000000,493.00000000,0.00000000,t,01050000A0110F00000100000001020000800200000000000050426C5FC1000000D04FF65241000000C0CDB52440000000704E6C5FC10000007055F6524100000080E3622340
619,STREET,CROSSING,roads.cga,Start,PearlStreet,Major Edge,MAJOR,532.00000000,-365802.00000000,16.00000000,0.00000000,1.00000000,0.00000000,3.50000000,531.00000000,0.00000000,t,01050000A0110F00000100000001020000800200000000000060546D5FC100000090B0F45241000000006C530440000000A04F6D5FC100000060B7F452410000000096B30040
620,STREET,STREET,piers.cga,Start,Pier,Major Edge,MAJOR,606.00000000,231022.00000000,6.00000000,0.00000000,1.00000000,0.00000000,3.50000000,605.00000000,0.00000000,t,01050000A0110F00000100000001020000800200000000000040FA6D5FC1000000F013F4524100000000F87DF23F00000050FC6D5FC1000000A013F4524100000000F87DF23F
621,STREET,STREET,roads.cga,Start,King George Street,Major Edge,MAJOR,123.00000000,135581.00000000,10.00000000,0.00000000,1.00000000,0.00000000,3.50000000,122.00000000,0.00000000,t,01050000A0110F000001000000010200008002000000000000D0E86C5FC1000000C075F5524100000080D85D1D4000000030F66C5FC10000004070F5524100000000D3B71F40
622,CROSSING,CROSSING,roads.cga,Start,gravel,Major Edge,MAJOR,64.00000000,231022.00000000,12.00000000,0.00000000,1.00000000,0.00000000,3.50000000,63.00000000,0.00000000,t,01050000A0110F00000100000001020000800200000000000040006E5FC1000000C043F4524100000000E8CF094000000040096E5FC10000006041F4524100000000E8CF0940
623,STREET,CROSSING,roads.cga,Start,Alley,Major Edge,MAJOR,325.00000000,487402.00000000,10.00000000,0.00000000,1.00000000,0.00000000,3.50000000,324.00000000,0.00000000,t,01050000A0110F00000100000001020000800200000000000000E06C5FC100000050ECF45241000000003A860B40000000D0DA6C5FC100000020E3F4524100000000E6EA0240
624,STREET,DEAD_END,piers.cga,Start,Pier,Major Edge,MAJOR,606.00000000,231022.00000000,8.00000000,0.00000000,1.00000000,0.00000000,3.50000000,605.00000000,0.00000000,t,01050000A0110F000001000000010200008002000000000000B0196E5FC10000007029F5524100000000F87DF23F000090001A6E5FC1000000A029F5524100000000F87DF23F
625,CROSSING,STREET,roads.cga,Start,RoseveltStreet,Major Edge,MAJOR,200.00000000,487402.00000000,14.00000000,0.00000000,1.00000000,0.00000000,3.50000000,199.00000000,0.00000000,t,01050000A0110F000001000000010200008002000000000000708A6C5FC10000008070F5524100000000E8F51340000000708B6C5FC1000000207CF5524100000000E8F51340
626,STREET,STREET,roads.cga,Start,Pell Street,Major Edge,MAJOR,355.00000000,135581.00000000,12.00000000,0.00000000,1.00000000,0.00000000,3.50000000,354.00000000,0.00000000,t,01050000A0110F000001000000010200008002000000000000B05A6C5FC100000010E0F55241000000C0DDE9264000000050676C5FC1000000C0E3F5524100000000E28F2440
627,CROSSING,STREET,roads.cga,Start,Skimmers,Major Edge,MAJOR,452.00000000,417195.00000000,12.00000000,0.00000000,1.00000000,0.00000000,3.50000000,451.00000000,0.00000000,t,01050000A0110F000001000000010200008002000000000000F0C36C5FC1000000903DF5524100000000E1A91840000000C0C56C5FC10000000036F5524100000000E1A91840
628,CROSSING,STREET,roads.cga,Start,BoweryStreet,Major Edge,MAJOR,78.00000000,135581.00000000,26.00000000,0.00000000,1.00000000,0.00000000,3.50000000,77.00000000,0.00000000,t,01050000A0110F00000100000001020000800200000000000080406C5FC100000050D8F55241000000C0DB162840000000803C6C5FC1000000B0DFF55241000000C0DB162840
629,STREET,CROSSING,roads.cga,Start,CherryStreet,Major Edge,MAJOR,666.00000000,487402.00000000,14.00000000,0.00000000,1.00000000,0.00000000,3.50000000,665.00000000,0.00000000,t,01050000A0110F000001000000010200008002000000000000B0856C5FC10000000027F55241000000004EEB0D40000000E07E6C5FC1000000F027F5524100000000E8CF0940
630,STREET,STREET,roads.cga,Start,EldrldgStreet,Major Edge,MAJOR,31.00000000,135581.00000000,14.00000000,0.00000000,1.00000000,0.00000000,3.50000000,30.00000000,0.00000000,t,01050000A0110F00000100000001020000800200000000000010E26B5FC100000000E0F5524100000000D327284000000010DF6B5FC100000070E8F55241000000C0D9432940
631,CROSSING,STREET,roads.cga,Start,EldrldgStreet,Major Edge,MAJOR,20.00000000,135581.00000000,14.00000000,0.00000000,1.00000000,0.00000000,3.50000000,19.00000000,0.00000000,t,01050000A0110F000001000000010200008002000000000000F0DA6B5FC1000000C0F3F55241000000C0D943294000000070D36B5FC10000000007F65241000000C0D9432940
632,STREET,STREET,roads.cga,Start,Cliff Street,Major Edge,MAJOR,168.00000000,-258260.00000000,10.00000000,0.00000000,1.00000000,0.00000000,3.50000000,167.00000000,0.00000000,t,01050000A0110F00000100000001020000800200000000000080296D5FC1000000E0EBF4524100000000CC77124000000090316D5FC100000060E7F4524100000000EA8A1240
633,STREET,STREET,roads.cga,Start,MottStreet,Major Edge,MAJOR,145.00000000,135581.00000000,12.00000000,0.00000000,1.00000000,0.00000000,3.50000000,144.00000000,0.00000000,t,01050000A0110F000001000000010200008002000000000000005F6C5FC1000000E011F6524100000080F6612440000000F0596C5FC1000000701CF6524100000040FF292540
634,CROSSING,STREET,piers.cga,Start,Pier,Major Edge,MAJOR,606.00000000,231022.00000000,6.00000000,0.00000000,1.00000000,0.00000000,3.50000000,605.00000000,0.00000000,t,01050000A0110F00000100000001020000800200000000000080F86D5FC10000007054F5524100000000F87DF23F00000020056E5FC1000000C05BF5524100000000F87DF23F
635,STREET,STREET,roads.cga,Start,FultonStreet,Major Edge,MAJOR,477.00000000,-258260.00000000,14.00000000,0.00000000,1.00000000,0.00000000,3.50000000,476.00000000,0.00000000,t,01050000A0110F00000100000001020000800200000000000030156D5FC100000000F0F45241000000002EB91140000000E0116D5FC100000070EAF452410000000054A00E40
636,STREET,CROSSING,piers.cga,Start,Pier,Major Edge,MAJOR,606.00000000,231022.00000000,6.00000000,0.00000000,1.00000000,0.00000000,3.50000000,605.00000000,0.00000000,t,01050000A0110F00000100000001020000800200000000000010106D5FC100000050AEF4524100000000F87DF23F00000030096D5FC100000020B4F4524100000000F87DF23F
637,STREET,STREET,roads.cga,Start,BroadStreet,Major Edge,MAJOR,380.00000000,135581.00000000,16.00000000,0.00000000,1.00000000,0.00000000,3.50000000,379.00000000,0.00000000,t,01050000A0110F00000100000001020000800200000000000040526D5FC10000001051F55241000000C0DFBC2540000000504C6D5FC1000000B056F55241000000C0DFBC2540
638,STREET,STREET,roads.cga,Start,Bayard Street,Major Edge,MAJOR,139.00000000,135581.00000000,8.00000000,0.00000000,1.00000000,0.00000000,3.50000000,138.00000000,0.00000000,t,01050000A0110F00000100000001020000800200000000000090F16B5FC100000090D0F55241000000C0D943294000000060EF6B5FC100000080CFF55241000000402C9E2840
639,CROSSING,STREET,roads.cga,Start,MulberryStreet,Major Edge,MAJOR,158.00000000,135581.00000000,14.00000000,0.00000000,1.00000000,0.00000000,3.50000000,157.00000000,0.00000000,t,01050000A0110F00000100000001020000800200000000000010876C5FC1000000E0D2F5524100000000E1A9184000000000886C5FC100000090DFF5524100000000E1A91840
640,STREET,CROSSING,roads.cga,Start,Broadway,Major Edge,MAJOR,260.00000000,-258260.00000000,24.00000000,0.00000000,1.00000000,0.00000000,3.50000000,259.00000000,-2.00000000,t,01050000A0110F000001000000010200008002000000000000206E6D5FC10000004082F55241000000C0DFBC254000000040746D5FC10000005078F55241000000C0515E2540
641,STREET,DEAD_END,roads.cga,Start,ChrystieStreet,Major Edge,MAJOR,488.00000000,135581.00000000,14.00000000,0.00000000,1.00000000,0.00000000,3.50000000,487.00000000,0.00000000,t,01050000A0110F00000100000001020000800200000000000030EE6B5FC10000000048F65241000000C0DFBC2540000000E0E96B5FC1000000F052F65241000000C0DFBC2540
642,CROSSING,CROSSING,piers.cga,Start,Pier,Major Edge,MAJOR,606.00000000,231022.00000000,6.00000000,0.00000000,1.00000000,0.00000000,3.50000000,605.00000000,0.00000000,t,01050000A0110F000001000000010200008002000000000000E0EF6C5FC1000000C0C8F4524100000000F87DF23F000000F0ED6C5FC1000000A0C5F4524100000000F87DF23F
643,CROSSING,STREET,roads.cga,Start,MottStreet,Major Edge,MAJOR,372.00000000,135581.00000000,12.00000000,0.00000000,1.00000000,0.00000000,3.50000000,371.00000000,0.00000000,t,01050000A0110F000001000000010200008002000000000000D0536C5FC10000004029F65241000000C0DFBC2540000000104B6C5FC1000000903CF65241000000C0DFBC2540
644,STREET,CROSSING,roads.cga,Start,LibertyStreet,Major Edge,MAJOR,498.00000000,231022.00000000,18.00000000,0.00000000,1.00000000,0.00000000,3.50000000,497.00000000,0.00000000,t,01050000A0110F000001000000010200008002000000000000D0586D5FC100000020C0F4524100000000F41B0540000000A04F6D5FC100000060B7F452410000000096B30040
645,STREET,STREET,roads.cga,Start,ElizabethStreet,Major Edge,MAJOR,565.00000000,135581.00000000,14.00000000,0.00000000,1.00000000,0.00000000,3.50000000,564.00000000,0.00000000,t,01050000A0110F000001000000010200008002000000000000A0356C5FC1000000B031F6524100000040B8AC274000000010316C5FC1000000603BF65241000000C0DDE92640
646,STREET,CROSSING,roads.cga,Start,GreenwichStreet,Major Edge,MAJOR,93.00000000,515711.00000000,18.00000000,0.00000000,1.00000000,0.00000000,3.50000000,92.00000000,0.00000000,t,01050000A0110F00000100000001020000800200000000000050C06D5FC1000000E021F6524100000000E0830E40000000F0C26D5FC1000000C015F6524100000000E0830E40
647,STREET,CROSSING,roads.cga,Start,William Street,Major Edge,MAJOR,205.00000000,231022.00000000,14.00000000,0.00000000,1.00000000,0.00000000,3.50000000,204.00000000,0.00000000,t,01050000A0110F000001000000010200008002000000000000809E6D5FC100000020A4F452410000008037B21C40000000A09A6D5FC100000000ABF452410000008059E11D40
648,CROSSING,STREET,roads.cga,Start,Bayard Street,Major Edge,MAJOR,172.00000000,135581.00000000,12.00000000,0.00000000,1.00000000,0.00000000,3.50000000,171.00000000,0.00000000,t,01050000A0110F000001000000010200008002000000000000B0686C5FC1000000A0FDF55241000000002DFD2240000000505D6C5FC100000060F8F5524100000000E28F2440
649,CROSSING,STREET,piers.cga,Start,Pier,Major Edge,MAJOR,606.00000000,231022.00000000,6.00000000,0.00000000,1.00000000,0.00000000,3.50000000,605.00000000,0.00000000,t,01050000A0110F0000010000000102000080020000000000D4C3B46C5FC1000000A0EAF4524100000000F87DF23F00000090AB6C5FC100000050F0F4524100000000F87DF23F
650,STREET,CROSSING,roads.cga,Start,ForsythStreet,Major Edge,MAJOR,62.00000000,135581.00000000,14.00000000,0.00000000,1.00000000,0.00000000,3.50000000,61.00000000,0.00000000,t,01050000A0110F000001000000010200008002000000000000D0E66B5FC1000000601CF65241000000C0D9432940000000D0E26B5FC10000007026F65241000000C0DB162840
651,STREET,STREET,roads.cga,Start,GravelStreet,Major Edge,MAJOR,18.00000000,135581.00000000,6.00000000,0.00000000,1.00000000,0.00000000,3.50000000,17.00000000,0.00000000,t,01050000A0110F000001000000010200008002000000000000D0CF6C5FC100000000AEF552410000000030B21640000000C0C56C5FC1000000D0B0F5524100000000E8F51340
652,CROSSING,CROSSING,roads.cga,Start,GravelStreet,Major Edge,MAJOR,606.00000000,231022.00000000,6.00000000,0.00000000,1.00000000,0.00000000,3.50000000,605.00000000,0.00000000,t,01050000A0110F000001000000010200008002000000000000D0806D5FC1000000D053F4524100000000F87DF23F00000080786D5FC1000000805AF4524100000000FC670040
653,CROSSING,STREET,roads.cga,Start,ReadeStreet,Major Edge,MAJOR,144.00000000,-258260.00000000,14.00000000,0.00000000,1.00000000,0.00000000,3.50000000,143.00000000,0.00000000,t,01050000A0110F00000100000001020000800200000000000090876D5FC1000000500CF6524100000000FB52174000000050956D5FC10000006014F65241000000007F4F1640
654,CROSSING,STREET,piers.cga,Start,Pier,Major Edge,MAJOR,606.00000000,231022.00000000,6.00000000,0.00000000,1.00000000,0.00000000,3.50000000,605.00000000,0.00000000,t,01050000A0110F00000100000001020000800200000000000060FD6D5FC1000000104BF5524100000000F87DF23F000000200D6E5FC10000006054F5524100000000F87DF23F
655,STREET,STREET,roads.cga,Start,ExchangePl,Major Edge,MAJOR,592.00000000,231022.00000000,12.00000000,0.00000000,1.00000000,0.00000000,3.50000000,591.00000000,0.00000000,t,01050000A0110F000001000000010200008002000000000000E0D36D5FC100000020ABF4524100000000EE801340000000B0CF6D5FC1000000D0A8F4524100000000EC9B1140
656,CROSSING,STREET,roads.cga,Start,MadisonStreet,Major Edge,MAJOR,552.00000000,417195.00000000,12.00000000,0.00000000,1.00000000,0.00000000,3.50000000,551.00000000,0.00000000,t,01050000A0110F000001000000010200008002000000000000708A6C5FC10000008070F5524100000000E8F51340000000E07C6C5FC10000005072F5524100000000EC9B1140
657,CROSSING,STREET,piers.cga,Start,Pier,Major Edge,MAJOR,606.00000000,231022.00000000,6.00000000,0.00000000,1.00000000,0.00000000,3.50000000,605.00000000,0.00000000,t,01050000A0110F00000100000001020000800200000000000010D06C5FC100000030DBF4524100000000F87DF23F00000030CC6C5FC100000080D5F4524100000000F87DF23F
658,STREET,DEAD_END,piers.cga,Start,Pier,Major Edge,MAJOR,606.00000000,231022.00000000,6.00000000,0.00000000,1.00000000,0.00000000,3.50000000,605.00000000,0.00000000,t,01050000A0110F00000100000001020000800200000000000000906C5FC1000000B005F5524100000000F87DF23F000000F08F6C5FC10000007005F5524100000000F87DF23F
659,STREET,STREET,roads.cga,Start,WaterStreet,Major Edge,MAJOR,597.00000000,231022.00000000,16.00000000,0.00000000,1.00000000,0.00000000,3.50000000,596.00000000,0.00000000,t,01050000A0110F00000100000001020000800200000000000070136D5FC100000050C4F4524100000000FC670040000000500B6D5FC100000000CBF4524100000000FC670040
660,STREET,CROSSING,roads.cga,Start,PearlStreet,Major Edge,MAJOR,196.00000000,417195.00000000,16.00000000,0.00000000,1.00000000,0.00000000,3.50000000,195.00000000,0.00000000,t,01050000A0110F000001000000010200008002000000000000A0AA6C5FC10000004085F5524100000000E1A9184000000090AA6C5FC1000000008CF5524100000000784B1840
661,STREET,STREET,roads.cga,Start,LibertyStreet,Major Edge,MAJOR,238.00000000,231022.00000000,12.00000000,0.00000000,1.00000000,0.00000000,3.50000000,237.00000000,0.00000000,t,01050000A0110F00000100000001020000800200000000000030A16D5FC10000005002F5524100000080E362234000000050A66D5FC10000009005F5524100000080E3622340
662,STREET,CROSSING,roads.cga,Start,HesterStreet,Major Edge,MAJOR,134.00000000,135581.00000000,12.00000000,0.00000000,1.00000000,0.00000000,3.50000000,133.00000000,0.00000000,t,01050000A0110F000001000000010200008002000000000000B0056C5FC1000000A034F65241000000C0DDE9264000000010F86B5FC1000000D02EF65241000000C0DB162840
663,CROSSING,CROSSING,roads.cga,Start,WaterStreet,Major Edge,MAJOR,447.00000000,487402.00000000,6.00000000,0.00000000,1.00000000,0.00000000,3.50000000,446.00000000,0.00000000,t,01050000A0110F00000100000001020000800200000000000070F56C5FC1000000D0D1F4524100000000FC670040000000A0006D5FC100000040CBF4524100000000F87DF23F
664,CROSSING,STREET,roads.cga,Start,GravelStreet,Major Edge,MAJOR,63.00000000,-33958.00000000,12.00000000,0.00000000,1.00000000,0.00000000,3.50000000,62.00000000,0.00000000,t,01050000A0110F000001000000010200008002000000000000E09A6D5FC1000000C065F4524100000000E8CF0940000000C0936D5FC1000000905DF4524100000000F41B0540
665,CROSSING,STREET,roads.cga,Start,William Street,Major Edge,MAJOR,503.00000000,693240.00000000,14.00000000,0.00000000,1.00000000,0.00000000,3.50000000,502.00000000,0.00000000,t,01050000A0110F000001000000010200008002000000000000305D6D5FC10000003000F552410000000001C81D4000000000576D5FC10000001008F5524100000000897C2040
666,STREET,STREET,piers.cga,Start,Pier,Major Edge,MAJOR,606.00000000,231022.00000000,6.00000000,0.00000000,1.00000000,0.00000000,3.50000000,605.00000000,0.00000000,t,01050000A0110F00000100000001020000800200000000000010296E5FC100000070B9F4524100000000F87DF23F00000040256E5FC1000000B0C3F4524100000000F87DF23F
667,STREET,STREET,roads.cga,Start,PearlStreet,Major Edge,MAJOR,532.00000000,-365802.00000000,16.00000000,0.00000000,1.00000000,0.00000000,3.50000000,531.00000000,0.00000000,t,01050000A0110F00000100000001020000800200000000000070776D5FC10000009080F4524100000000E0830E4000006094796D5FC10000F0F77DF45241000000001EA00E40
668,STREET,STREET,roads.cga,Start,BoweryStreet,Major Edge,MAJOR,340.00000000,135581.00000000,26.00000000,0.00000000,1.00000000,0.00000000,3.50000000,339.00000000,0.00000000,t,01050000A0110F000001000000010200008002000000000000907A6D5FC1000000E05EF5524100000000E28F2440000000C06C6D5FC10000000064F55241000000C0DFBC2540
669,STREET,STREET,piers.cga,Start,Pier,Major Edge,MAJOR,606.00000000,231022.00000000,6.00000000,0.00000000,1.00000000,0.00000000,3.50000000,605.00000000,0.00000000,t,01050000A0110F00000100000001020000800200000000000050A66D5FC10000002023F4524100000000F87DF23F00000000A56D5FC10000006023F4524100000000F87DF23F
670,CROSSING,STREET,roads.cga,Start,Coentis Ally,Major Edge,MAJOR,530.00000000,231022.00000000,10.00000000,0.00000000,1.00000000,0.00000000,3.50000000,529.00000000,0.00000000,t,01050000A0110F000001000000010200008002000000000000A0BB6D5FC10000005058F4524100000000F41B054000000090B96D5FC10000000054F4524100000000F41B0540
671,STREET,CROSSING,piers.cga,Start,Pier,Major Edge,MAJOR,606.00000000,231022.00000000,6.00000000,0.00000000,1.00000000,0.00000000,3.50000000,605.00000000,0.00000000,t,01050000A0110F000001000000010200008002000000000000A0166E5FC1000000700EF4524100000000F87DF23F000000C0186E5FC1000000A018F4524100000000F87DF23F
672,STREET,STREET,piers.cga,Start,Pier,Major Edge,MAJOR,606.00000000,231022.00000000,6.00000000,0.00000000,1.00000000,0.00000000,3.50000000,605.00000000,0.00000000,t,01050000A0110F00000100000001020000800200000000000070FF6C5FC100000040BCF4524100000000F87DF23F000000F0046D5FC100000000C3F4524100000000F87DF23F
673,STREET,CROSSING,roads.cga,Start,Rector Street,Major Edge,MAJOR,190.00000000,231022.00000000,6.00000000,0.00000000,1.00000000,0.00000000,3.50000000,189.00000000,0.00000000,t,01050000A0110F000001000000010200008002000000000000D0236E5FC1000000707DF4524100000000EC9B114000000070266E5FC10000002077F4524100000000EC9B1140
674,CROSSING,STREET,roads.cga,Start,BoweryStreet,Major Edge,MAJOR,78.00000000,135581.00000000,28.00000000,0.00000000,1.00000000,0.00000000,3.50000000,77.00000000,0.00000000,t,01050000A0110F00000100000001020000800200000000000040386C5FC100000070E7F55241000000C0D9432940000000D0336C5FC1000000D0F0F55241000000009EAA2940
675,CROSSING,STREET,piers.cga,Start,Pier,Major Edge,MAJOR,606.00000000,231022.00000000,6.00000000,0.00000000,1.00000000,0.00000000,3.50000000,605.00000000,0.00000000,t,01050000A0110F00000100000001020000800200000000000020DF6C5FC1000000C0C6F4524100000000F87DF23F00000030E46C5FC100000060C3F4524100000000F87DF23F
676,CROSSING,STREET,roads.cga,Start,Bayard Street,Major Edge,MAJOR,71.00000000,135581.00000000,12.00000000,0.00000000,1.00000000,0.00000000,3.50000000,70.00000000,0.00000000,t,01050000A0110F00000100000001020000800200000000000040386C5FC100000070E7F55241000000C0D943294000000040276C5FC100000090E1F5524100000080D7702A40
677,CROSSING,CROSSING,piers.cga,Start,Pier,Major Edge,MAJOR,606.00000000,231022.00000000,6.00000000,0.00000000,1.00000000,0.00000000,3.50000000,605.00000000,0.00000000,t,01050000A0110F000001000000010200008002000000000000B0616C5FC1000000B027F5524100000000F87DF23F000000705D6C5FC10000006028F5524100000000F87DF23F
678,STREET,CROSSING,piers.cga,Start,Pier,Major Edge,MAJOR,606.00000000,231022.00000000,6.00000000,0.00000000,1.00000000,0.00000000,3.50000000,605.00000000,0.00000000,t,01050000A0110F000001000000010200008002000000000000E0006E5FC1000000A077F5524100000000F87DF23F000000D0F76D5FC10000000088F5524100000000F87DF23F
679,STREET,CROSSING,roads.cga,Start,LudlowStreet,Major Edge,MAJOR,478.00000000,135581.00000000,14.00000000,0.00000000,1.00000000,0.00000000,3.50000000,477.00000000,0.00000000,t,01050000A0110F00000100000001020000800200000000000010856B5FC1000000A014F65241000000C0DFBC2540000000B08B6B5FC1000000C003F6524100000080105A2540
680,STREET,STREET,roads.cga,Start,CedarStreet,Major Edge,MAJOR,479.00000000,-258260.00000000,12.00000000,0.00000000,1.00000000,0.00000000,3.50000000,478.00000000,0.00000000,t,01050000A0110F00000100000001020000800200000000000070EA6D5FC1000000901CF55241000000001898124000000050F06D5FC1000000E01FF5524100000000E0830E40
681,CROSSING,STREET,roads.cga,Start,BroadStreet,Major Edge,MAJOR,577.00000000,-320441.00000000,16.00000000,0.00000000,1.00000000,0.00000000,3.50000000,576.00000000,0.00000000,t,01050000A0110F00000100000001020000800200000000000030986D5FC1000000E0FBF4524100000080836F214000000060916D5FC1000000F004F5524100000000D3B71F40
682,STREET,STREET,piers.cga,Start,Pier,Major Edge,MAJOR,606.00000000,231022.00000000,6.00000000,0.00000000,1.00000000,0.00000000,3.50000000,605.00000000,0.00000000,t,01050000A0110F000001000000010200008002000000000000101C6E5FC100000010FAF4524100000000F87DF23F00000070186E5FC10000000002F5524100000000F87DF23F
683,CROSSING,CROSSING,piers.cga,Start,Pier,Major Edge,MAJOR,606.00000000,231022.00000000,6.00000000,0.00000000,1.00000000,0.00000000,3.50000000,605.00000000,0.00000000,t,01050000A0110F000001000000010200008002000000000000D0E46C5FC1000000F0CFF4524100000000F87DF23F000000D0E26C5FC1000000D0CCF4524100000000F87DF23F
684,CROSSING,STREET,roads.cga,Start,BroadStreet,Major Edge,MAJOR,455.00000000,135581.00000000,16.00000000,0.00000000,1.00000000,0.00000000,3.50000000,454.00000000,0.00000000,t,01050000A0110F000001000000010200008002000000000000C0466D5FC1000000005CF552410000000039E42540000000F03E6D5FC1000000E063F5524100000040B7DD2640
685,CROSSING,STREET,roads.cga,Start,Broadway,Major Edge,MAJOR,260.00000000,-258260.00000000,32.00000000,0.00000000,1.00000000,0.00000000,3.50000000,259.00000000,-2.00000000,t,01050000A0110F000001000000010200008002000000000000508E6D5FC1000000F04FF5524100000000E28F244000000080946D5FC10000003047F5524100000080E3622340
686,STREET,CROSSING,roads.cga,Start,New Street,Major Edge,MAJOR,166.00000000,564470.00000000,14.00000000,0.00000000,1.00000000,0.00000000,3.50000000,165.00000000,0.00000000,t,01050000A0110F000001000000010200008002000000000000F0E16D5FC100000040A3F45241000000006CBF154000000000DD6D5FC100000090B0F452410000000088A81840
687,STREET,CROSSING,roads.cga,Start,CherryStreet,Major Edge,MAJOR,495.00000000,417195.00000000,14.00000000,0.00000000,1.00000000,0.00000000,3.50000000,494.00000000,0.00000000,t,01050000A0110F00000100000001020000800200000000000060706C5FC1000000102AF5524100000000F41B054000000090626C5FC1000000202CF5524100000000F87DF23F
688,STREET,CROSSING,roads.cga,Start,Orange Street,Major Edge,MAJOR,18.00000000,135581.00000000,12.00000000,0.00000000,1.00000000,0.00000000,3.50000000,17.00000000,0.00000000,t,01050000A0110F00000100000001020000800200000000000000D86C5FC100000010CDF55241000000001E4D174000000020D16C5FC1000000B0D3F5524100000000E44F1640
689,CROSSING,CROSSING,roads.cga,Start,WaterStreet,Major Edge,MAJOR,613.00000000,231022.00000000,16.00000000,0.00000000,1.00000000,0.00000000,3.50000000,612.00000000,0.00000000,t,01050000A0110F00000100000001020000800200000000000000B36D5FC1000000F037F4524100000000F87DF23F00000060AC6D5FC1000000A03BF4524100000000F87DF23F
690,STREET,STREET,roads.cga,Start,EldrldgStreet,Major Edge,MAJOR,31.00000000,135581.00000000,14.00000000,0.00000000,1.00000000,0.00000000,3.50000000,30.00000000,0.00000000,t,01050000A0110F00000100000001020000800200000000000060E56B5FC1000000F0D6F55241000000C0DB16284000000010E26B5FC100000000E0F5524100000000D3272840
691,CROSSING,STREET,roads.cga,Start,King George Street,Major Edge,MAJOR,576.00000000,135581.00000000,10.00000000,0.00000000,1.00000000,0.00000000,3.50000000,575.00000000,0.00000000,t,01050000A0110F00000100000001020000800200000000000090AA6C5FC1000000008CF5524100000000784B1840000000D0C16C5FC10000002084F5524100000000CAE01E40
692,STREET,STREET,roads.cga,Start,Duane Street,Major Edge,MAJOR,201.00000000,515711.00000000,14.00000000,0.00000000,1.00000000,0.00000000,3.50000000,200.00000000,0.00000000,t,01050000A0110F00000100000001020000800200000000000030416D5FC1000000B0FDF55241000000C0661D2040000000F0356D5FC1000000E0F6F5524100000080E7082140
693,STREET,CROSSING,roads.cga,Start,Orange Street,Major Edge,MAJOR,18.00000000,135581.00000000,12.00000000,0.00000000,1.00000000,0.00000000,3.50000000,17.00000000,0.00000000,t,01050000A0110F000001000000010200008002000000000000107B6C5FC1000000A0D3F552410000000042D31E4000000010876C5FC1000000E0D2F5524100000000E1A91840
694,CROSSING,STREET,roads.cga,Start,King George Street,Major Edge,MAJOR,123.00000000,135581.00000000,10.00000000,0.00000000,1.00000000,0.00000000,3.50000000,122.00000000,0.00000000,t,01050000A0110F000001000000010200008002000000000000A0D96C5FC1000000007CF5524100000040BEF92040000000D0E86C5FC1000000C075F5524100000080D85D1D40
695,CROSSING,CROSSING,Landscape_Design_Greenspace/Greenspace Construction.cga,GreenSpace,greenspace,Major Edge,MAJOR,575.00000000,515711.00000000,12.00000000,0.00000000,1.00000000,0.00000000,3.50000000,574.00000000,0.00000000,t,01050000A0110F000001000000010200008002000000000000A0366D5FC10000008085F55241000000C0D9432940000000A0276D5FC1000000407BF55241000000C0DDE92640
696,STREET,STREET,roads.cga,Start,BoweryStreet,Major Edge,MAJOR,78.00000000,135581.00000000,26.00000000,0.00000000,1.00000000,0.00000000,3.50000000,77.00000000,0.00000000,t,01050000A0110F00000100000001020000800200000000000040626C5FC1000000C0B0F5524100000080E5352240000000E05B6C5FC100000050B3F5524100000080E3622340
697,CROSSING,STREET,roads.cga,Start,Gold Street,Major Edge,MAJOR,409.00000000,-258260.00000000,12.00000000,0.00000000,1.00000000,0.00000000,3.50000000,408.00000000,0.00000000,t,01050000A0110F00000100000001020000800200000000000020616D5FC100000010C8F4524100000000E8CF0940000000805B6D5FC100000020CFF4524100000000E8CF0940
698,STREET,STREET,roads.cga,Start,William Street,Major Edge,MAJOR,205.00000000,231022.00000000,14.00000000,0.00000000,1.00000000,0.00000000,3.50000000,204.00000000,0.00000000,t,01050000A0110F00000100000001020000800200000000000020A36D5FC1000000C09AF4524100000000085A1840000000F0A06D5FC1000000509FF45241000000004C691940
699,STREET,CROSSING,piers.cga,Start,Pier,Major Edge,MAJOR,606.00000000,231022.00000000,6.00000000,0.00000000,1.00000000,0.00000000,3.50000000,605.00000000,0.00000000,t,01050000A0110F00000100000001020000800200000000000070286E5FC1000000D035F4524100000000F87DF23F00000020246E5FC1000000603AF4524100000000F87DF23F
700,CROSSING,STREET,piers.cga,Start,Pier,Major Edge,MAJOR,606.00000000,231022.00000000,6.00000000,0.00000000,1.00000000,0.00000000,3.50000000,605.00000000,0.00000000,t,01050000A0110F000001000000010200008002000000000000E09F6C5FC1000000200AF5524100000000F87DF23F000000F0A56C5FC10000001006F5524100000000F87DF23F
701,CROSSING,CROSSING,roads.cga,Start,Pier,Major Edge,MAJOR,606.00000000,231022.00000000,6.00000000,0.00000000,1.00000000,0.00000000,3.50000000,605.00000000,0.00000000,t,01050000A0110F00000100000001020000800200000000000070AC6C5FC10000002002F5524100000000F87DF23F00001CFEB26C5FC10000E08CFAF4524100000000420E0140
702,STREET,STREET,roads.cga,Start,Van Water Street,Major Edge,MAJOR,47.00000000,487402.00000000,12.00000000,0.00000000,1.00000000,0.00000000,3.50000000,46.00000000,0.00000000,t,01050000A0110F000001000000010200008002000000000000E0D96C5FC1000000C04CF552410000000004FB114000000060C96C5FC1000000C053F552410000000022E91A40
703,CROSSING,CROSSING,roads.cga,Start,WaterStreet,Major Edge,MAJOR,135.00000000,417195.00000000,6.00000000,0.00000000,1.00000000,0.00000000,3.50000000,134.00000000,0.00000000,t,01050000A0110F00000100000001020000800200000000001CFEB26C5FC10000E08CFAF4524100000000420E014000000040AF6C5FC100000010F6F4524100000000F87DF23F
704,CROSSING,CROSSING,roads.cga,Start,WaterStreet,Major Edge,MAJOR,688.00000000,231022.00000000,16.00000000,0.00000000,1.00000000,0.00000000,3.50000000,687.00000000,0.00000000,t,01050000A0110F000001000000010200008002000000000000C04D6D5FC1000000E08EF4524100000000FC67004000000010486D5FC10000009094F4524100000000FC670040
705,CROSSING,CROSSING,piers.cga,Start,Pier,Major Edge,MAJOR,606.00000000,231022.00000000,6.00000000,0.00000000,1.00000000,0.00000000,3.50000000,605.00000000,0.00000000,t,01050000A0110F00000100000001020000800200000000007C21B86C5FC1000000A8EEF4524100000000F87DF23F0000D4C3B46C5FC1000000A0EAF4524100000000F87DF23F
706,STREET,STREET,roads.cga,Start,BroadStreet,Major Edge,MAJOR,484.00000000,231022.00000000,18.00000000,0.00000000,1.00000000,0.00000000,3.50000000,483.00000000,0.00000000,t,01050000A0110F00000100000001020000800200000000000090CD6D5FC1000000C09FF4524100000000E0830E4000000040CF6D5FC1000000409AF4524100000000E0830E40
707,CROSSING,STREET,roads.cga,Start,Broadway,Major Edge,MAJOR,260.00000000,-258260.00000000,24.00000000,0.00000000,1.00000000,0.00000000,3.50000000,259.00000000,-2.00000000,t,01050000A0110F00000100000001020000800200000000000000436D5FC1000000A0C6F5524100000000E28F2440000000E0486D5FC100000070BDF55241000000C0DFBC2540
708,STREET,CROSSING,roads.cga,Start,BoweryStreet,Major Edge,MAJOR,340.00000000,135581.00000000,26.00000000,0.00000000,1.00000000,0.00000000,3.50000000,339.00000000,0.00000000,t,01050000A0110F00000100000001020000800200000000000000126D5FC1000000F081F55241000000C0DDE92640000000C0066D5FC10000007085F5524100000080251A2640
709,CROSSING,CROSSING,roads.cga,Start,GravelStreet,Major Edge,MAJOR,6.00000000,487402.00000000,7.00000000,0.00000000,1.00000000,0.00000000,3.50000000,5.00000000,0.00000000,t,01050000A0110F00000100000001020000800200000000000070E66C5FC100000060DBF4524100000000F41B054000000020E36C5FC100000020D6F4524100000000F87DF23F
710,STREET,STREET,roads.cga,Start,BeaverStreet,Major Edge,MAJOR,64.00000000,231022.00000000,14.00000000,0.00000000,1.00000000,0.00000000,3.50000000,63.00000000,0.00000000,t,01050000A0110F000001000000010200008002000000000000E0B36D5FC1000000B07BF45241000000009E130E40000000B0BE6D5FC1000000607AF4524100000000E8CF0940
711,STREET,STREET,roads.cga,Start,WallStreet,Major Edge,MAJOR,489.00000000,231022.00000000,18.00000000,0.00000000,1.00000000,0.00000000,3.50000000,488.00000000,0.00000000,t,01050000A0110F00000100000001020000800200000000000020696D5FC1000000B085F4524100000000F41B054000000050656D5FC10000000082F452410000000092340440
712,CROSSING,STREET,roads.cga,Start,Broadway,Major Edge,MAJOR,260.00000000,-258260.00000000,10.00000000,0.00000000,1.00000000,0.00000000,3.50000000,259.00000000,9.00000000,t,01050000A0110F000001000000010200008002000000000000A0ED6D5FC100000090B9F4524100000080E535224000000060F26D5FC100000000B2F452410000008070942140
713,STREET,STREET,roads.cga,Start,BroadStreet,Major Edge,MAJOR,101.00000000,-122417.00000000,16.00000000,0.00000000,1.00000000,0.00000000,3.50000000,100.00000000,0.00000000,t,01050000A0110F000001000000010200008002000000000000B0786D5FC10000009024F5524100000080E535224000000070746D5FC1000000602AF5524100000080E3622340
714,STREET,CROSSING,roads.cga,Start,RobinsonStreet,Major Edge,MAJOR,38.00000000,-258260.00000000,12.00000000,0.00000000,1.00000000,0.00000000,3.50000000,37.00000000,0.00000000,t,01050000A0110F000001000000010200008002000000000000D0736D5FC10000002093F5524100000000E28F244000000010686D5FC1000000F08BF55241000000C0DFBC2540
715,CROSSING,STREET,roads.cga,Start,Broadway,Major Edge,MAJOR,260.00000000,-258260.00000000,14.00000000,0.00000000,1.00000000,0.00000000,3.50000000,259.00000000,0.00000000,t,01050000A0110F00000100000001020000800200000000000010026E5FC1000000C069F4524100000000EC9B114000000060026E5FC1000000405FF4524100000000E0830E40
716,CROSSING,STREET,roads.cga,Start,Rector Street,Major Edge,MAJOR,190.00000000,231022.00000000,10.00000000,0.00000000,1.00000000,0.00000000,3.50000000,189.00000000,0.00000000,t,01050000A0110F000001000000010200008002000000000000D0FA6D5FC100000010DDF452410000000044B3194000000000F26D5FC100000050D9F4524100000000B3962140
717,CROSSING,STREET,roads.cga,Start,Alley,Major Edge,MAJOR,475.00000000,247456.00000000,4.00000000,0.00000000,1.00000000,0.00000000,3.50000000,474.00000000,0.00000000,t,01050000A0110F000001000000010200008002000000000000B0236D5FC1000000009CF45241000000000868F73F000000D01B6D5FC1000000B0A2F45241000000000868F73F
718,CROSSING,CROSSING,piers.cga,Start,Pier,Major Edge,MAJOR,606.00000000,231022.00000000,6.00000000,0.00000000,1.00000000,0.00000000,3.50000000,605.00000000,0.00000000,t,01050000A0110F00000100000001020000800200000000000010726D5FC10000002052F4524100000000F87DF23F000000D06C6D5FC1000000C04BF4524100000000F87DF23F
719,CROSSING,STREET,roads.cga,Start,gravel,Major Edge,MAJOR,282.00000000,247456.00000000,12.00000000,0.00000000,1.00000000,0.00000000,3.50000000,281.00000000,0.00000000,t,01050000A0110F000001000000010200008002000000000000D00E6E5FC1000000D02FF4524100000000F41B0540000000A00C6E5FC1000000B027F4524100000000F41B0540
720,CROSSING,STREET,roads.cga,Start,WallStreet,Major Edge,MAJOR,489.00000000,231022.00000000,18.00000000,0.00000000,1.00000000,0.00000000,3.50000000,488.00000000,0.00000000,t,01050000A0110F00000100000001020000800200000000000000706D5FC1000000108BF4524100000000C2A60C4000000020696D5FC1000000B085F4524100000000F41B0540
721,CROSSING,CROSSING,piers.cga,Start,Pier,Major Edge,MAJOR,606.00000000,231022.00000000,6.00000000,0.00000000,1.00000000,0.00000000,3.50000000,605.00000000,0.00000000,t,01050000A0110F000001000000010200008002000000000000600A6E5FC10000001007F4524100000000F87DF23F000000900F6E5FC10000005007F4524100000000F87DF23F
722,STREET,CROSSING,roads.cga,Start,Park Pl / Robinson Street,Major Edge,MAJOR,38.00000000,-258260.00000000,4.00000000,0.00000000,1.00000000,0.00000000,3.50000000,37.00000000,0.00000000,t,01050000A0110F000001000000010200008002000000000000F0976D5FC100000070B3F552410000008031B41F40000000509C6D5FC1000000D0ABF5524100000000D3B71F40
723,CROSSING,STREET,roads.cga,Start,CortlandStreet,Major Edge,MAJOR,163.00000000,-258260.00000000,16.00000000,0.00000000,1.00000000,0.00000000,3.50000000,162.00000000,0.00000000,t,01050000A0110F000001000000010200008002000000000000D0A76D5FC10000001028F5524100000080E535224000000030B26D5FC1000000C02DF5524100000080E5352240
724,STREET,CROSSING,roads.cga,Start,ForsythStreet,Major Edge,MAJOR,376.00000000,135581.00000000,14.00000000,0.00000000,1.00000000,0.00000000,3.50000000,375.00000000,0.00000000,t,01050000A0110F00000100000001020000800200000000000080FE6B5FC100000010DFF5524100000080D7702A4000000040026C5FC100000000D5F5524100000000061A2A40
725,STREET,STREET,roads.cga,Start,LibertyStreet,Major Edge,MAJOR,238.00000000,231022.00000000,12.00000000,0.00000000,1.00000000,0.00000000,3.50000000,237.00000000,0.00000000,t,01050000A0110F00000100000001020000800200000000000050A66D5FC10000009005F5524100000080E3622340000000A0AB6D5FC1000000C008F552410000000012012440
726,STREET,STREET,roads.cga,Start,Prince Street,Major Edge,MAJOR,540.00000000,417195.00000000,12.00000000,0.00000000,1.00000000,0.00000000,3.50000000,539.00000000,0.00000000,t,01050000A0110F00000100000001020000800200000000000030EC6C5FC10000002062F55241000000001C911940000000D0F46C5FC1000000E05DF5524100000000BCA11840
727,CROSSING,CROSSING,piers.cga,Start,Pier,Major Edge,MAJOR,606.00000000,231022.00000000,8.00000000,0.00000000,1.00000000,0.00000000,3.50000000,605.00000000,0.00000000,t,01050000A0110F00000100000001020000800200000000000040F96C5FC100000060BEF4524100000000F87DF23F000000A0006D5FC100000040CBF4524100000000F87DF23F
728,CROSSING,STREET,roads.cga,Start,BoweryStreet,Major Edge,MAJOR,340.00000000,135581.00000000,26.00000000,0.00000000,1.00000000,0.00000000,3.50000000,339.00000000,0.00000000,t,01050000A0110F000001000000010200008002000000000000503B6D5FC10000008075F55241000000C0DB16284000000050316D5FC10000007078F5524100000000A3DC2740
729,STREET,DEAD_END,piers.cga,Start,Pier,Major Edge,MAJOR,606.00000000,231022.00000000,8.00000000,0.00000000,1.00000000,0.00000000,3.50000000,605.00000000,0.00000000,t,01050000A0110F00000100000001020000800200000000000080FB6D5FC100000000ABF5524100000000F87DF23F000000F0FB6D5FC100000040ABF5524100000000F87DF23F
730,STREET,CROSSING,roads.cga,Start,GreenwichStreet,Major Edge,MAJOR,93.00000000,515711.00000000,18.00000000,0.00000000,1.00000000,0.00000000,3.50000000,92.00000000,0.00000000,t,01050000A0110F000001000000010200008002000000000000A0DF6D5FC10000007088F5524100000000E0830E4000000010E26D5FC1000000507CF5524100000000EC9B1140
731,CROSSING,STREET,piers.cga,Start,Pier,Major Edge,MAJOR,606.00000000,231022.00000000,6.00000000,0.00000000,1.00000000,0.00000000,3.50000000,605.00000000,0.00000000,t,01050000A0110F000001000000010200008002000000000000F0546D5FC10000007068F4524100000000F87DF23F000000A04B6D5FC1000000B05DF4524100000000F87DF23F
732,STREET,CROSSING,roads.cga,Start,BoweryStreet,Major Edge,MAJOR,78.00000000,135581.00000000,26.00000000,0.00000000,1.00000000,0.00000000,3.50000000,77.00000000,0.00000000,t,01050000A0110F00000100000001020000800200000000000030466C5FC100000040CDF55241000000C0DDE9264000000080406C5FC100000050D8F55241000000C0DB162840
733,STREET,CROSSING,roads.cga,Start,CanalStreet,Major Edge,MAJOR,656.00000000,135581.00000000,16.00000000,0.00000000,1.00000000,0.00000000,3.50000000,655.00000000,0.00000000,t,01050000A0110F000001000000010200008002000000000000F05F6C5FC1000000E02EF65241000000C09A902340000000D0536C5FC10000004029F65241000000C0DFBC2540
734,CROSSING,CROSSING,roads.cga,Start,BroadStreet,Major Edge,MAJOR,170.00000000,231022.00000000,28.00000000,0.00000000,1.00000000,0.00000000,3.50000000,169.00000000,0.00000000,t,01050000A0110F000001000000010200008002000000000000F0D46D5FC1000000F053F4524100000000FC670040000000E0D46D5FC10000002047F4524100000000FC670040
735,CROSSING,STREET,roads.cga,Start,Alley,Major Edge,MAJOR,645.00000000,417195.00000000,12.00000000,0.00000000,1.00000000,0.00000000,3.50000000,644.00000000,0.00000000,t,01050000A0110F00000100000001020000800200000000000020E46D5FC100000090D3F4524100000000E28F244000000090E86D5FC1000000D0CCF4524100000080E3622340
736,STREET,STREET,roads.cga,Start,LibertyStreet,Major Edge,MAJOR,177.00000000,231022.00000000,14.00000000,0.00000000,1.00000000,0.00000000,3.50000000,176.00000000,0.00000000,t,01050000A0110F000001000000010200008002000000000000008A6D5FC100000080EEF4524100000080311C1C4000000000906D5FC100000090F4F4524100000000D3B71F40
737,CROSSING,STREET,roads.cga,Start,BroadStreet,Major Edge,MAJOR,501.00000000,231022.00000000,16.00000000,0.00000000,1.00000000,0.00000000,3.50000000,500.00000000,0.00000000,t,01050000A0110F00000100000001020000800200000000000040AE6D5FC100000000DAF4524100000080E362234000000040A96D5FC100000020E2F452410000004082582440
738,STREET,STREET,roads.cga,Start,Broadway,Major Edge,MAJOR,260.00000000,-258260.00000000,24.00000000,0.00000000,1.00000000,0.00000000,3.50000000,259.00000000,-2.00000000,t,01050000A0110F00000100000001020000800200000000000000206D5FC100000040FEF5524100000000CD8A2240000000B0246D5FC1000000C0F6F5524100000080E5352240
739,CROSSING,STREET,roads.cga,Start,OrangeStreet,Major Edge,MAJOR,18.00000000,135581.00000000,16.00000000,0.00000000,1.00000000,0.00000000,3.50000000,17.00000000,0.00000000,t,01050000A0110F00000100000001020000800200000000000000A06C5FC1000000D0D0F5524100000000D96D1740000000A09E6C5FC100000050C7F5524100000000E1A91840
740,STREET,STREET,roads.cga,Start,BroadStreet,Major Edge,MAJOR,380.00000000,135581.00000000,16.00000000,0.00000000,1.00000000,0.00000000,3.50000000,379.00000000,0.00000000,t,01050000A0110F00000100000001020000800200000000000000566D5FC1000000804DF55241000000C0DFBC254000000040526D5FC10000001051F55241000000C0DFBC2540
741,STREET,CROSSING,roads.cga,Start,PineStreet,Major Edge,MAJOR,261.00000000,231022.00000000,12.00000000,0.00000000,1.00000000,0.00000000,3.50000000,260.00000000,0.00000000,t,01050000A0110F000001000000010200008002000000000000C0826D5FC1000000B0B6F45241000000001E8F1D40000000908D6D5FC1000000F0BEF4524100000080E7082140
742,STREET,STREET,roads.cga,Start,John Street,Major Edge,MAJOR,312.00000000,-258260.00000000,16.00000000,0.00000000,1.00000000,0.00000000,3.50000000,311.00000000,0.00000000,t,01050000A0110F000001000000010200008002000000000000C08C6D5FC1000000502BF5524100000080E5352240000000F0846D5FC1000000C024F552410000000013752140
743,STREET,CROSSING,roads.cga,Start,James Street,Major Edge,MAJOR,625.00000000,417195.00000000,14.00000000,0.00000000,1.00000000,0.00000000,3.50000000,624.00000000,0.00000000,t,01050000A0110F000001000000010200008002000000000000A0686C5FC1000000B05CF5524100000000E0830E4000000020676C5FC1000000D055F5524100000000E8CF0940
744,CROSSING,CROSSING,roads.cga,Start,WaterStreet,Major Edge,MAJOR,235.00000000,231022.00000000,16.00000000,0.00000000,1.00000000,0.00000000,3.50000000,234.00000000,0.00000000,t,01050000A0110F000001000000010200008002000000000000503A6D5FC100000070A1F4524100000000FC670040000000E0306D5FC1000000A0AAF45241000000008038F93F
745,STREET,STREET,roads.cga,Start,CortlandStreet,Major Edge,MAJOR,163.00000000,-258260.00000000,16.00000000,0.00000000,1.00000000,0.00000000,3.50000000,162.00000000,0.00000000,t,01050000A0110F00000100000001020000800200000000000010CC6D5FC1000000F03BF5524100000080D85D1D4000000070D56D5FC10000002041F552410000000054611A40
746,STREET,CROSSING,roads.cga,Start,Trinity PL / Lumber Street,Major Edge,MAJOR,419.00000000,231022.00000000,12.00000000,0.00000000,1.00000000,0.00000000,3.50000000,418.00000000,0.00000000,t,01050000A0110F00000100000001020000800200000000000090DB6D5FC1000000901CF5524100000000E9581A40000000E0DE6D5FC1000000F015F552410000000012A71940
747,CROSSING,CROSSING,piers.cga,Start,Pier,Major Edge,MAJOR,606.00000000,231022.00000000,6.00000000,0.00000000,1.00000000,0.00000000,3.50000000,605.00000000,0.00000000,t,01050000A0110F00000100000001020000800200000000000000606C5FC1000000101EF5524100000000F87DF23F000000B0616C5FC1000000B027F5524100000000F87DF23F
748,STREET,STREET,roads.cga,Start,William Street,Major Edge,MAJOR,503.00000000,693240.00000000,14.00000000,0.00000000,1.00000000,0.00000000,3.50000000,502.00000000,0.00000000,t,01050000A0110F00000100000001020000800200000000000010516D5FC1000000B00FF5524100000080E7082140000000704B6D5FC1000000E016F5524100000080E7082140
749,CROSSING,STREET,roads.cga,Start,BroadStreet,Major Edge,MAJOR,484.00000000,231022.00000000,24.00000000,0.00000000,1.00000000,0.00000000,3.50000000,483.00000000,0.00000000,t,01050000A0110F00000100000001020000800200000000000040D46D5FC1000000C06EF4524100000000F41B054000000080D46D5FC10000001065F4524100000000F41B0540
750,CROSSING,STREET,roads.cga,Start,James Street,Major Edge,MAJOR,625.00000000,417195.00000000,14.00000000,0.00000000,1.00000000,0.00000000,3.50000000,624.00000000,0.00000000,t,01050000A0110F000001000000010200008002000000000000B06D6C5FC10000006074F5524100000000EC9B1140000000606A6C5FC10000001065F5524100000000E0830E40
751,CROSSING,STREET,piers.cga,Start,Pier,Major Edge,MAJOR,606.00000000,231022.00000000,6.00000000,0.00000000,1.00000000,0.00000000,3.50000000,605.00000000,0.00000000,t,01050000A0110F0000010000000102000080020000000000D4C3B46C5FC1000000A0EAF4524100000000F87DF23F000000E0B06C5FC1000000C0E5F4524100000000F87DF23F
752,STREET,CROSSING,roads.cga,Start,Beekman Street,Major Edge,MAJOR,584.00000000,487402.00000000,12.00000000,0.00000000,1.00000000,0.00000000,3.50000000,583.00000000,0.00000000,t,01050000A0110F00000100000001020000800200000000000090236D5FC10000000030F552410000000068521A40000000702E6D5FC1000000C03DF5524100000000D3B71F40
753,STREET,STREET,roads.cga,Start,PineStreet,Major Edge,MAJOR,603.00000000,231022.00000000,12.00000000,0.00000000,1.00000000,0.00000000,3.50000000,602.00000000,0.00000000,t,01050000A0110F000001000000010200008002000000000000809E6D5FC100000000CDF4524100000080E535224000000060A66D5FC100000080D3F4524100000040EEA82240
754,CROSSING,CROSSING,roads.cga,Start,GravelStreet,Major Edge,MAJOR,240.00000000,231022.00000000,6.00000000,0.00000000,1.00000000,0.00000000,3.50000000,239.00000000,0.00000000,t,01050000A0110F00000100000001020000800200000000000050FC6D5FC1000000903AF5524100000000E0830E4000000000046E5FC1000000E03EF5524100000000F87DF23F
755,CROSSING,STREET,roads.cga,Start,Orange Street,Major Edge,MAJOR,18.00000000,135581.00000000,12.00000000,0.00000000,1.00000000,0.00000000,3.50000000,17.00000000,0.00000000,t,01050000A0110F00000100000001020000800200000000000080706C5FC100000040D4F55241000000C0F8512240000000107B6C5FC1000000A0D3F552410000000042D31E40
756,STREET,DEAD_END,roads.cga,Start,OrangeStreet,Major Edge,MAJOR,18.00000000,135581.00000000,16.00000000,0.00000000,1.00000000,0.00000000,3.50000000,17.00000000,0.00000000,t,01050000A0110F00000100000001020000800200000000000090A16C5FC1000000E0DDF5524100000000E44F164000000020A36C5FC100000000EBF55241000000004C031540
757,STREET,CROSSING,roads.cga,Start,Rutgers Street,Major Edge,MAJOR,681.00000000,417195.00000000,10.00000000,0.00000000,1.00000000,0.00000000,3.50000000,680.00000000,0.00000000,t,01050000A0110F00000100000001020000800200000000000020776C5FC1000000C053F5524100000000E0830E40000000C0856C5FC10000000052F5524100000000EC9B1140
758,CROSSING,STREET,roads.cga,Start,WallStreet,Major Edge,MAJOR,330.00000000,247456.00000000,30.00000000,0.00000000,1.00000000,0.00000000,3.50000000,329.00000000,0.00000000,t,01050000A0110F00000100000001020000800200000000000090606D5FC1000000607DF4524100000000FC670040000000A0596D5FC1000000E075F4524100000000FC670040
759,STREET,STREET,roads.cga,Start,CanalStreet,Major Edge,MAJOR,52.00000000,135581.00000000,20.00000000,0.00000000,1.00000000,0.00000000,3.50000000,51.00000000,0.00000000,t,01050000A0110F000001000000010200008002000000000000D0746B5FC100000020DEF5524100000000C3B92340000000D0606B5FC1000000F0DFF55241000000C009B92240
760,CROSSING,STREET,roads.cga,Start,Ferry Street,Major Edge,MAJOR,224.00000000,487402.00000000,12.00000000,0.00000000,1.00000000,0.00000000,3.50000000,223.00000000,0.00000000,t,01050000A0110F00000100000001020000800200000000000000F66C5FC10000008024F5524100000000E8F5134000000060FE6C5FC1000000402EF5524100000000EC9B1140
761,STREET,STREET,piers.cga,Start,Pier,Major Edge,MAJOR,606.00000000,231022.00000000,6.00000000,0.00000000,1.00000000,0.00000000,3.50000000,605.00000000,0.00000000,t,01050000A0110F00000100000001020000800200000000000090C96D5FC1000000801EF4524100000000F87DF23F000000F0C46D5FC1000000F00BF4524100000000F87DF23F
762,STREET,CROSSING,roads.cga,Start,Broadway,Major Edge,MAJOR,260.00000000,-258260.00000000,10.00000000,0.00000000,1.00000000,0.00000000,3.50000000,259.00000000,9.00000000,t,01050000A0110F000001000000010200008002000000000000B0FD6D5FC1000000E09FF4524100000000D3B71F4000000030036E5FC10000001097F452410000000000701C40
763,CROSSING,STREET,roads.cga,Start,Alley,Major Edge,MAJOR,645.00000000,417195.00000000,12.00000000,0.00000000,1.00000000,0.00000000,3.50000000,644.00000000,0.00000000,t,01050000A0110F00000100000001020000800200000000000040F36D5FC100000080BCF45241000000C00D202240000000B0F96D5FC100000080B3F4524100000080E7082140
764,STREET,STREET,roads.cga,Start,CanalStreet,Major Edge,MAJOR,538.00000000,135581.00000000,16.00000000,0.00000000,1.00000000,0.00000000,3.50000000,537.00000000,0.00000000,t,01050000A0110F000001000000010200008002000000000000D0316C5FC10000009019F6524100000080D7702A40000000802B6C5FC10000009016F6524100000000D59D2B40
765,CROSSING,CROSSING,roads.cga,Start,GravelStreet,Major Edge,MAJOR,606.00000000,231022.00000000,6.00000000,0.00000000,1.00000000,0.00000000,3.50000000,605.00000000,0.00000000,t,01050000A0110F00000100000001020000800200000000000050FC6D5FC1000000903AF5524100000000E0830E40000000700A6E5FC10000009020F5524100000000F87DF23F
766,STREET,STREET,roads.cga,Start,LibertyStreet,Major Edge,MAJOR,498.00000000,231022.00000000,30.00000000,0.00000000,1.00000000,0.00000000,3.50000000,497.00000000,0.00000000,t,01050000A0110F000001000000010200008002000000000000F0446D5FC100000060ACF4524100000000FC670040000000E03F6D5FC100000020A7F4524100000000FC670040
767,STREET,CROSSING,roads.cga,Start,Orange Street,Major Edge,MAJOR,18.00000000,135581.00000000,12.00000000,0.00000000,1.00000000,0.00000000,3.50000000,17.00000000,0.00000000,t,01050000A0110F000001000000010200008002000000000000F0C66C5FC100000010D3F5524100000000E8F5134000000020D16C5FC1000000B0D3F5524100000000E44F1640
768,CROSSING,CROSSING,roads.cga,Start,BoweryStreet,Major Edge,MAJOR,340.00000000,135581.00000000,26.00000000,0.00000000,1.00000000,0.00000000,3.50000000,339.00000000,0.00000000,t,01050000A0110F000001000000010200008002000000000000C0066D5FC10000007085F5524100000080251A264000000000FB6C5FC10000001089F55241000000C03E162540
769,STREET,CROSSING,roads.cga,Start,Alley,Major Edge,MAJOR,96.00000000,247456.00000000,4.00000000,0.00000000,1.00000000,0.00000000,3.50000000,95.00000000,0.00000000,t,01050000A0110F000001000000010200008002000000000000203F6D5FC10000005083F45241000000000868F73F000000E0396D5FC10000002088F45241000000000868F73F
770,CROSSING,STREET,roads.cga,Start,WaterStreet,Major Edge,MAJOR,527.00000000,231022.00000000,16.00000000,0.00000000,1.00000000,0.00000000,3.50000000,526.00000000,0.00000000,t,01050000A0110F00000100000001020000800200000000000010486D5FC10000009094F4524100000000FC670040000000C0416D5FC1000000709AF4524100000000FC670040
771,STREET,DEAD_END,piers.cga,Start,Pier,Major Edge,MAJOR,606.00000000,231022.00000000,6.00000000,0.00000000,1.00000000,0.00000000,3.50000000,605.00000000,0.00000000,t,01050000A0110F00000100000001020000800200000000000060EA6C5FC100000020C0F4524100000000F87DF23F00000040EA6C5FC1000030EEBFF4524100000000F87DF23F
772,CROSSING,CROSSING,piers.cga,Start,Pier,Major Edge,MAJOR,606.00000000,231022.00000000,6.00000000,0.00000000,1.00000000,0.00000000,3.50000000,605.00000000,0.00000000,t,01050000A0110F00000100000001020000800200000000000070AF6D5FC1000000702AF4524100000000F87DF23F00000060AE6D5FC1000000E025F4524100000000F87DF23F
773,CROSSING,CROSSING,roads.cga,Start,BroadStreet,Major Edge,MAJOR,484.00000000,231022.00000000,24.00000000,0.00000000,1.00000000,0.00000000,3.50000000,483.00000000,0.00000000,t,01050000A0110F000001000000010200008002000000000000E0D36D5FC10000001077F45241000000000666054000000040D46D5FC1000000C06EF4524100000000F41B0540
774,STREET,CROSSING,roads.cga,Start,ReadeStreet,Major Edge,MAJOR,144.00000000,-258260.00000000,14.00000000,0.00000000,1.00000000,0.00000000,3.50000000,143.00000000,0.00000000,t,01050000A0110F00000100000001020000800200000000000020B06D5FC10000000024F6524100000000E0830E4000000020BE6D5FC1000000302CF6524100000000E0830E40
775,STREET,STREET,piers.cga,Start,Pier,Major Edge,MAJOR,606.00000000,231022.00000000,6.00000000,0.00000000,1.00000000,0.00000000,3.50000000,605.00000000,0.00000000,t,01050000A0110F000001000000010200008002000000000000304A6C5FC10000008020F5524100000000F87DF23F00000020526C5FC1000000101FF5524100000000F87DF23F
776,CROSSING,CROSSING,roads.cga,Start,FultonStreet,Major Edge,MAJOR,477.00000000,-258260.00000000,14.00000000,0.00000000,1.00000000,0.00000000,3.50000000,476.00000000,0.00000000,t,01050000A0110F000001000000010200008002000000000000A0006D5FC100000040CBF4524100000000F87DF23F000000D0036D5FC100000060D1F4524100000000FC670040
777,STREET,CROSSING,roads.cga,Start,MulberryStreet,Major Edge,MAJOR,158.00000000,135581.00000000,14.00000000,0.00000000,1.00000000,0.00000000,3.50000000,157.00000000,0.00000000,t,01050000A0110F00000100000001020000800200000000000040846C5FC100000060FAF5524100000000DC031B40000000907F6C5FC10000000008F652410000000083B21D40
778,STREET,CROSSING,roads.cga,Start,GravelStreet,Major Edge,MAJOR,64.00000000,231022.00000000,8.00000000,0.00000000,1.00000000,0.00000000,3.50000000,63.00000000,0.00000000,t,01050000A0110F000001000000010200008002000000000000B0256E5FC1000000F09AF4524100000000E8F51340000000202A6E5FC1000000008EF452410000000030B01340
779,CROSSING,CROSSING,piers.cga,Start,Pier,Major Edge,MAJOR,606.00000000,231022.00000000,6.00000000,0.00000000,1.00000000,0.00000000,3.50000000,605.00000000,0.00000000,t,01050000A0110F00000100000001020000800200000000000060BC6C5FC1000000A0F3F4524100000000F87DF23F00007C21B86C5FC1000000A8EEF4524100000000F87DF23F
780,CROSSING,STREET,roads.cga,Start,MarketfieldStreet,Major Edge,MAJOR,415.00000000,231022.00000000,10.00000000,0.00000000,1.00000000,0.00000000,3.50000000,414.00000000,0.00000000,t,01050000A0110F00000100000001020000800200000000000040D46D5FC1000000C06EF4524100000000F41B054000000040E26D5FC1000000406DF4524100000000E8CF0940
781,STREET,CROSSING,roads.cga,Start,FultonStreet,Major Edge,MAJOR,644.00000000,-258260.00000000,14.00000000,0.00000000,1.00000000,0.00000000,3.50000000,643.00000000,0.00000000,t,01050000A0110F00000100000001020000800200000000000040616D5FC1000000C031F5524100000000E28F244000000020576D5FC1000000202BF5524100000080E3622340
782,STREET,STREET,piers.cga,Start,Pier,Major Edge,MAJOR,606.00000000,231022.00000000,6.00000000,0.00000000,1.00000000,0.00000000,3.50000000,605.00000000,0.00000000,t,01050000A0110F00000100000001020000800200000000000000196D5FC100000000AFF4524100000000F87DF23F00000050146D5FC100000030B3F4524100000000F87DF23F
783,CROSSING,STREET,roads.cga,Start,GreenwichStreet,Major Edge,MAJOR,93.00000000,515711.00000000,18.00000000,0.00000000,1.00000000,0.00000000,3.50000000,92.00000000,0.00000000,t,01050000A0110F00000100000001020000800200000000000020BE6D5FC1000000302CF6524100000000E0830E4000000050C06D5FC1000000E021F6524100000000E0830E40
784,STREET,CROSSING,roads.cga,Start,GravelStreet,Major Edge,MAJOR,18.00000000,135581.00000000,6.00000000,0.00000000,1.00000000,0.00000000,3.50000000,17.00000000,0.00000000,t,01050000A0110F00000100000001020000800200000000000090FC6C5FC100000070A0F55241000000C05F852440000000B0046D5FC1000000E09DF5524100000080A5472540
785,STREET,CROSSING,roads.cga,Start,WallStreet,Major Edge,MAJOR,448.00000000,231022.00000000,18.00000000,0.00000000,1.00000000,0.00000000,3.50000000,447.00000000,0.00000000,t,01050000A0110F000001000000010200008002000000000000A07B6D5FC1000000C093F4524100000000D1A9134000000000706D5FC1000000108BF4524100000000C2A60C40
786,CROSSING,CROSSING,roads.cga,Start,WaterStreet,Major Edge,MAJOR,135.00000000,417195.00000000,6.00000000,0.00000000,1.00000000,0.00000000,3.50000000,134.00000000,0.00000000,t,01050000A0110F000001000000010200008002000000000000C0AE6C5FC1000000D004F552410000000018A00D400000E82EB66C5FC100004060FEF4524100000000A6B60740
787,STREET,CROSSING,roads.cga,Start,PearlStreet,Major Edge,MAJOR,573.00000000,417195.00000000,16.00000000,0.00000000,1.00000000,0.00000000,3.50000000,572.00000000,0.00000000,t,01050000A0110F000001000000010200008002000000000000B0AA6C5FC1000000B094F5524100000000E44F1640000000D0AA6C5FC1000000809EF5524100000000E44F1640
788,CROSSING,STREET,roads.cga,Start,Broadway,Major Edge,MAJOR,260.00000000,-258260.00000000,32.00000000,0.00000000,1.00000000,0.00000000,3.50000000,259.00000000,-2.00000000,t,01050000A0110F000001000000010200008002000000000000D0A76D5FC10000001028F5524100000080E535224000000070B06D5FC1000000901BF5524100000080E3622340
789,CROSSING,STREET,piers.cga,Start,Pier,Major Edge,MAJOR,606.00000000,231022.00000000,6.00000000,0.00000000,1.00000000,0.00000000,3.50000000,605.00000000,0.00000000,t,01050000A0110F000001000000010200008002000000000000C0706D5FC10000007048F4524100000000F87DF23F000000E06B6D5FC10000007042F4524100000000F87DF23F
790,CROSSING,CROSSING,piers.cga,Start,Pier,Major Edge,MAJOR,606.00000000,231022.00000000,8.00000000,0.00000000,1.00000000,0.00000000,3.50000000,605.00000000,0.00000000,t,01050000A0110F000001000000010200008002000000000000700A6E5FC10000009020F5524100000000F87DF23F00000010126E5FC10000001025F5524100000000F87DF23F
791,STREET,STREET,roads.cga,Start,Prince Street,Major Edge,MAJOR,540.00000000,417195.00000000,12.00000000,0.00000000,1.00000000,0.00000000,3.50000000,539.00000000,0.00000000,t,01050000A0110F00000100000001020000800200000000000060E36C5FC10000007066F5524100000080D8E61C4000000030EC6C5FC10000002062F55241000000001C911940
792,STREET,STREET,roads.cga,Start,DivisionStreet,Major Edge,MAJOR,657.00000000,135581.00000000,12.00000000,0.00000000,1.00000000,0.00000000,3.50000000,656.00000000,0.00000000,t,01050000A0110F000001000000010200008002000000000000B0346C5FC100000030C5F55241000000C0DDE9264000000090296C5FC1000000C0C6F55241000000C0DDE92640
793,CROSSING,STREET,roads.cga,Start,MurrayStreet,Major Edge,MAJOR,356.00000000,515711.00000000,12.00000000,0.00000000,1.00000000,0.00000000,3.50000000,355.00000000,0.00000000,t,01050000A0110F00000100000001020000800200000000000090886D5FC100000040BAF5524100000080E708214000000010916D5FC100000080BFF5524100000000D3B71F40
794,CROSSING,STREET,roads.cga,Start,Alley,Major Edge,MAJOR,325.00000000,487402.00000000,10.00000000,0.00000000,1.00000000,0.00000000,3.50000000,324.00000000,0.00000000,t,01050000A0110F00000100000001020000800200000000000090E56C5FC100000050F6F45241000000002082114000000000E06C5FC100000050ECF45241000000003A860B40
795,STREET,STREET,roads.cga,Start,Alley,Major Edge,MAJOR,645.00000000,417195.00000000,12.00000000,0.00000000,1.00000000,0.00000000,3.50000000,644.00000000,0.00000000,t,01050000A0110F00000100000001020000800200000000000090E86D5FC1000000D0CCF4524100000080E362234000000070EC6D5FC1000000E0C6F4524100000080A1BA2240
796,STREET,CROSSING,roads.cga,Start,FultonStreet,Major Edge,MAJOR,94.00000000,-258260.00000000,14.00000000,0.00000000,1.00000000,0.00000000,3.50000000,93.00000000,0.00000000,t,01050000A0110F000001000000010200008002000000000000604E6D5FC10000006025F5524100000080E5352240000000F0446D5FC1000000301FF5524100000080805D2140
797,CROSSING,STREET,roads.cga,Start,Pell Street,Major Edge,MAJOR,355.00000000,135581.00000000,12.00000000,0.00000000,1.00000000,0.00000000,3.50000000,354.00000000,0.00000000,t,01050000A0110F00000100000001020000800200000000000080406C5FC100000050D8F55241000000C0DB162840000000904E6C5FC100000080DCF55241000000C0DB162840
798,CROSSING,CROSSING,roads.cga,Start,GravelStreet,Major Edge,MAJOR,64.00000000,231022.00000000,8.00000000,0.00000000,1.00000000,0.00000000,3.50000000,63.00000000,0.00000000,t,01050000A0110F00000100000001020000800200000000000010116E5FC1000000201AF4524100000000FC670040000000900F6E5FC10000005007F4524100000000F87DF23F
799,STREET,STREET,roads.cga,Start,PearlStreet,Major Edge,MAJOR,532.00000000,-365802.00000000,16.00000000,0.00000000,1.00000000,0.00000000,3.50000000,531.00000000,0.00000000,t,01050000A0110F000001000000010200008002000000000080377E6D5FC10000E0E779F4524100000000E6A51040000000F0836D5FC10000007076F4524100000000F43A1040
800,CROSSING,STREET,roads.cga,Start,Frankfort Street,Major Edge,MAJOR,581.00000000,487402.00000000,16.00000000,0.00000000,1.00000000,0.00000000,3.50000000,580.00000000,0.00000000,t,01050000A0110F00000100000001020000800200000000000000F36C5FC1000000C04EF5524100000000E2920E40000000C0F86C5FC1000000B053F5524100000000EC9B1140
801,CROSSING,STREET,roads.cga,Start,BridgeStreet,Major Edge,MAJOR,64.00000000,231022.00000000,12.00000000,0.00000000,1.00000000,0.00000000,3.50000000,63.00000000,0.00000000,t,01050000A0110F00000100000001020000800200000000000040006E5FC1000000C043F4524100000000E8CF0940000000C0F66D5FC1000000B043F4524100000000F6D60640
802,CROSSING,STREET,roads.cga,Start,William Street,Major Edge,MAJOR,50.00000000,-23593.00000000,14.00000000,0.00000000,1.00000000,0.00000000,3.50000000,49.00000000,0.00000000,t,01050000A0110F000001000000010200008002000000000000B0706D5FC100000060E5F4524100000000E8F51340000000B06B6D5FC100000040ECF4524100000000F66A1540
803,STREET,CROSSING,piers.cga,Start,Pier,Major Edge,MAJOR,606.00000000,231022.00000000,6.00000000,0.00000000,1.00000000,0.00000000,3.50000000,605.00000000,0.00000000,t,01050000A0110F000001000000010200008002000000000000D0316E5FC1000000D09FF4524100000000F87DF23F000000802E6E5FC1000000C0AAF4524100000000F87DF23F
804,CROSSING,STREET,roads.cga,Start,gravel,Major Edge,MAJOR,282.00000000,247456.00000000,12.00000000,0.00000000,1.00000000,0.00000000,3.50000000,281.00000000,0.00000000,t,01050000A0110F000001000000010200008002000000000000D0136E5FC1000000A03EF4524100000000E8CF094000000040116E5FC10000000037F4524100000000E8CF0940
805,STREET,CROSSING,roads.cga,Start,WallStreet,Major Edge,MAJOR,330.00000000,247456.00000000,30.00000000,0.00000000,1.00000000,0.00000000,3.50000000,329.00000000,0.00000000,t,01050000A0110F000001000000010200008002000000000000A0596D5FC1000000E075F4524100000000FC67004000000040546D5FC10000000070F4524100000000AE2B0040
806,STREET,CROSSING,roads.cga,Start,Rutgers Street,Major Edge,MAJOR,32.00000000,417195.00000000,10.00000000,0.00000000,1.00000000,0.00000000,3.50000000,31.00000000,0.00000000,t,01050000A0110F00000100000001020000800200000000000060546C5FC1000000A059F5524100000000E8CF0940000000004F6C5FC1000000E05AF5524100000000E8CF0940
807,STREET,STREET,roads.cga,Start,Gold Street,Major Edge,MAJOR,265.00000000,487402.00000000,12.00000000,0.00000000,1.00000000,0.00000000,3.50000000,264.00000000,0.00000000,t,01050000A0110F000001000000010200008002000000000000A0FD6C5FC1000000C042F5524100000000E0830E40000000B0F86C5FC10000005048F5524100000000E0830E40
808,CROSSING,STREET,piers.cga,Start,Pier,Major Edge,MAJOR,606.00000000,231022.00000000,6.00000000,0.00000000,1.00000000,0.00000000,3.50000000,605.00000000,0.00000000,t,01050000A0110F000001000000010200008002000000000000C09D6D5FC1000000302AF4524100000000F87DF23F00000040A36D5FC10000003030F4524100000000F87DF23F
809,STREET,CROSSING,roads.cga,Start,Hanover Street,Major Edge,MAJOR,42.00000000,247456.00000000,10.00000000,0.00000000,1.00000000,0.00000000,3.00000000,41.00000000,0.00000000,t,01050000A0110F000001000000010200008002000000000000208D6D5FC1000000907CF4524100000000EC9B1140000000008C6D5FC1000000A077F4524100000000EC9B1140
810,STREET,CROSSING,roads.cga,Start,CedarStreet,Major Edge,MAJOR,479.00000000,-258260.00000000,12.00000000,0.00000000,1.00000000,0.00000000,3.50000000,478.00000000,0.00000000,t,01050000A0110F00000100000001020000800200000000000050F06D5FC1000000E01FF5524100000000E0830E40000000E0F76D5FC10000003024F552410000000086C40B40
811,STREET,STREET,roads.cga,Start,Mill Lane,Major Edge,MAJOR,548.00000000,231022.00000000,10.00000000,0.00000000,1.00000000,0.00000000,3.50000000,547.00000000,0.00000000,t,01050000A0110F00000100000001020000800200000000000090B26D5FC1000000906EF4524100000000CA130A4000000020BC6D5FC1000000D066F45241000000006EA40840
812,CROSSING,STREET,piers.cga,Start,Pier,Major Edge,MAJOR,606.00000000,231022.00000000,8.00000000,0.00000000,1.00000000,0.00000000,3.50000000,605.00000000,0.00000000,t,01050000A0110F000001000000010200008002000000000000F0866D5FC1000000A04EF4524100000000F87DF23F00005858826D5FC10000C00B49F4524100000000F87DF23F
813,STREET,CROSSING,piers.cga,Start,Pier,Major Edge,MAJOR,606.00000000,231022.00000000,6.00000000,0.00000000,1.00000000,0.00000000,3.50000000,605.00000000,0.00000000,t,01050000A0110F000001000000010200008002000000000000E0D76C5FC1000000C0D9F4524100000000F87DF23F00000060DC6C5FC1000000F0D6F4524100000000F87DF23F
814,STREET,CROSSING,roads.cga,Start,William Street,Major Edge,MAJOR,303.00000000,487402.00000000,14.00000000,0.00000000,0.00000000,0.00000000,3.50000000,302.00000000,0.00000000,t,01050000A0110F000001000000010200008002000000000000C0406D5FC10000000025F5524100000080767B2140000000503C6D5FC1000000202BF5524100000080E7082140
815,STREET,CROSSING,roads.cga,Start,Bayard Street,Major Edge,MAJOR,485.00000000,135581.00000000,12.00000000,0.00000000,1.00000000,0.00000000,3.50000000,484.00000000,0.00000000,t,01050000A0110F000001000000010200008002000000000000600E6C5FC100000010D9F5524100000040BE0F2A4000000040026C5FC100000000D5F5524100000000061A2A40
816,STREET,CROSSING,piers.cga,Start,Pier,Major Edge,MAJOR,606.00000000,231022.00000000,8.00000000,0.00000000,1.00000000,0.00000000,3.50000000,605.00000000,0.00000000,t,01050000A0110F000001000000010200008002000000000000105B6C5FC1000000701DF5524100000000F87DF23F000000705D6C5FC10000006028F5524100000000F87DF23F
817,STREET,CROSSING,roads.cga,Start,Prince Street,Major Edge,MAJOR,583.00000000,417195.00000000,12.00000000,0.00000000,1.00000000,0.00000000,3.50000000,582.00000000,0.00000000,t,01050000A0110F000001000000010200008002000000000000C0CB6C5FC1000000F06DF5524100000080D85D1D4000000030D86C5FC1000000F06BF5524100000080D85D1D40
818,STREET,CROSSING,roads.cga,Start,GravelStreet,Major Edge,MAJOR,532.00000000,-365802.00000000,12.00000000,0.00000000,1.00000000,0.00000000,3.50000000,531.00000000,0.00000000,t,01050000A0110F00000100000001020000800200000000000020C26D5FC10000004045F4524100000000FC670040000000E0BB6D5FC1000000A047F4524100000000FC670040
819,CROSSING,STREET,piers.cga,Start,Pier,Major Edge,MAJOR,606.00000000,231022.00000000,6.00000000,0.00000000,1.00000000,0.00000000,3.50000000,605.00000000,0.00000000,t,01050000A0110F00000100000001020000800200000000000030936C5FC10000006010F5524100000000F87DF23F000000A0996C5FC1000000300DF5524100000000F87DF23F
820,STREET,STREET,roads.cga,Start,LumberStreet,Major Edge,MAJOR,133.00000000,231022.00000000,12.00000000,0.00000000,1.00000000,0.00000000,3.50000000,132.00000000,0.00000000,t,01050000A0110F00000100000001020000800200000000000030E96D5FC100000080F2F45241000000C0BCDE2240000000F0E16D5FC1000000A0EEF4524100000080B1FF2440
821,STREET,STREET,roads.cga,Start,PearlStreet,Major Edge,MAJOR,532.00000000,-365802.00000000,16.00000000,0.00000000,1.00000000,0.00000000,3.50000000,531.00000000,0.00000000,t,01050000A0110F00000100000001020000800200000000000080736D5FC10000001086F4524100000000E0830E4000000070776D5FC10000009080F4524100000000E0830E40
822,CROSSING,STREET,roads.cga,Start,MurrayStreet,Major Edge,MAJOR,559.00000000,515711.00000000,12.00000000,0.00000000,1.00000000,0.00000000,3.50000000,558.00000000,0.00000000,t,01050000A0110F00000100000001020000800200000000000060AC6D5FC100000070D0F55241000000004EDB164000000010B56D5FC100000030D5F5524100000000C8A11340
823,CROSSING,STREET,piers.cga,Start,Pier,Major Edge,MAJOR,606.00000000,231022.00000000,6.00000000,0.00000000,1.00000000,0.00000000,3.50000000,605.00000000,0.00000000,t,01050000A0110F000001000000010200008002000000000000F0026D5FC100000070B9F4524100000000F87DF23F00000070FF6C5FC100000040BCF4524100000000F87DF23F
824,CROSSING,STREET,roads.cga,Start,Stone Street,Major Edge,MAJOR,61.00000000,231022.00000000,12.00000000,0.00000000,1.00000000,0.00000000,3.50000000,60.00000000,0.00000000,t,01050000A0110F00000100000001020000800200000000000090C56D5FC100000050FBF4524100000000E28F2440000000C0D06D5FC1000000F001F5524100000080E3622340
825,CROSSING,STREET,piers.cga,Start,Pier,Major Edge,MAJOR,606.00000000,231022.00000000,6.00000000,0.00000000,1.00000000,0.00000000,3.50000000,605.00000000,0.00000000,t,01050000A0110F000001000000010200008002000000000000C03A6D5FC10000008077F4524100000000F87DF23F000000D0316D5FC1000000806EF4524100000000F87DF23F
826,CROSSING,CROSSING,roads.cga,Start,BoweryStreet,Major Edge,MAJOR,340.00000000,135581.00000000,26.00000000,0.00000000,1.00000000,0.00000000,3.50000000,339.00000000,0.00000000,t,01050000A0110F00000100000001020000800200000000000060546D5FC1000000E06CF55241000000C0DDE9264000000030476D5FC10000007071F55241000000C039682740
827,STREET,DEAD_END,piers.cga,Start,Pier,Major Edge,MAJOR,606.00000000,231022.00000000,6.00000000,0.00000000,1.00000000,0.00000000,3.50000000,605.00000000,0.00000000,t,01050000A0110F00000100000001020000800200000000000030CC6C5FC100000080D5F4524100000000F87DF23F0000D014CC6C5FC10000805AD5F4524100000000F87DF23F
828,STREET,CROSSING,roads.cga,Start,ReadeStreet,Major Edge,MAJOR,632.00000000,-258260.00000000,14.00000000,0.00000000,1.00000000,0.00000000,3.50000000,631.00000000,0.00000000,t,01050000A0110F000001000000010200008002000000000000D07F6D5FC10000009007F6524100000000E1A9184000000090876D5FC1000000500CF6524100000000FB521740
829,STREET,STREET,roads.cga,Start,BeaverStreet,Major Edge,MAJOR,64.00000000,231022.00000000,14.00000000,0.00000000,1.00000000,0.00000000,3.50000000,63.00000000,0.00000000,t,01050000A0110F00000100000001020000800200000000000060C66D5FC10000007079F4524100000000E8CF094000000040CD6D5FC10000009078F4524100000000D4CF0740
830,CROSSING,STREET,roads.cga,Start,LibertyStreet,Major Edge,MAJOR,431.00000000,231022.00000000,12.00000000,0.00000000,1.00000000,0.00000000,3.50000000,430.00000000,0.00000000,t,01050000A0110F00000100000001020000800200000000000070B86D5FC1000000E00FF5524100000080E362234000000040C46D5FC10000009017F5524100000080E5352240
831,CROSSING,CROSSING,Landscape_Design_Greenspace/Greenspace Construction.cga,GreenSpace,greenspace,Major Edge,MAJOR,18.00000000,135581.00000000,6.00000000,0.00000000,1.00000000,0.00000000,3.50000000,17.00000000,0.00000000,t,01050000A0110F000001000000010200008002000000000000A0366D5FC10000008085F55241000000C0D943294000000050506D5FC10000008078F55241000000C043F02740
832,STREET,STREET,roads.cga,Start,LibertyStreet,Major Edge,MAJOR,498.00000000,231022.00000000,10.00000000,0.00000000,1.00000000,0.00000000,3.50000000,497.00000000,3.90000000,t,01050000A0110F000001000000010200008002000000000000006B6D5FC100000020D0F4524100000000E0830E4000000040706D5FC100000030D4F4524100000000449B1140
833,CROSSING,STREET,roads.cga,Start,RobinsonStreet,Major Edge,MAJOR,38.00000000,-258260.00000000,12.00000000,0.00000000,1.00000000,0.00000000,3.50000000,37.00000000,0.00000000,t,01050000A0110F00000100000001020000800200000000000060946D5FC1000000F0A6F5524100000080E7082140000000B0896D5FC100000070A0F5524100000080E5352240
834,CROSSING,CROSSING,roads.cga,Start,Broadway,Major Edge,MAJOR,260.00000000,-258260.00000000,32.00000000,0.00000000,1.00000000,0.00000000,3.50000000,259.00000000,-2.00000000,t,01050000A0110F00000100000001020000800200000000000090C56D5FC100000050FBF4524100000000E28F2440000000F0CB6D5FC1000000C0F0F45241000000C0DFBC2540
835,CROSSING,STREET,piers.cga,Start,Pier,Major Edge,MAJOR,606.00000000,231022.00000000,6.00000000,0.00000000,1.00000000,0.00000000,3.50000000,605.00000000,0.00000000,t,01050000A0110F000001000000010200008002000000000000C03A6D5FC10000008077F4524100000000F87DF23F000000F0406D5FC10000000072F4524100000000F87DF23F
836,CROSSING,CROSSING,roads.cga,Start,StoneStreet,Major Edge,MAJOR,180.00000000,231022.00000000,10.00000000,0.00000000,1.00000000,0.00000000,3.50000000,179.00000000,0.00000000,t,01050000A0110F00000100000001020000800200000000000060AB6D5FC1000000C066F4524100000000E8CF0940000000D0A26D5FC1000000F06EF4524100000000E0830E40
837,STREET,CROSSING,roads.cga,Start,Alley,Major Edge,MAJOR,645.00000000,417195.00000000,10.00000000,0.00000000,1.00000000,0.00000000,3.50000000,644.00000000,0.00000000,t,01050000A0110F000001000000010200008002000000000000D0A46C5FC1000000A015F55241000000002A56124000000040A96C5FC10000005020F5524100000000E44F1640
838,CROSSING,CROSSING,roads.cga,Start,RobinsonStreet,Major Edge,MAJOR,38.00000000,-258260.00000000,12.00000000,0.00000000,1.00000000,0.00000000,3.50000000,37.00000000,0.00000000,t,01050000A0110F00000100000001020000800200000000000060946D5FC1000000F0A6F5524100000080E7082140000000509C6D5FC1000000D0ABF5524100000000D3B71F40
839,CROSSING,STREET,roads.cga,Start,LibertyStreet,Major Edge,MAJOR,240.00000000,231022.00000000,12.00000000,0.00000000,1.00000000,0.00000000,3.50000000,239.00000000,0.00000000,t,01050000A0110F000001000000010200008002000000000000D0D76D5FC10000002024F5524100000000DC031B40000000B0DE6D5FC10000003028F5524100000000D96B1840
840,STREET,STREET,piers.cga,Start,Pier,Major Edge,MAJOR,606.00000000,231022.00000000,6.00000000,0.00000000,1.00000000,0.00000000,3.50000000,605.00000000,0.00000000,t,01050000A0110F000001000000010200008002000000000000A0376E5FC1000000906FF4524100000000F87DF23F000000F03A6E5FC10000005074F4524100000000F87DF23F
841,STREET,CROSSING,roads.cga,Start,LibertyStreet,Major Edge,MAJOR,240.00000000,231022.00000000,12.00000000,0.00000000,1.00000000,0.00000000,3.50000000,239.00000000,0.00000000,t,01050000A0110F00000100000001020000800200000000000080EB6D5FC10000007030F552410000000045BA1240000000F0F16D5FC1000000E034F55241000000000E1A1040
842,CROSSING,STREET,roads.cga,Start,LumberStreet,Major Edge,MAJOR,59.00000000,-258260.00000000,18.00000000,0.00000000,1.00000000,0.00000000,3.50000000,58.00000000,0.00000000,t,01050000A0110F00000100000001020000800200000000000060946D5FC1000000F0A6F5524100000080E708214000000080916D5FC1000000A0ABF5524100000080E7082140
843,STREET,CROSSING,roads.cga,Start,CanalStreet,Major Edge,MAJOR,34.00000000,135581.00000000,16.00000000,0.00000000,1.00000000,0.00000000,3.50000000,33.00000000,0.00000000,t,01050000A0110F00000100000001020000800200000000000040E76B5FC1000000C0F8F55241000000C0D9432940000000F0DA6B5FC1000000C0F3F55241000000C0D9432940
844,CROSSING,STREET,roads.cga,Start,gravel,Major Edge,MAJOR,415.00000000,231022.00000000,10.00000000,0.00000000,1.00000000,0.00000000,3.50000000,414.00000000,0.00000000,t,01050000A0110F00000100000001020000800200000000000010026E5FC1000000C069F4524100000000EC9B1140000000D00A6E5FC1000000F068F4524100000000EC9B1140
845,CROSSING,STREET,roads.cga,Start,GravelStreet,Major Edge,MAJOR,532.00000000,-365802.00000000,6.00000000,0.00000000,1.00000000,0.00000000,3.50000000,531.00000000,0.00000000,t,01050000A0110F000001000000010200008002000000000000E0BB6D5FC1000000A047F4524100000000FC670040000000B0B96D5FC1000000D03EF4524100000000FC670040
846,STREET,STREET,piers.cga,Start,Pier,Major Edge,MAJOR,606.00000000,231022.00000000,6.00000000,0.00000000,1.00000000,0.00000000,3.50000000,605.00000000,0.00000000,t,01050000A0110F000001000000010200008002000000000000F0406D5FC10000000072F4524100000000F87DF23F000000B03C6D5FC1000000B06DF4524100000000F87DF23F
847,STREET,CROSSING,roads.cga,Start,Oliver Street,Major Edge,MAJOR,297.00000000,417195.00000000,12.00000000,0.00000000,1.00000000,0.00000000,3.50000000,296.00000000,0.00000000,t,01050000A0110F00000100000001020000800200000000000080486C5FC1000000D03CF5524100000000F41B054000000050466C5FC1000000D031F5524100000000FC670040
848,STREET,STREET,roads.cga,Start,Van Water Street,Major Edge,MAJOR,47.00000000,487402.00000000,12.00000000,0.00000000,1.00000000,0.00000000,3.50000000,46.00000000,0.00000000,t,01050000A0110F000001000000010200008002000000000000D0C16C5FC10000001057F5524100000000DC031B4000000050B96C5FC1000000C05AF5524100000000DC031B40
849,CROSSING,STREET,roads.cga,Start,Ferry Street,Major Edge,MAJOR,224.00000000,487402.00000000,12.00000000,0.00000000,1.00000000,0.00000000,3.50000000,223.00000000,0.00000000,t,01050000A0110F00000100000001020000800200000000000030E56C5FC10000002010F5524100000000E44F1640000000F0ED6C5FC1000000C01AF5524100000000E8F51340
850,CROSSING,CROSSING,roads.cga,Start,Morris Street,Major Edge,MAJOR,607.00000000,231022.00000000,10.00000000,0.00000000,1.00000000,0.00000000,3.50000000,606.00000000,0.00000000,t,01050000A0110F00000100000001020000800200000000000050196E5FC1000000C0A1F452410000000064D0144000000010226E5FC100000090A5F4524100000000EC9B1140
851,STREET,STREET,roads.cga,Start,WarrenStreet,Major Edge,MAJOR,313.00000000,515711.00000000,14.00000000,0.00000000,1.00000000,0.00000000,3.50000000,312.00000000,0.00000000,t,01050000A0110F000001000000010200008002000000000000A0986D5FC100000060E0F55241000000005BD41840000000B08E6D5FC100000050DAF5524100000000403A1B40
852,STREET,CROSSING,roads.cga,Start,CedarStreet,Major Edge,MAJOR,1.00000000,231022.00000000,12.00000000,0.00000000,1.00000000,0.00000000,3.50000000,0.00000000,0.00000000,t,01050000A0110F000001000000010200008002000000000000608B6D5FC1000000D0D4F4524100000080D85D1D40000000D0826D5FC100000030CDF45241000000004D831C40
853,CROSSING,STREET,roads.cga,Start,LibertyStreet,Major Edge,MAJOR,238.00000000,231022.00000000,12.00000000,0.00000000,1.00000000,0.00000000,3.50000000,237.00000000,0.00000000,t,01050000A0110F00000100000001020000800200000000000030986D5FC1000000E0FBF4524100000080836F214000000030A16D5FC10000005002F5524100000080E3622340
854,STREET,STREET,roads.cga,Start,ReadeStreet,Major Edge,MAJOR,144.00000000,-258260.00000000,14.00000000,0.00000000,1.00000000,0.00000000,3.50000000,143.00000000,0.00000000,t,01050000A0110F00000100000001020000800200000000000090A26D5FC1000000101CF6524100000000EC9B114000000020B06D5FC10000000024F6524100000000E0830E40
855,STREET,CROSSING,roads.cga,Start,BoweryStreet,Major Edge,MAJOR,78.00000000,135581.00000000,28.00000000,0.00000000,1.00000000,0.00000000,3.50000000,77.00000000,0.00000000,t,01050000A0110F00000100000001020000800200000000000080296C5FC1000000A006F6524100000000D5212C40000000B0236C5FC1000000E012F652410000000042312C40
856,CROSSING,STREET,piers.cga,Start,Pier,Major Edge,MAJOR,606.00000000,231022.00000000,6.00000000,0.00000000,1.00000000,0.00000000,3.50000000,605.00000000,0.00000000,t,01050000A0110F000001000000010200008002000000000000D07E6C5FC10000003015F5524100000000F87DF23F00000000896C5FC1000000D012F5524100000000F87DF23F
857,STREET,STREET,roads.cga,Start,MulberryStreet,Major Edge,MAJOR,326.00000000,135581.00000000,14.00000000,0.00000000,1.00000000,0.00000000,3.50000000,325.00000000,0.00000000,t,01050000A0110F00000100000001020000800200000000000030666C5FC1000000D03DF6524100000080E535224000000020616C5FC10000007048F6524100000080E3622340
858,STREET,STREET,roads.cga,Start,CedarStreet,Major Edge,MAJOR,1.00000000,231022.00000000,12.00000000,0.00000000,1.00000000,0.00000000,3.50000000,0.00000000,0.00000000,t,01050000A0110F000001000000010200008002000000000000D09C6D5FC100000050E4F4524100000080E535224000000060946D5FC1000000D0DCF4524100000000D56D1F40
859,STREET,CROSSING,roads.cga,Start,GravelStreet,Major Edge,MAJOR,390.00000000,-258260.00000000,8.00000000,0.00000000,1.00000000,0.00000000,3.50000000,389.00000000,0.00000000,t,01050000A0110F000001000000010200008002000000000000A0ED6D5FC10000009082F5524100000000E0830E40000000D0F76D5FC10000000088F5524100000000F87DF23F
860,STREET,CROSSING,roads.cga,Start,Rector Street,Major Edge,MAJOR,190.00000000,231022.00000000,10.00000000,0.00000000,1.00000000,0.00000000,3.50000000,189.00000000,0.00000000,t,01050000A0110F00000100000001020000800200000000000000F26D5FC100000050D9F4524100000000B396214000000040E96D5FC1000000A0D5F4524100000000E28F2440
861,STREET,CROSSING,roads.cga,Start,GravelStreet,Major Edge,MAJOR,18.00000000,135581.00000000,10.00000000,0.00000000,1.00000000,0.00000000,3.50000000,17.00000000,0.00000000,t,01050000A0110F00000100000001020000800200000000000040E76C5FC100000060B1F5524100000000D3B71F4000000000EB6C5FC1000000B0BAF5524100000000D3B71F40
862,STREET,CROSSING,roads.cga,Start,BroadStreet,Major Edge,MAJOR,455.00000000,135581.00000000,16.00000000,0.00000000,1.00000000,0.00000000,3.50000000,454.00000000,0.00000000,t,01050000A0110F000001000000010200008002000000000000F03E6D5FC1000000E063F5524100000040B7DD264000000090356D5FC1000000406DF55241000000C0DDE92640
863,STREET,CROSSING,roads.cga,Start,Cliff Street,Major Edge,MAJOR,168.00000000,-258260.00000000,10.00000000,0.00000000,1.00000000,0.00000000,3.50000000,167.00000000,0.00000000,t,01050000A0110F00000100000001020000800200000000000090316D5FC100000060E7F4524100000000EA8A1240000000F0396D5FC1000000D0E2F45241000000009CC71140
864,STREET,STREET,roads.cga,Start,AllenStreet,Major Edge,MAJOR,564.00000000,135581.00000000,14.00000000,0.00000000,1.00000000,0.00000000,3.50000000,563.00000000,0.00000000,t,01050000A0110F000001000000010200008002000000000000C0B66B5FC1000000D0FCF55241000000C0DB16284000000000B36B5FC10000008006F65241000000C0D19D2740
865,CROSSING,STREET,roads.cga,Start,FultonStreet,Major Edge,MAJOR,506.00000000,-258260.00000000,14.00000000,0.00000000,1.00000000,0.00000000,3.50000000,505.00000000,0.00000000,t,01050000A0110F000001000000010200008002000000000000508E6D5FC1000000F04FF5524100000000E28F2440000000B0986D5FC1000000D056F5524100000080E3622340
866,CROSSING,STREET,roads.cga,Start,HesterStreet,Major Edge,MAJOR,499.00000000,135581.00000000,12.00000000,0.00000000,1.00000000,0.00000000,3.50000000,498.00000000,0.00000000,t,01050000A0110F000001000000010200008002000000000000302C6C5FC10000008045F65241000000C0DDE9264000000050376C5FC1000000B04AF65241000000C0DFBC2540
867,STREET,CROSSING,roads.cga,Start,PearlStreet,Major Edge,MAJOR,18.00000000,135581.00000000,14.00000000,0.00000000,1.00000000,0.00000000,3.50000000,17.00000000,0.00000000,t,01050000A0110F00000100000001020000800200000000000010B36C5FC100000080A9F5524100000000424C1440000000D0AA6C5FC1000000809EF5524100000000E44F1640
868,STREET,CROSSING,roads.cga,Start,William Street,Major Edge,MAJOR,50.00000000,-23593.00000000,14.00000000,0.00000000,1.00000000,0.00000000,3.50000000,49.00000000,0.00000000,t,01050000A0110F00000100000001020000800200000000000010626D5FC100000070F9F452410000000020FB1A40000000305D6D5FC10000003000F552410000000001C81D40
869,STREET,STREET,piers.cga,Start,Pier,Major Edge,MAJOR,606.00000000,231022.00000000,6.00000000,0.00000000,1.00000000,0.00000000,3.50000000,605.00000000,0.00000000,t,01050000A0110F00000100000001020000800200000000000020146E5FC10000005007F4524100000000F87DF23F000000D0146E5FC10000002005F4524100000000F87DF23F
870,CROSSING,STREET,roads.cga,Start,BridgeStreet,Major Edge,MAJOR,64.00000000,231022.00000000,18.00000000,0.00000000,1.00000000,0.00000000,3.50000000,63.00000000,0.00000000,t,01050000A0110F000001000000010200008002000000000000400D6E5FC1000000A0E4F452410000000094970B40000000F0116E5FC100000070D6F45241000000005E2C0E40
871,STREET,STREET,roads.cga,Start,BroadStreet,Major Edge,MAJOR,380.00000000,135581.00000000,16.00000000,0.00000000,1.00000000,0.00000000,3.50000000,379.00000000,0.00000000,t,01050000A0110F000001000000010200008002000000000000A0596D5FC1000000104AF55241000000C0DFBC254000000000566D5FC1000000804DF55241000000C0DFBC2540
872,CROSSING,CROSSING,Landscape_Design_Greenspace/Greenspace Construction.cga,GreenSpace,Rector Street,Major Edge,MAJOR,398.00000000,231022.00000000,4.00000000,0.00000000,1.00000000,0.00000000,3.50000000,397.00000000,0.00000000,t,01050000A0110F00000100000001020000800200000000000050176E5FC100000030E9F4524100000000F87DF23F000000400D6E5FC1000000A0E4F452410000000094970B40
873,CROSSING,CROSSING,piers.cga,Start,Orange Street,Major Edge,MAJOR,18.00000000,135581.00000000,6.00000000,0.00000000,1.00000000,0.00000000,3.50000000,17.00000000,0.00000000,t,01050000A0110F00000100000001020000800200000000000090E76D5FC1000000901AF4524100000000F87DF23F00000030DB6D5FC1000000101EF4524100000000F87DF23F
874,STREET,STREET,roads.cga,Start,ChambersStreet,Major Edge,MAJOR,528.00000000,-258260.00000000,14.00000000,0.00000000,1.00000000,0.00000000,3.50000000,527.00000000,0.00000000,t,01050000A0110F000001000000010200008002000000000000505A6D5FC1000000F0D5F55241000000800E582240000000904F6D5FC1000000E0CEF5524100000080E3622340
875,STREET,DEAD_END,piers.cga,Start,Pier,Major Edge,MAJOR,606.00000000,231022.00000000,6.00000000,0.00000000,1.00000000,0.00000000,3.50000000,605.00000000,0.00000000,t,01050000A0110F000001000000010200008002000000000000A04B6D5FC1000000B05DF4524100000000F87DF23F000000704B6D5FC1000000805DF4524100000000F87DF23F
876,STREET,CROSSING,piers.cga,Start,Pier,Major Edge,MAJOR,606.00000000,231022.00000000,6.00000000,0.00000000,1.00000000,0.00000000,3.50000000,605.00000000,0.00000000,t,01050000A0110F00000100000001020000800200000000000090146E5FC1000000700AF5524100000000F87DF23F000000F00D6E5FC1000000D018F5524100000000F87DF23F
877,CROSSING,STREET,roads.cga,Start,PearlStreet,Major Edge,MAJOR,573.00000000,417195.00000000,16.00000000,0.00000000,1.00000000,0.00000000,3.50000000,572.00000000,0.00000000,t,01050000A0110F00000100000001020000800200000000000090AA6C5FC1000000008CF5524100000000784B1840000000B0AA6C5FC1000000B094F5524100000000E44F1640
878,STREET,CROSSING,roads.cga,Start,Trinity PL / Lumber Street,Major Edge,MAJOR,491.00000000,231022.00000000,12.00000000,0.00000000,1.00000000,0.00000000,3.50000000,490.00000000,0.00000000,t,01050000A0110F00000100000001020000800200000000000030E16D5FC10000007011F5524100000000A465184000000060E36D5FC1000000200DF55241000000004EDC1840
879,CROSSING,CROSSING,Landscape_Design_Greenspace/Greenspace Construction.cga,GreenSpace,greenspace,Major Edge,MAJOR,575.00000000,515711.00000000,12.00000000,0.00000000,1.00000000,0.00000000,3.50000000,574.00000000,0.00000000,t,01050000A0110F00000100000001020000800200000000000090426D5FC1000000B08DF55241000000C0D9432940000000A0366D5FC10000008085F55241000000C0D9432940
880,STREET,CROSSING,roads.cga,Start,GravelStreet,Major Edge,MAJOR,282.00000000,247456.00000000,6.00000000,0.00000000,1.00000000,0.00000000,3.50000000,281.00000000,0.00000000,t,01050000A0110F000001000000010200008002000000000000D0096E5FC10000008011F4524100000000FC670040000000600A6E5FC10000001007F4524100000000F87DF23F
881,STREET,CROSSING,roads.cga,Start,CanalStreet,Major Edge,MAJOR,34.00000000,135581.00000000,16.00000000,0.00000000,1.00000000,0.00000000,3.50000000,33.00000000,0.00000000,t,01050000A0110F000001000000010200008002000000000000C0C56B5FC100000040EBF55241000000C0DB16284000000090BE6B5FC100000060E8F55241000000C0DB162840
882,STREET,STREET,roads.cga,Start,Frankfort Street,Major Edge,MAJOR,490.00000000,487402.00000000,16.00000000,0.00000000,1.00000000,0.00000000,3.50000000,489.00000000,0.00000000,t,01050000A0110F000001000000010200008002000000000000E01B6D5FC10000004071F5524100000040AFCE234000000000226D5FC10000007076F55241000000C014C22540
883,CROSSING,CROSSING,piers.cga,Start,Pier,Major Edge,MAJOR,606.00000000,231022.00000000,6.00000000,0.00000000,1.00000000,0.00000000,3.50000000,605.00000000,0.00000000,t,01050000A0110F000001000000010200008002000000000000C0C66C5FC100000030E1F4524100000000F87DF23F000000C0C96C5FC100000000E6F4524100000000F87DF23F
884,STREET,STREET,roads.cga,Start,DeyStreet_crossing,Major Edge,MAJOR,86.00000000,-258260.00000000,14.00000000,0.00000000,1.00000000,0.00000000,3.50000000,85.00000000,0.00000000,t,01050000A0110F00000100000001020000800200000000000060A66D5FC1000000E044F5524100000080E535224000000030AE6D5FC1000000F049F5524100000080E7082140
885,STREET,STREET,roads.cga,Start,New Street,Major Edge,MAJOR,166.00000000,564470.00000000,14.00000000,0.00000000,1.00000000,0.00000000,3.50000000,165.00000000,0.00000000,t,01050000A0110F00000100000001020000800200000000000080EA6D5FC1000000108CF4524100000000EC9B114000000070E76D5FC10000007094F4524100000000B4771340
886,CROSSING,STREET,roads.cga,Start,BridgeStreet,Major Edge,MAJOR,64.00000000,231022.00000000,18.00000000,0.00000000,1.00000000,0.00000000,3.50000000,63.00000000,0.00000000,t,01050000A0110F000001000000010200008002000000000000D0FB6D5FC1000000E017F5524100000000E8CF094000000070006E5FC1000000300AF5524100000000E8CF0940
887,STREET,CROSSING,roads.cga,Start,ChambersStreet,Major Edge,MAJOR,528.00000000,-258260.00000000,14.00000000,0.00000000,1.00000000,0.00000000,3.50000000,527.00000000,0.00000000,t,01050000A0110F000001000000010200008002000000000000A0796D5FC100000010EAF5524100000080D85D1D4000000010706D5FC100000040E4F5524100000080E4D61F40
888,STREET,CROSSING,roads.cga,Start,BoweryStreet,Major Edge,MAJOR,78.00000000,135581.00000000,28.00000000,0.00000000,1.00000000,0.00000000,3.50000000,77.00000000,0.00000000,t,01050000A0110F000001000000010200008002000000000000B0176C5FC10000000030F65241000000C0DB16284000000060136C5FC1000000803AF6524100000040EF732740
889,CROSSING,CROSSING,roads.cga,Start,WaterStreet,Major Edge,MAJOR,686.00000000,417195.00000000,6.00000000,0.00000000,1.00000000,0.00000000,3.50000000,685.00000000,0.00000000,t,01050000A0110F000001000000010200008002000000000000C0D66C5FC1000000F0E5F45241000000001AC10140000000D0DA6C5FC100000020E3F4524100000000E6EA0240
890,STREET,CROSSING,roads.cga,Start,WaterStreet,Major Edge,MAJOR,48.00000000,417195.00000000,6.00000000,0.00000000,1.00000000,0.00000000,3.50000000,47.00000000,0.00000000,t,01050000A0110F000001000000010200008002000000000000F0896C5FC10000006015F5524100000000DEFE094000000000946C5FC10000002013F5524100000000F87DF23F
891,CROSSING,STREET,roads.cga,Start,Fetcher Street,Major Edge,MAJOR,121.00000000,-23593.00000000,12.00000000,0.00000000,1.00000000,0.00000000,3.50000000,120.00000000,0.00000000,t,01050000A0110F000001000000010200008002000000000000E0306D5FC1000000A0AAF45241000000008038F93F000000002A6D5FC100000000A3F45241000000000868F73F
892,CROSSING,STREET,piers.cga,Start,Water Street,Major Edge,MAJOR,606.00000000,231022.00000000,6.00000000,0.00000000,1.00000000,0.00000000,3.50000000,605.00000000,0.00000000,t,01050000A0110F000001000000010200008002000000000000A0006D5FC100000040CBF4524100000000F87DF23F000000A0076D5FC100000040C6F4524100000000F87DF23F
893,STREET,DEAD_END,roads.cga,Start,Alley,Major Edge,MAJOR,645.00000000,417195.00000000,12.00000000,0.00000000,1.00000000,0.00000000,3.50000000,644.00000000,0.00000000,t,01050000A0110F000001000000010200008002000000000000A08D6C5FC1000000B02FF5524100000000D5291040000000208F6C5FC10000001039F5524100000000389A1140
894,STREET,STREET,piers.cga,Start,Pier,Major Edge,MAJOR,606.00000000,231022.00000000,6.00000000,0.00000000,1.00000000,0.00000000,3.50000000,605.00000000,0.00000000,t,01050000A0110F00000100000001020000800200000000000020136E5FC1000000F0F4F4524100000000F87DF23F000000101C6E5FC100000010FAF4524100000000F87DF23F
895,CROSSING,STREET,roads.cga,Start,LumberStreet,Major Edge,MAJOR,133.00000000,231022.00000000,12.00000000,0.00000000,1.00000000,0.00000000,3.50000000,132.00000000,0.00000000,t,01050000A0110F000001000000010200008002000000000000D0EE6D5FC100000080F5F45241000000803AB81C4000000030E96D5FC100000080F2F45241000000C0BCDE2240
896,STREET,CROSSING,roads.cga,Start,WaterStreet,Major Edge,MAJOR,527.00000000,231022.00000000,16.00000000,0.00000000,1.00000000,0.00000000,3.50000000,526.00000000,0.00000000,t,01050000A0110F000001000000010200008002000000000000C0416D5FC1000000709AF4524100000000FC670040000000503A6D5FC100000070A1F4524100000000FC670040
897,STREET,STREET,roads.cga,Start,Beekman Street,Major Edge,MAJOR,116.00000000,487402.00000000,12.00000000,0.00000000,1.00000000,0.00000000,3.50000000,115.00000000,0.00000000,t,01050000A0110F000001000000010200008002000000000000903A6D5FC1000000D04CF5524100000040FE5C2240000000B0406D5FC10000007054F5524100000000E28F2440
898,CROSSING,STREET,roads.cga,Start,ChrystieStreet,Major Edge,MAJOR,257.00000000,135581.00000000,14.00000000,0.00000000,1.00000000,0.00000000,3.50000000,256.00000000,0.00000000,t,01050000A0110F00000100000001020000800200000000000090086C5FC10000009006F652410000002038643040000000A0006C5FC1000000F019F6524100000080D7702A40
899,CROSSING,STREET,roads.cga,Start,LumberStreet,Major Edge,MAJOR,26.00000000,-258260.00000000,18.00000000,0.00000000,1.00000000,0.00000000,3.50000000,25.00000000,0.00000000,t,01050000A0110F00000100000001020000800200000000000010706D5FC100000040E4F5524100000080E4D61F40000000B06A6D5FC100000020EDF5524100000000D3B71F40
900,CROSSING,STREET,roads.cga,Start,PearlStreet,Major Edge,MAJOR,532.00000000,-365802.00000000,16.00000000,0.00000000,1.00000000,0.00000000,3.50000000,531.00000000,0.00000000,t,01050000A0110F000001000000010200008002000000000000B0456D5FC100000050C1F4524100000000FC670040000000E03F6D5FC100000010C5F4524100000000FC670040
901,CROSSING,STREET,roads.cga,Start,Batavia Lane,Major Edge,MAJOR,386.00000000,417195.00000000,12.00000000,0.00000000,1.00000000,0.00000000,3.50000000,385.00000000,0.00000000,t,01050000A0110F00000100000001020000800200000000000010836C5FC1000000803FF5524100000000E0830E40000000C0736C5FC1000000E041F5524100000000E8CF0940
902,CROSSING,STREET,roads.cga,Start,Orange Street,Major Edge,MAJOR,18.00000000,135581.00000000,12.00000000,0.00000000,1.00000000,0.00000000,3.50000000,17.00000000,0.00000000,t,01050000A0110F000001000000010200008002000000000000D0F96C5FC1000000F0ADF5524100000080E535224000000000F36C5FC1000000E0B3F5524100000080E7082140
903,CROSSING,CROSSING,roads.cga,Start,Frankfort Street,Major Edge,MAJOR,628.00000000,487402.00000000,16.00000000,0.00000000,1.00000000,0.00000000,3.50000000,627.00000000,0.00000000,t,01050000A0110F000001000000010200008002000000000000D00E6D5FC10000002066F55241000000807DF21E4000000060126D5FC10000003069F552410000000016F01F40
904,STREET,CROSSING,roads.cga,Start,Broadway,Major Edge,MAJOR,260.00000000,-258260.00000000,24.00000000,0.00000000,1.00000000,0.00000000,3.50000000,259.00000000,-2.00000000,t,01050000A0110F00000100000001020000800200000000000040306D5FC100000060E4F5524100000080E535224000000010366D5FC100000020DBF5524100000080E3622340
905,CROSSING,STREET,roads.cga,Start,GravelStreet,Major Edge,MAJOR,606.00000000,231022.00000000,6.00000000,0.00000000,1.00000000,0.00000000,3.50000000,605.00000000,0.00000000,t,01050000A0110F000001000000010200008002000000000000C0D66C5FC1000000F0E5F45241000000001AC1014000000070D36C5FC1000000A0E0F4524100000000D8BCFF3F
906,CROSSING,CROSSING,piers.cga,Start,Pier,Major Edge,MAJOR,606.00000000,231022.00000000,6.00000000,0.00000000,1.00000000,0.00000000,3.50000000,605.00000000,0.00000000,t,01050000A0110F000001000000010200008002000000000000C0C96C5FC100000000E6F4524100000000F87DF23F000000C0CD6C5FC1000000E0EBF4524100000000F87DF23F
907,CROSSING,CROSSING,roads.cga,Start,GravelStreet,Major Edge,MAJOR,64.00000000,231022.00000000,6.00000000,0.00000000,1.00000000,0.00000000,3.50000000,63.00000000,0.00000000,t,01050000A0110F000001000000010200008002000000000000202A6E5FC1000000008EF452410000000030B0134000000060356E5FC10000002094F4524100000000F87DF23F
908,STREET,CROSSING,roads.cga,Start,ForsythStreet,Major Edge,MAJOR,376.00000000,135581.00000000,14.00000000,0.00000000,1.00000000,0.00000000,3.50000000,375.00000000,0.00000000,t,01050000A0110F00000100000001020000800200000000000040046C5FC100000090CFF55241000000C0D943294000000050066C5FC1000000F0C9F55241000000C0D9432940
909,STREET,STREET,piers.cga,Start,Pier,Major Edge,MAJOR,606.00000000,231022.00000000,6.00000000,0.00000000,1.00000000,0.00000000,3.50000000,605.00000000,0.00000000,t,01050000A0110F000001000000010200008002000000000000200D6E5FC10000006054F5524100000000F87DF23F000000400A6E5FC10000004059F5524100000000F87DF23F
910,CROSSING,CROSSING,piers.cga,Start,Pier,Major Edge,MAJOR,606.00000000,231022.00000000,6.00000000,0.00000000,1.00000000,0.00000000,3.50000000,605.00000000,0.00000000,t,01050000A0110F000001000000010200008002000000000000F00D6E5FC1000000D018F5524100000000F87DF23F000000700A6E5FC10000009020F5524100000000F87DF23F
911,STREET,CROSSING,roads.cga,Start,Broadway,Major Edge,MAJOR,260.00000000,-258260.00000000,14.00000000,0.00000000,1.00000000,0.00000000,3.50000000,259.00000000,0.00000000,t,01050000A0110F00000100000001020000800200000000000060026E5FC1000000405FF4524100000000E0830E4000000020026E5FC10000008053F4524100000000F8A00B40
912,STREET,STREET,roads.cga,Start,Alley,Major Edge,MAJOR,305.00000000,247456.00000000,4.00000000,0.00000000,1.00000000,0.00000000,3.50000000,304.00000000,0.00000000,t,01050000A0110F00000100000001020000800200000000000040496D5FC1000000107AF4524100000000BC84F73F000000203F6D5FC10000005083F45241000000000868F73F
913,STREET,STREET,roads.cga,Start,WarrenStreet,Major Edge,MAJOR,313.00000000,515711.00000000,14.00000000,0.00000000,1.00000000,0.00000000,3.50000000,312.00000000,0.00000000,t,01050000A0110F000001000000010200008002000000000000E0656D5FC100000000C2F5524100000080E3622340000000605B6D5FC1000000D0BBF5524100000000E28F2440
914,CROSSING,CROSSING,piers.cga,Start,Pier,Major Edge,MAJOR,606.00000000,231022.00000000,6.00000000,0.00000000,1.00000000,0.00000000,3.50000000,605.00000000,0.00000000,t,01050000A0110F00000100000001020000800200000000000040AF6C5FC100000010F6F4524100000000F87DF23F000000C0A96C5FC1000000A0F9F4524100000000F87DF23F
915,CROSSING,STREET,roads.cga,Start,CanalStreet,Major Edge,MAJOR,656.00000000,135581.00000000,16.00000000,0.00000000,1.00000000,0.00000000,3.50000000,655.00000000,0.00000000,t,01050000A0110F000001000000010200008002000000000000F06A6C5FC10000000034F65241000000C0801E2240000000F05F6C5FC1000000E02EF65241000000C09A902340
916,CROSSING,CROSSING,roads.cga,Start,PearlStreet,Major Edge,MAJOR,505.00000000,417195.00000000,16.00000000,0.00000000,1.00000000,0.00000000,3.50000000,504.00000000,0.00000000,t,01050000A0110F00000100000001020000800200000000000090AA6C5FC1000000806DF5524100000000E1A91840000000C0AA6C5FC10000004073F5524100000000E1A91840
917,STREET,DEAD_END,piers.cga,Start,Pier,Major Edge,MAJOR,606.00000000,231022.00000000,6.00000000,0.00000000,1.00000000,0.00000000,3.50000000,605.00000000,0.00000000,t,01050000A0110F000001000000010200008002000000000000A0506D5FC10000001056F4524100000000F87DF23F00000070506D5FC1000000E055F4524100000000F87DF23F
918,CROSSING,STREET,piers.cga,Start,Pier,Major Edge,MAJOR,606.00000000,231022.00000000,6.00000000,0.00000000,1.00000000,0.00000000,3.50000000,605.00000000,0.00000000,t,01050000A0110F000001000000010200008002000000000000801E6E5FC1000000502DF4524100000000F87DF23F00000070286E5FC1000000D035F4524100000000F87DF23F
919,CROSSING,STREET,roads.cga,Start,GravelStreet,Major Edge,MAJOR,64.00000000,231022.00000000,8.00000000,0.00000000,1.00000000,0.00000000,3.50000000,63.00000000,0.00000000,t,01050000A0110F000001000000010200008002000000000000202A6E5FC1000000008EF452410000000030B01340000000C02D6E5FC10000007083F4524100000000EC9B1140
920,STREET,CROSSING,roads.cga,Start,Ferry Street,Major Edge,MAJOR,224.00000000,487402.00000000,12.00000000,0.00000000,1.00000000,0.00000000,3.50000000,223.00000000,0.00000000,t,01050000A0110F00000100000001020000800200000000000060E06C5FC10000009009F552410000000089C6154000000000DB6C5FC10000003002F552410000000064941140
921,STREET,DEAD_END,piers.cga,Start,Pier,Major Edge,MAJOR,606.00000000,231022.00000000,6.00000000,0.00000000,1.00000000,0.00000000,3.50000000,605.00000000,0.00000000,t,01050000A0110F000001000000010200008002000000000000105F6C5FC10000000019F5524100000000F87DF23F0000D4FD5E6C5FC1000030A518F5524100000000F87DF23F
922,STREET,CROSSING,piers.cga,Start,Pier,Major Edge,MAJOR,606.00000000,231022.00000000,6.00000000,0.00000000,1.00000000,0.00000000,3.50000000,605.00000000,0.00000000,t,01050000A0110F00000100000001020000800200000000000010006E5FC1000000A006F4524100000000F87DF23F0000A0EC046E5FC10000D0D406F4524100000000F87DF23F
923,STREET,STREET,roads.cga,Start,BridgeStreet,Major Edge,MAJOR,64.00000000,231022.00000000,18.00000000,0.00000000,1.00000000,0.00000000,3.50000000,63.00000000,0.00000000,t,01050000A0110F00000100000001020000800200000000000000156E5FC100000020CDF4524100000000E0830E40000000C0176E5FC1000000D0C4F4524100000000E0830E40
924,STREET,CROSSING,roads.cga,Start,New Street,Major Edge,MAJOR,427.00000000,231022.00000000,14.00000000,0.00000000,1.00000000,0.00000000,3.50000000,426.00000000,0.00000000,t,01050000A0110F000001000000010200008002000000000000D0D06D5FC1000000D0C8F45241000000801DB32040000000D0CB6D5FC1000000D0D2F452410000000070822240
925,STREET,CROSSING,roads.cga,Start,WBroadway,Major Edge,MAJOR,264.00000000,515711.00000000,18.00000000,0.00000000,1.00000000,0.00000000,3.50000000,263.00000000,0.00000000,t,01050000A0110F00000100000001020000800200000000000050A96D5FC100000000D6F55241000000007EDF164000000060AC6D5FC100000070D0F55241000000004EDB1640
926,CROSSING,CROSSING,roads.cga,Start,GravelStreet,Major Edge,MAJOR,18.00000000,135581.00000000,6.00000000,0.00000000,1.00000000,0.00000000,3.50000000,17.00000000,0.00000000,t,01050000A0110F000001000000010200008002000000000000D0F96C5FC1000000F0ADF5524100000080E5352240000000D0F36C5FC100000040A3F5524100000080E3622340
927,STREET,STREET,roads.cga,Start,ChambersStreet,Major Edge,MAJOR,528.00000000,-258260.00000000,14.00000000,0.00000000,1.00000000,0.00000000,3.50000000,527.00000000,0.00000000,t,01050000A0110F000001000000010200008002000000000000B0656D5FC100000070DDF5524100000040EE112140000000505A6D5FC1000000F0D5F55241000000800E582240
928,STREET,DEAD_END,piers.cga,Start,Pier,Major Edge,MAJOR,606.00000000,231022.00000000,6.00000000,0.00000000,1.00000000,0.00000000,3.50000000,605.00000000,0.00000000,t,01050000A0110F000001000000010200008002000000000000B07C6C5FC1000000300AF5524100000000F87DF23F000000A07C6C5FC1000000F009F5524100000000F87DF23F
929,STREET,STREET,roads.cga,Start,Cliff Street,Major Edge,MAJOR,168.00000000,-258260.00000000,10.00000000,0.00000000,1.00000000,0.00000000,3.50000000,167.00000000,0.00000000,t,01050000A0110F000001000000010200008002000000000000D0216D5FC100000010F0F4524100000000BEA9134000000080296D5FC1000000E0EBF4524100000000CC771240
930,STREET,CROSSING,roads.cga,Start,ExchangePl,Major Edge,MAJOR,417.00000000,231022.00000000,12.00000000,0.00000000,1.00000000,0.00000000,3.50000000,416.00000000,0.00000000,t,01050000A0110F00000100000001020000800200000000000070AE6D5FC1000000D098F4524100000000E8F51340000000C0A56D5FC1000000B094F452410000000035C11440
931,STREET,CROSSING,roads.cga,Start,MottStreet,Major Edge,MAJOR,421.00000000,135581.00000000,12.00000000,0.00000000,1.00000000,0.00000000,3.50000000,420.00000000,0.00000000,t,01050000A0110F000001000000010200008002000000000000206D6C5FC100000070B8F5524100000080E4372140000000D06B6C5FC1000000E0ADF552410000008064BB2040
932,CROSSING,CROSSING,piers.cga,Start,Pier,Major Edge,MAJOR,606.00000000,231022.00000000,6.00000000,0.00000000,1.00000000,0.00000000,3.50000000,605.00000000,0.00000000,t,01050000A0110F000001000000010200008002000000000000A0B16D5FC10000002033F4524100000000F87DF23F00000070A96D5FC10000000037F4524100000000F87DF23F
933,CROSSING,CROSSING,piers.cga,Start,Pier,Major Edge,MAJOR,606.00000000,231022.00000000,6.00000000,0.00000000,1.00000000,0.00000000,3.50000000,605.00000000,0.00000000,t,01050000A0110F00000100000001020000800200000000000030676D5FC1000000E05EF4524100000000F87DF23F000000F0656D5FC1000000805DF4524100000000F87DF23F
934,CROSSING,CROSSING,roads.cga,Start,GravelStreet,Major Edge,MAJOR,93.00000000,515711.00000000,2.00000000,0.00000000,1.00000000,0.00000000,3.50000000,92.00000000,0.00000000,t,01050000A0110F000001000000010200008002000000000000D0206E5FC10000000075F4524100000000EC9B114000000070266E5FC10000002077F4524100000000EC9B1140
935,CROSSING,STREET,roads.cga,Start,New Street,Major Edge,MAJOR,427.00000000,231022.00000000,14.00000000,0.00000000,1.00000000,0.00000000,3.50000000,426.00000000,0.00000000,t,01050000A0110F00000100000001020000800200000000000000DD6D5FC100000090B0F452410000000088A8184000000040D86D5FC100000000BAF4524100000000F00E1B40
936,CROSSING,STREET,roads.cga,Start,GreenwichStreet,Major Edge,MAJOR,93.00000000,515711.00000000,18.00000000,0.00000000,1.00000000,0.00000000,3.50000000,92.00000000,0.00000000,t,01050000A0110F000001000000010200008002000000000000F0F16D5FC1000000E034F55241000000000E1A104000000010F56D5FC1000000102CF5524100000000E0830E40
937,CROSSING,STREET,roads.cga,Start,Beekman Street,Major Edge,MAJOR,116.00000000,487402.00000000,12.00000000,0.00000000,1.00000000,0.00000000,3.50000000,115.00000000,0.00000000,t,01050000A0110F000001000000010200008002000000000000702E6D5FC1000000C03DF5524100000000D3B71F4000000070346D5FC10000003045F5524100000080E7082140
938,CROSSING,STREET,roads.cga,Start,ChrystieStreet,Major Edge,MAJOR,488.00000000,135581.00000000,14.00000000,0.00000000,1.00000000,0.00000000,3.50000000,487.00000000,0.00000000,t,01050000A0110F00000100000001020000800200000000000010F86B5FC1000000D02EF65241000000C0DB162840000000F0F06B5FC10000000041F65241000000C004252640
939,STREET,CROSSING,roads.cga,Start,HesterStreet,Major Edge,MAJOR,471.00000000,135581.00000000,12.00000000,0.00000000,1.00000000,0.00000000,3.50000000,470.00000000,0.00000000,t,01050000A0110F000001000000010200008002000000000000D0946B5FC10000007007F65241000000C0DFBC2540000000B08B6B5FC1000000C003F6524100000080105A2540
940,CROSSING,CROSSING,piers.cga,Start,Pier,Major Edge,MAJOR,606.00000000,231022.00000000,6.00000000,0.00000000,1.00000000,0.00000000,3.50000000,605.00000000,0.00000000,t,01050000A0110F000001000000010200008002000000000000F0686D5FC1000000B05AF4524100000000F87DF23F000000F0656D5FC1000000805DF4524100000000F87DF23F
941,STREET,STREET,roads.cga,Start,Jacob Street,Major Edge,MAJOR,396.00000000,487402.00000000,16.00000000,0.00000000,1.00000000,0.00000000,3.50000000,395.00000000,0.00000000,t,01050000A0110F000001000000010200008002000000000000C0DD6C5FC1000000903AF5524100000000EC9B1140000000D0E46C5FC10000003034F5524100000000EC9B1140
942,STREET,CROSSING,roads.cga,Start,Trinity PL / Lumber Street,Major Edge,MAJOR,133.00000000,231022.00000000,12.00000000,0.00000000,1.00000000,0.00000000,3.50000000,132.00000000,0.00000000,t,01050000A0110F000001000000010200008002000000000000E0F76D5FC100000000E3F45241000000005A2A1B40000000D0FA6D5FC100000010DDF452410000000044B31940
943,CROSSING,CROSSING,roads.cga,Start,MadisonStreet,Major Edge,MAJOR,425.00000000,417195.00000000,12.00000000,0.00000000,1.00000000,0.00000000,3.50000000,424.00000000,0.00000000,t,01050000A0110F00000100000001020000800200000000000090AA6C5FC1000000806DF5524100000000E1A9184000000020996C5FC1000000406FF55241000000001A951440
944,CROSSING,CROSSING,roads.cga,Start,Rutgers Street,Major Edge,MAJOR,351.00000000,417195.00000000,10.00000000,0.00000000,1.00000000,0.00000000,3.50000000,350.00000000,0.00000000,t,01050000A0110F000001000000010200008002000000000000C0956C5FC10000006050F5524100000000E8F51340000000E0A86C5FC1000000A04EF5524100000000E1A91840
945,CROSSING,CROSSING,roads.cga,Start,GravelStreet,Major Edge,MAJOR,415.00000000,231022.00000000,10.00000000,0.00000000,1.00000000,0.00000000,3.50000000,414.00000000,0.00000000,t,01050000A0110F000001000000010200008002000000000000E0306E5FC10000005065F4524100000000E0830E40000000B0376E5FC1000000B064F4524100000000F87DF23F
946,CROSSING,STREET,piers.cga,Start,Pier,Major Edge,MAJOR,606.00000000,231022.00000000,6.00000000,0.00000000,1.00000000,0.00000000,3.50000000,605.00000000,0.00000000,t,01050000A0110F000001000000010200008002000000000000F05B6D5FC10000002062F4524100000000F87DF23F000000A0506D5FC10000001056F4524100000000F87DF23F
947,STREET,STREET,roads.cga,Start,WBroadway,Major Edge,MAJOR,264.00000000,515711.00000000,18.00000000,0.00000000,1.00000000,0.00000000,3.50000000,263.00000000,0.00000000,t,01050000A0110F00000100000001020000800200000000000040A66D5FC100000080DBF5524100000000E1A9184000000050A96D5FC100000000D6F55241000000007EDF1640
948,CROSSING,CROSSING,roads.cga,Start,GravelStreet,Major Edge,MAJOR,18.00000000,135581.00000000,6.00000000,0.00000000,1.00000000,0.00000000,3.50000000,17.00000000,0.00000000,t,01050000A0110F000001000000010200008002000000000000D0F36C5FC100000040A3F5524100000080E362234000000080EC6C5FC1000000B08CF55241000000000C272340
949,STREET,CROSSING,roads.cga,Start,John Street,Major Edge,MAJOR,361.00000000,-258260.00000000,18.00000000,0.00000000,1.00000000,0.00000000,3.50000000,360.00000000,0.00000000,t,01050000A0110F000001000000010200008002000000000000F0326D5FC1000000C0D9F45241000000001CED0B40000000002C6D5FC1000000D0CEF4524100000000FC670040
950,STREET,CROSSING,roads.cga,Start,CherryStreet,Major Edge,MAJOR,89.00000000,487402.00000000,14.00000000,0.00000000,1.00000000,0.00000000,3.50000000,88.00000000,0.00000000,t,01050000A0110F00000100000001020000800200000000000060B46C5FC1000000001EF5524100000000E1A9184000000040A96C5FC10000005020F5524100000000E44F1640
951,STREET,CROSSING,roads.cga,Start,Gold Street,Major Edge,MAJOR,409.00000000,-258260.00000000,12.00000000,0.00000000,1.00000000,0.00000000,3.50000000,408.00000000,0.00000000,t,01050000A0110F000001000000010200008002000000000000304C6D5FC1000000B0E8F4524100000000AC03154000000010486D5FC100000070EEF4524100000000E44F1640
952,CROSSING,STREET,roads.cga,Start,LibertyStreet,Major Edge,MAJOR,498.00000000,231022.00000000,18.00000000,0.00000000,1.00000000,0.00000000,3.50000000,497.00000000,0.00000000,t,01050000A0110F00000100000001020000800200000000000020616D5FC100000010C8F4524100000000E8CF0940000000D0586D5FC100000020C0F4524100000000F41B0540
953,CROSSING,STREET,roads.cga,Start,BoweryStreet,Major Edge,MAJOR,340.00000000,135581.00000000,26.00000000,0.00000000,1.00000000,0.00000000,3.50000000,339.00000000,0.00000000,t,01050000A0110F00000100000001020000800200000000000000886D5FC1000000C059F5524100000000E28F2440000000907A6D5FC1000000E05EF5524100000000E28F2440
954,CROSSING,STREET,roads.cga,Start,FultonStreet,Major Edge,MAJOR,477.00000000,-258260.00000000,14.00000000,0.00000000,1.00000000,0.00000000,3.50000000,476.00000000,0.00000000,t,01050000A0110F00000100000001020000800200000000000060186D5FC100000040F5F4524100000000E8F5134000000030156D5FC100000000F0F45241000000002EB91140
955,CROSSING,STREET,roads.cga,Start,WarrenStreet,Major Edge,MAJOR,313.00000000,515711.00000000,14.00000000,0.00000000,1.00000000,0.00000000,3.50000000,312.00000000,0.00000000,t,01050000A0110F000001000000010200008002000000000000A07C6D5FC100000060CFF55241000000C075F4204000000010716D5FC100000090C8F5524100000080E5352240
956,STREET,CROSSING,roads.cga,Start,PearlStreet,Major Edge,MAJOR,532.00000000,-365802.00000000,16.00000000,0.00000000,1.00000000,0.00000000,3.50000000,531.00000000,0.00000000,t,01050000A0110F000001000000010200008002000000000000804A6D5FC100000030BDF4524100000000FC670040000000B0456D5FC100000050C1F4524100000000FC670040
957,CROSSING,CROSSING,roads.cga,Start,Morris Street,Major Edge,MAJOR,607.00000000,231022.00000000,10.00000000,0.00000000,1.00000000,0.00000000,3.50000000,606.00000000,0.00000000,t,01050000A0110F000001000000010200008002000000000000F0106E5FC1000000D09DF4524100000000E1A9184000000050196E5FC1000000C0A1F452410000000064D01440
958,STREET,CROSSING,roads.cga,Start,LudlowStreet,Major Edge,MAJOR,478.00000000,135581.00000000,14.00000000,0.00000000,1.00000000,0.00000000,3.50000000,477.00000000,0.00000000,t,01050000A0110F00000100000001020000800200000000000020906B5FC1000000D0F8F55241000000C0DFBC2540000000B08B6B5FC1000000C003F6524100000080105A2540
959,STREET,CROSSING,roads.cga,Start,WarrenStreet,Major Edge,MAJOR,313.00000000,515711.00000000,14.00000000,0.00000000,1.00000000,0.00000000,3.50000000,312.00000000,0.00000000,t,01050000A0110F00000100000001020000800200000000000070856D5FC1000000B0D4F55241000000806D951F40000000A07C6D5FC100000060CFF55241000000C075F42040
960,STREET,CROSSING,roads.cga,Start,Dutch Street,Major Edge,MAJOR,131.00000000,-258260.00000000,12.00000000,0.00000000,1.00000000,0.00000000,3.50000000,130.00000000,0.00000000,t,01050000A0110F000001000000010200008002000000000000A05C6D5FC1000000E023F5524100000080E362234000000020576D5FC1000000202BF5524100000080E3622340
961,CROSSING,CROSSING,piers.cga,Start,Pier,Major Edge,MAJOR,606.00000000,231022.00000000,6.00000000,0.00000000,1.00000000,0.00000000,3.50000000,605.00000000,0.00000000,t,01050000A0110F00000100000001020000800200000000000070AF6D5FC1000000702AF4524100000000F87DF23F000000A0B16D5FC10000002033F4524100000000F87DF23F
962,CROSSING,CROSSING,piers.cga,Start,Pier,Major Edge,MAJOR,606.00000000,231022.00000000,6.00000000,0.00000000,1.00000000,0.00000000,3.50000000,605.00000000,0.00000000,t,01050000A0110F00000100000001020000800200000000000070A96D5FC10000000037F4524100000000F87DF23F00000060AC6D5FC1000000A03BF4524100000000F87DF23F
963,STREET,DEAD_END,piers.cga,Start,Pier,Major Edge,MAJOR,606.00000000,231022.00000000,6.00000000,0.00000000,1.00000000,0.00000000,3.50000000,605.00000000,0.00000000,t,01050000A0110F00000100000001020000800200000000000080C56C5FC100000030DFF4524100000000F87DF23F00000060C56C5FC1000000FCDEF4524100000000F87DF23F
964,CROSSING,STREET,roads.cga,Start,ExchangePl,Major Edge,MAJOR,417.00000000,231022.00000000,12.00000000,0.00000000,1.00000000,0.00000000,3.50000000,416.00000000,0.00000000,t,01050000A0110F000001000000010200008002000000000000D0CA6D5FC100000070A6F4524100000000EC9B114000000080C06D5FC100000080A1F4524100000000EC9B1140
965,STREET,STREET,roads.cga,Start,DeyStreet_crossing,Major Edge,MAJOR,86.00000000,-258260.00000000,14.00000000,0.00000000,1.00000000,0.00000000,3.50000000,85.00000000,0.00000000,t,01050000A0110F00000100000001020000800200000000000030BE6D5FC10000001054F5524100000000F3991E40000000F0C76D5FC10000009059F5524100000080D85D1D40
966,STREET,CROSSING,roads.cga,Start,ExchangePl,Major Edge,MAJOR,592.00000000,231022.00000000,12.00000000,0.00000000,1.00000000,0.00000000,3.50000000,591.00000000,0.00000000,t,01050000A0110F000001000000010200008002000000000000B0CF6D5FC1000000D0A8F4524100000000EC9B1140000000D0CA6D5FC100000070A6F4524100000000EC9B1140
967,STREET,DEAD_END,piers.cga,Start,Pier,Major Edge,MAJOR,606.00000000,231022.00000000,8.00000000,0.00000000,1.00000000,0.00000000,3.50000000,605.00000000,0.00000000,t,01050000A0110F00000100000001020000800200000000000090F56C5FC100000030B8F4524100000000F87DF23F00000050F56C5FC1000000D0B7F4524100000000F87DF23F
968,STREET,STREET,roads.cga,Start,BoweryStreet,Major Edge,MAJOR,78.00000000,135581.00000000,26.00000000,0.00000000,1.00000000,0.00000000,3.50000000,77.00000000,0.00000000,t,01050000A0110F000001000000010200008002000000000000E05B6C5FC100000050B3F5524100000080E362234000000060576C5FC100000000B6F552410000008086892440
969,CROSSING,CROSSING,roads.cga,Start,gravel,Major Edge,MAJOR,607.00000000,231022.00000000,10.00000000,0.00000000,1.00000000,0.00000000,3.50000000,606.00000000,0.00000000,t,01050000A0110F000001000000010200008002000000000000100D6E5FC1000000F04FF4524100000000E8CF094000000040096E5FC10000006041F4524100000000E8CF0940
970,STREET,CROSSING,roads.cga,Start,GravelStreet,Major Edge,MAJOR,63.00000000,-33958.00000000,12.00000000,0.00000000,1.00000000,0.00000000,3.50000000,62.00000000,0.00000000,t,01050000A0110F000001000000010200008002000000000000F09E6D5FC1000000606AF4524100000000E8CF0940000000E09A6D5FC1000000C065F4524100000000E8CF0940
971,STREET,STREET,roads.cga,Start,Van Water Street,Major Edge,MAJOR,47.00000000,487402.00000000,12.00000000,0.00000000,1.00000000,0.00000000,3.50000000,46.00000000,0.00000000,t,01050000A0110F00000100000001020000800200000000000060C96C5FC1000000C053F552410000000022E91A40000000D0C16C5FC10000001057F5524100000000DC031B40
972,STREET,STREET,piers.cga,Start,Pier,Major Edge,MAJOR,606.00000000,231022.00000000,6.00000000,0.00000000,1.00000000,0.00000000,3.50000000,605.00000000,0.00000000,t,01050000A0110F000001000000010200008002000000000000F0046D5FC100000000C3F4524100000000F87DF23F000000A0076D5FC100000040C6F4524100000000F87DF23F
973,STREET,STREET,roads.cga,Start,Gold Street,Major Edge,MAJOR,409.00000000,-258260.00000000,12.00000000,0.00000000,1.00000000,0.00000000,3.50000000,408.00000000,0.00000000,t,01050000A0110F00000100000001020000800200000000000080516D5FC1000000B0DFF4524100000000EBC11240000000F04E6D5FC100000070E4F4524100000000E8F51340
974,STREET,CROSSING,roads.cga,Start,LumberStreet,Major Edge,MAJOR,26.00000000,-258260.00000000,18.00000000,0.00000000,1.00000000,0.00000000,3.50000000,25.00000000,0.00000000,t,01050000A0110F000001000000010200008002000000000000B06A6D5FC100000020EDF5524100000000D3B71F40000000D0646D5FC1000000F0F6F5524100000080D85D1D40
975,STREET,STREET,roads.cga,Start,PineStreet,Major Edge,MAJOR,9.00000000,231022.00000000,12.00000000,0.00000000,1.00000000,0.00000000,3.50000000,8.00000000,0.00000000,t,01050000A0110F00000100000001020000800200000000000060B56D5FC100000080DFF4524100000000E28F2440000000D0BC6D5FC100000030E5F4524100000000E28F2440
976,CROSSING,STREET,roads.cga,Start,GravelStreet,Major Edge,MAJOR,18.00000000,135581.00000000,6.00000000,0.00000000,1.00000000,0.00000000,3.50000000,17.00000000,0.00000000,t,01050000A0110F000001000000010200008002000000000000C0F76D5FC10000000017F4524100000000FC67004000000010F06D5FC1000000B018F4524100000000FC670040
977,STREET,STREET,roads.cga,Start,William Street,Major Edge,MAJOR,503.00000000,693240.00000000,14.00000000,0.00000000,1.00000000,0.00000000,3.50000000,502.00000000,0.00000000,t,01050000A0110F00000100000001020000800200000000000000576D5FC10000001008F5524100000000897C204000000010516D5FC1000000B00FF5524100000080E7082140
978,STREET,CROSSING,roads.cga,Start,WBroadway,Major Edge,MAJOR,149.00000000,515711.00000000,18.00000000,0.00000000,1.00000000,0.00000000,3.50000000,148.00000000,0.00000000,t,01050000A0110F000001000000010200008002000000000000E0806D5FC1000000F017F6524100000000E8F5134000000090876D5FC1000000500CF6524100000000FB521740
979,STREET,DEAD_END,piers.cga,Start,Pier,Major Edge,MAJOR,606.00000000,231022.00000000,6.00000000,0.00000000,1.00000000,0.00000000,3.50000000,605.00000000,0.00000000,t,01050000A0110F00000100000001020000800200000000000090036D5FC100000030ADF4524100000000F87DF23F00003069036D5FC1000050FFACF4524100000000F87DF23F
980,CROSSING,STREET,piers.cga,Start,Pier,Major Edge,MAJOR,606.00000000,231022.00000000,6.00000000,0.00000000,1.00000000,0.00000000,3.50000000,605.00000000,0.00000000,t,01050000A0110F00000100000001020000800200000000000020E66D5FC10000005014F4524100000000F87DF23F000000F0E36D5FC1000000600AF4524100000000F87DF23F
981,STREET,CROSSING,roads.cga,Start,BeaverStreet,Major Edge,MAJOR,64.00000000,231022.00000000,14.00000000,0.00000000,1.00000000,0.00000000,3.50000000,63.00000000,0.00000000,t,01050000A0110F000001000000010200008002000000000000C0E46D5FC10000000077F4524100000000E8CF094000000020F26D5FC10000009077F4524100000000E0830E40
982,STREET,CROSSING,roads.cga,Start,William Street,Major Edge,MAJOR,327.00000000,319784.00000000,14.00000000,0.00000000,1.00000000,0.00000000,3.50000000,326.00000000,0.00000000,t,01050000A0110F00000100000001020000800200000000000040276D5FC10000006048F5524100000000A55D1D4000000020206D5FC10000000053F5524100000080BBE21C40
983,CROSSING,CROSSING,piers.cga,Start,Pier,Major Edge,MAJOR,606.00000000,231022.00000000,6.00000000,0.00000000,1.00000000,0.00000000,3.50000000,605.00000000,0.00000000,t,01050000A0110F000001000000010200008002000000000000406A6D5FC1000000205CF4524100000000F87DF23F000000F0686D5FC1000000B05AF4524100000000F87DF23F
984,CROSSING,STREET,roads.cga,Start,LumberStreet,Major Edge,MAJOR,216.00000000,-258260.00000000,18.00000000,0.00000000,1.00000000,0.00000000,3.50000000,215.00000000,0.00000000,t,01050000A0110F00000100000001020000800200000000000090886D5FC100000040BAF5524100000080E708214000000070856D5FC1000000C0BFF5524100000080E7082140
985,CROSSING,STREET,roads.cga,Start,BroadStreet,Major Edge,MAJOR,289.00000000,231022.00000000,16.00000000,0.00000000,1.00000000,0.00000000,3.50000000,288.00000000,0.00000000,t,01050000A0110F00000100000001020000800200000000000000A46D5FC1000000C0EAF45241000000404F672340000000709E6D5FC1000000E0F2F4524100000080E3622340
986,STREET,CROSSING,roads.cga,Start,Frankfort Street,Major Edge,MAJOR,490.00000000,487402.00000000,14.00000000,0.00000000,1.00000000,0.00000000,3.50000000,489.00000000,0.00000000,t,01050000A0110F00000100000001020000800200000000000000226D5FC10000007076F55241000000C014C22540000000A0276D5FC1000000407BF55241000000C0DDE92640
987,CROSSING,STREET,roads.cga,Start,Cliff Street,Major Edge,MAJOR,168.00000000,-258260.00000000,10.00000000,0.00000000,1.00000000,0.00000000,3.50000000,167.00000000,0.00000000,t,01050000A0110F00000100000001020000800200000000000060186D5FC100000040F5F4524100000000E8F51340000000D0216D5FC100000010F0F4524100000000BEA91340
988,STREET,CROSSING,roads.cga,Start,ElizabethStreet,Major Edge,MAJOR,130.00000000,135581.00000000,14.00000000,0.00000000,1.00000000,0.00000000,3.50000000,129.00000000,0.00000000,t,01050000A0110F000001000000010200008002000000000000C0446C5FC1000000E011F6524100000000E8A62840000000603E6C5FC1000000801FF65241000000801AEF2840
989,CROSSING,STREET,roads.cga,Start,CortlandStreet,Major Edge,MAJOR,332.00000000,-258260.00000000,10.00000000,0.00000000,1.00000000,0.00000000,3.50000000,331.00000000,0.00000000,t,01050000A0110F00000100000001020000800200000000000020646D5FC100000020CBF4524100000000E8CF094000000080676D5FC100000090D3F4524100000000E0830E40
990,STREET,CROSSING,roads.cga,Start,gravel,Major Edge,MAJOR,282.00000000,247456.00000000,12.00000000,0.00000000,1.00000000,0.00000000,3.50000000,281.00000000,0.00000000,t,01050000A0110F000001000000010200008002000000000000B0156E5FC1000000E045F4524100000000E8CF0940000000D0136E5FC1000000A03EF4524100000000E8CF0940
991,CROSSING,STREET,roads.cga,Start,StoneStreet,Major Edge,MAJOR,180.00000000,231022.00000000,10.00000000,0.00000000,1.00000000,0.00000000,3.50000000,179.00000000,0.00000000,t,01050000A0110F000001000000010200008002000000000000F0D46D5FC1000000F053F4524100000000FC670040000000E0C76D5FC10000003056F4524100000000FC670040
992,CROSSING,CROSSING,roads.cga,Start,FultonStreet,Major Edge,MAJOR,477.00000000,-258260.00000000,14.00000000,0.00000000,1.00000000,0.00000000,3.50000000,476.00000000,0.00000000,t,01050000A0110F000001000000010200008002000000000000202C6D5FC1000000C00DF5524100000000DC031B40000000E0246D5FC1000000B007F55241000000001A5B1A40
993,STREET,CROSSING,roads.cga,Start,CanalStreet,Major Edge,MAJOR,538.00000000,135581.00000000,16.00000000,0.00000000,1.00000000,0.00000000,3.50000000,537.00000000,0.00000000,t,01050000A0110F000001000000010200008002000000000000802B6C5FC10000009016F6524100000000D59D2B40000000B0236C5FC1000000E012F652410000000042312C40
994,CROSSING,STREET,roads.cga,Start,WaterStreet,Major Edge,MAJOR,319.00000000,231022.00000000,16.00000000,0.00000000,1.00000000,0.00000000,3.50000000,318.00000000,0.00000000,t,01050000A0110F00000100000001020000800200000000000000D36D5FC1000000802CF4524100000000DC89FB3F00000090C46D5FC1000000B031F4524100000000FC670040
995,STREET,CROSSING,roads.cga,Start,RobinsonStreet,Major Edge,MAJOR,38.00000000,-258260.00000000,12.00000000,0.00000000,1.00000000,0.00000000,3.50000000,37.00000000,0.00000000,t,01050000A0110F00000100000001020000800200000000000010A66D5FC1000000B0B1F5524100000000C9BC1B4000000010B06D5FC1000000B0B7F5524100000000E1A91840
996,STREET,STREET,roads.cga,Start,PearlStreet,Major Edge,MAJOR,532.00000000,-365802.00000000,16.00000000,0.00000000,1.00000000,0.00000000,3.50000000,531.00000000,0.00000000,t,01050000A0110F00000100000001020000800200000000000050006D5FC100000020E5F4524100000000DE1C0B4000000020FA6C5FC1000000C0E8F4524100000000E0830E40
997,STREET,STREET,roads.cga,Start,BroadStreet,Major Edge,MAJOR,486.00000000,231022.00000000,16.00000000,0.00000000,1.00000000,0.00000000,3.50000000,485.00000000,0.00000000,t,01050000A0110F00000100000001020000800200000000000070B96D5FC100000000CBF4524100000000D3B71F40000000B0B46D5FC100000060D1F452410000004027F42140
998,CROSSING,CROSSING,Landscape_Design_Greenspace/Greenspace Construction.cga,GreenSpace,greenspace,Major Edge,MAJOR,18.00000000,135581.00000000,6.00000000,0.00000000,1.00000000,0.00000000,3.50000000,17.00000000,0.00000000,t,01050000A0110F000001000000010200008002000000000000D01B6D5FC10000002093F55241000000C0DB162840000000A0366D5FC10000008085F55241000000C0D9432940
999,STREET,STREET,roads.cga,Start,RobinsonStreet,Major Edge,MAJOR,38.00000000,-258260.00000000,12.00000000,0.00000000,1.00000000,0.00000000,3.50000000,37.00000000,0.00000000,t,01050000A0110F000001000000010200008002000000000000B0896D5FC100000070A0F5524100000080E5352240000000307F6D5FC1000000009AF5524100000080E3622340
1000,CROSSING,STREET,roads.cga,Start,Trinity PL / Lumber Street,Major Edge,MAJOR,133.00000000,231022.00000000,12.00000000,0.00000000,1.00000000,0.00000000,3.50000000,132.00000000,0.00000000,t,01050000A0110F000001000000010200008002000000000000D0EE6D5FC100000080F5F45241000000803AB81C4000000000F26D5FC100000000EFF4524100000080D8B91D40
1001,STREET,CROSSING,roads.cga,Start,BarclayStreet,Major Edge,MAJOR,620.00000000,-258260.00000000,14.00000000,0.00000000,1.00000000,0.00000000,3.50000000,619.00000000,0.00000000,t,01050000A0110F000001000000010200008002000000000000F0946D5FC1000000B08CF55241000000C03DF62040000000C09F6D5FC10000006093F552410000008046441E40
1002,CROSSING,STREET,roads.cga,Start,Beekman Street,Major Edge,MAJOR,374.00000000,487402.00000000,12.00000000,0.00000000,1.00000000,0.00000000,3.50000000,373.00000000,0.00000000,t,01050000A0110F00000100000001020000800200000000000070F36C5FC1000000B0ECF45241000000001CFB104000000060FA6C5FC1000000B0F6F4524100000000E8F51340
1003,STREET,STREET,roads.cga,Start,ForsythStreet,Major Edge,MAJOR,400.00000000,135581.00000000,14.00000000,0.00000000,1.00000000,0.00000000,3.50000000,399.00000000,0.00000000,t,01050000A0110F00000100000001020000800200000000000060DC6B5FC1000000B037F65241000000C0DDE9264000000060D96B5FC1000000903FF65241000000C0DDE92640
1004,STREET,CROSSING,roads.cga,Start,Ferry Street,Major Edge,MAJOR,224.00000000,487402.00000000,12.00000000,0.00000000,1.00000000,0.00000000,3.50000000,223.00000000,0.00000000,t,01050000A0110F000001000000010200008002000000000000F0ED6C5FC1000000C01AF5524100000000E8F5134000000000F66C5FC10000008024F5524100000000E8F51340
1005,CROSSING,CROSSING,roads.cga,Start,BroadStreet,Major Edge,MAJOR,170.00000000,231022.00000000,28.00000000,0.00000000,1.00000000,0.00000000,3.50000000,169.00000000,0.00000000,t,01050000A0110F000001000000010200008002000000000000E0D46D5FC10000002047F4524100000000FC670040000000E0D46D5FC10000008043F4524100000000FC670040
1006,STREET,STREET,roads.cga,Start,BridgeStreet,Major Edge,MAJOR,64.00000000,231022.00000000,18.00000000,0.00000000,1.00000000,0.00000000,3.50000000,63.00000000,0.00000000,t,01050000A0110F000001000000010200008002000000000000F0116E5FC100000070D6F45241000000005E2C0E4000000000156E5FC100000020CDF4524100000000E0830E40
1007,STREET,CROSSING,roads.cga,Start,LumberStreet,Major Edge,MAJOR,428.00000000,-258260.00000000,18.00000000,0.00000000,1.00000000,0.00000000,3.50000000,427.00000000,0.00000000,t,01050000A0110F00000100000001020000800200000000000030A66D5FC1000000B087F5524100000080D85D1D40000000C09F6D5FC10000006093F552410000008046441E40
1008,DEAD_END,STREET,roads.cga,Start,WBroadway,Major Edge,MAJOR,149.00000000,515711.00000000,18.00000000,0.00000000,1.00000000,0.00000000,3.50000000,148.00000000,0.00000000,t,01050000A0110F000001000000010200008002000000000000A07B6D5FC10000001021F6524100000000EC9B1140000000E0806D5FC1000000F017F6524100000000E8F51340
1009,STREET,STREET,roads.cga,Start,BoweryStreet,Major Edge,MAJOR,78.00000000,135581.00000000,28.00000000,0.00000000,1.00000000,0.00000000,3.50000000,77.00000000,0.00000000,t,01050000A0110F000001000000010200008002000000000000902E6C5FC1000000E0FBF5524100000000504D2B4000000080296C5FC1000000A006F6524100000000D5212C40
1010,CROSSING,CROSSING,roads.cga,Start,GravelStreet,Major Edge,MAJOR,93.00000000,515711.00000000,2.00000000,0.00000000,1.00000000,0.00000000,3.50000000,92.00000000,0.00000000,t,01050000A0110F00000100000001020000800200000000000070266E5FC10000002077F4524100000000EC9B1140000000E0306E5FC1000000407AF452410000000040EC1040
1011,STREET,STREET,piers.cga,Start,Pier,Major Edge,MAJOR,606.00000000,231022.00000000,6.00000000,0.00000000,1.00000000,0.00000000,3.50000000,605.00000000,0.00000000,t,01050000A0110F00000100000001020000800200000000000060376C5FC1000000E023F5524100000000F87DF23F00000090436C5FC10000006021F5524100000000F87DF23F
1012,STREET,STREET,roads.cga,Start,PearlStreet,Major Edge,MAJOR,532.00000000,-365802.00000000,16.00000000,0.00000000,1.00000000,0.00000000,3.50000000,531.00000000,0.00000000,t,01050000A0110F00000100000001020000800200000000000060AD6C5FC1000000E038F5524100000000E1A9184000000080AB6C5FC1000000103DF5524100000000E1A91840
1013,STREET,STREET,roads.cga,Start,GravelStreet,Major Edge,MAJOR,170.00000000,231022.00000000,3.00000000,0.00000000,1.00000000,0.00000000,3.50000000,169.00000000,0.00000000,t,01050000A0110F00000100000001020000800200000000000010C66D5FC1000000D04BF4524100000000FC67004000000040BF6D5FC1000000F04DF452410000000002790040
1014,STREET,CROSSING,roads.cga,Start,WallStreet,Major Edge,MAJOR,246.00000000,231022.00000000,18.00000000,0.00000000,1.00000000,0.00000000,3.50000000,245.00000000,0.00000000,t,01050000A0110F00000100000001020000800200000000000080D06D5FC1000000B0D6F4524100000040C3C92340000000D0CB6D5FC1000000D0D2F452410000000070822240
1015,STREET,CROSSING,roads.cga,Start,MurrayStreet,Major Edge,MAJOR,356.00000000,515711.00000000,12.00000000,0.00000000,1.00000000,0.00000000,3.50000000,355.00000000,0.00000000,t,01050000A0110F00000100000001020000800200000000000050A46D5FC100000070CBF5524100000000E1A9184000000060AC6D5FC100000070D0F55241000000004EDB1640
1016,STREET,STREET,roads.cga,Start,ForsythStreet,Major Edge,MAJOR,376.00000000,135581.00000000,14.00000000,0.00000000,1.00000000,0.00000000,3.50000000,375.00000000,0.00000000,t,01050000A0110F00000100000001020000800200000000000040FB6B5FC1000000C0E7F55241000000C0371B2B4000000080FE6B5FC100000010DFF5524100000080D7702A40
1017,STREET,DEAD_END,roads.cga,Start,HesterStreet,Major Edge,MAJOR,670.00000000,135581.00000000,12.00000000,0.00000000,1.00000000,0.00000000,3.50000000,669.00000000,0.00000000,t,01050000A0110F000001000000010200008002000000000000A0576B5FC100000090EDF5524100000080E362234000000030516B5FC1000000D0EAF5524100000080E3622340
1018,CROSSING,STREET,roads.cga,Start,CherryStreet,Major Edge,MAJOR,83.00000000,487402.00000000,14.00000000,0.00000000,1.00000000,0.00000000,3.50000000,82.00000000,0.00000000,t,01050000A0110F00000100000001020000800200000000000040A96C5FC10000005020F5524100000000E44F1640000000309B6C5FC10000002023F5524100000000EC9B1140
1019,STREET,CROSSING,roads.cga,Start,Alley,Major Edge,MAJOR,645.00000000,417195.00000000,10.00000000,0.00000000,1.00000000,0.00000000,3.50000000,644.00000000,0.00000000,t,01050000A0110F00000100000001020000800200000000000030D76D5FC1000000400BF5524100000000AD392040000000F0D46D5FC1000000C00FF55241000000003C781F40
1020,STREET,CROSSING,roads.cga,Start,CortlandStreet,Major Edge,MAJOR,696.00000000,-258260.00000000,16.00000000,0.00000000,1.00000000,0.00000000,3.50000000,695.00000000,0.00000000,t,01050000A0110F000001000000010200008002000000000000F09F6D5FC10000000023F5524100000080E5352240000000D0A76D5FC10000001028F5524100000080E5352240
1021,STREET,CROSSING,roads.cga,Start,Duane Street,Major Edge,MAJOR,201.00000000,515711.00000000,14.00000000,0.00000000,1.00000000,0.00000000,3.50000000,200.00000000,0.00000000,t,01050000A0110F000001000000010200008002000000000000F0356D5FC1000000E0F6F5524100000080E708214000000060296D5FC100000050EFF5524100000080E5352240
1022,STREET,STREET,roads.cga,Start,PineStreet,Major Edge,MAJOR,9.00000000,231022.00000000,12.00000000,0.00000000,1.00000000,0.00000000,3.50000000,8.00000000,0.00000000,t,01050000A0110F000001000000010200008002000000000000D0BC6D5FC100000030E5F4524100000000E28F244000000070C36D5FC100000040EAF45241000000C0DFBC2540
1023,CROSSING,DEAD_END,roads.cga,Start,LumberStreet,Major Edge,MAJOR,474.00000000,-258260.00000000,18.00000000,0.00000000,1.00000000,0.00000000,3.50000000,473.00000000,0.00000000,t,01050000A0110F00000100000001020000800200000000000040586D5FC1000000900BF65241000000000AFD1A40000000D04F6D5FC1000000901AF65241000000003A3B1A40
1024,CROSSING,CROSSING,Pavement.cga,Start,Split Line,Major Edge,MAJOR,64.00000000,231022.00000000,0.00000000,0.00000000,1.00000000,0.00000000,3.50000000,63.00000000,0.00000000,t,01050000A0110F00000100000001020000800200000000000070306C5FC1000000A036F5524100000000BCC60040000000C0346C5FC1000000504DF5524100000000F41B0540
1025,CROSSING,STREET,roads.cga,Start,GreenwichStreet,Major Edge,MAJOR,93.00000000,515711.00000000,18.00000000,0.00000000,1.00000000,0.00000000,3.50000000,92.00000000,0.00000000,t,01050000A0110F00000100000001020000800200000000000070DC6D5FC10000001098F5524100000000F87DF23F000000A0DF6D5FC10000007088F5524100000000E0830E40
1026,STREET,STREET,piers.cga,Start,Pier,Major Edge,MAJOR,606.00000000,231022.00000000,6.00000000,0.00000000,1.00000000,0.00000000,3.50000000,605.00000000,0.00000000,t,01050000A0110F00000100000001020000800200000000000060D66C5FC100000060D7F4524100000000F87DF23F000000E0D76C5FC1000000C0D9F4524100000000F87DF23F
1027,CROSSING,STREET,roads.cga,Start,William Street,Major Edge,MAJOR,327.00000000,319784.00000000,14.00000000,0.00000000,1.00000000,0.00000000,3.50000000,326.00000000,0.00000000,t,01050000A0110F000001000000010200008002000000000000702E6D5FC1000000C03DF5524100000000D3B71F4000000040276D5FC10000006048F5524100000000A55D1D40
1028,STREET,CROSSING,roads.cga,Start,John Street,Major Edge,MAJOR,473.00000000,-258260.00000000,18.00000000,0.00000000,1.00000000,0.00000000,3.50000000,472.00000000,0.00000000,t,01050000A0110F000001000000010200008002000000000000D04C6D5FC100000070F2F4524100000000E44F164000000010486D5FC100000070EEF4524100000000E44F1640
1029,CROSSING,STREET,roads.cga,Start,WallStreet,Major Edge,MAJOR,448.00000000,231022.00000000,18.00000000,0.00000000,1.00000000,0.00000000,3.50000000,447.00000000,0.00000000,t,01050000A0110F000001000000010200008002000000000000A09A6D5FC100000000ABF452410000008059E11D4000000000926D5FC100000080A4F4524100000080D85D1D40
1030,CROSSING,CROSSING,roads.cga,Start,Alley,Major Edge,MAJOR,302.00000000,231022.00000000,4.00000000,0.00000000,1.00000000,0.00000000,3.50000000,301.00000000,0.00000000,t,01050000A0110F000001000000010200008002000000000000406A6D5FC1000000205CF4524100000000F87DF23F00000030676D5FC1000000E05EF4524100000000F87DF23F
1031,CROSSING,CROSSING,roads.cga,Start,Broadway,Major Edge,MAJOR,260.00000000,-258260.00000000,32.00000000,0.00000000,1.00000000,0.00000000,3.50000000,259.00000000,-2.00000000,t,01050000A0110F00000100000001020000800200000000000040C06D5FC10000006003F55241000000005F7B244000000090C56D5FC100000050FBF4524100000000E28F2440
1032,STREET,CROSSING,piers.cga,Start,Pier,Major Edge,MAJOR,606.00000000,231022.00000000,6.00000000,0.00000000,1.00000000,0.00000000,3.50000000,605.00000000,0.00000000,t,01050000A0110F000001000000010200008002000000000000A02A6D5FC10000009091F4524100000000F87DF23F000000A0366D5FC10000002085F4524100000000F87DF23F
1033,STREET,STREET,roads.cga,Start,PearlStreet,Major Edge,MAJOR,532.00000000,-365802.00000000,16.00000000,0.00000000,1.00000000,0.00000000,3.50000000,531.00000000,0.00000000,t,01050000A0110F000001000000010200008002000000000000F0B96C5FC1000000A025F5524100000000E1A91840000000E0B56C5FC1000000E02AF5524100000000E1A91840
1034,CROSSING,CROSSING,roads.cga,Start,Rector Street,Major Edge,MAJOR,190.00000000,231022.00000000,10.00000000,0.00000000,1.00000000,0.00000000,3.50000000,189.00000000,0.00000000,t,01050000A0110F00000100000001020000800200000000000020E46D5FC100000090D3F4524100000000E28F244000000070DE6D5FC100000010D1F4524100000040332F2440
1035,CROSSING,STREET,roads.cga,Start,WBroadway,Major Edge,MAJOR,264.00000000,515711.00000000,18.00000000,0.00000000,1.00000000,0.00000000,3.50000000,263.00000000,0.00000000,t,01050000A0110F000001000000010200008002000000000000D0A06D5FC100000050E5F5524100000000E1A9184000000040A66D5FC100000080DBF5524100000000E1A91840
1036,CROSSING,CROSSING,roads.cga,Start,GravelStreet,Major Edge,MAJOR,606.00000000,231022.00000000,6.00000000,0.00000000,1.00000000,0.00000000,3.50000000,605.00000000,0.00000000,t,01050000A0110F00000100000001020000800200000000000060F66D5FC10000004047F5524100000000E0830E4000000050FC6D5FC1000000903AF5524100000000E0830E40
1037,STREET,CROSSING,roads.cga,Start,DeyStreet_crossing,Major Edge,MAJOR,86.00000000,-258260.00000000,14.00000000,0.00000000,1.00000000,0.00000000,3.50000000,85.00000000,0.00000000,t,01050000A0110F000001000000010200008002000000000000C0DB6D5FC10000006063F5524100000000D4D9174000000050E56D5FC10000000068F5524100000000E8F51340
1038,CROSSING,STREET,roads.cga,Start,ForsythStreet,Major Edge,MAJOR,400.00000000,135581.00000000,14.00000000,0.00000000,1.00000000,0.00000000,3.50000000,399.00000000,0.00000000,t,01050000A0110F000001000000010200008002000000000000D0E26B5FC10000007026F65241000000C0DB16284000000060DC6B5FC1000000B037F65241000000C0DDE92640
1039,STREET,CROSSING,piers.cga,Start,Pier,Major Edge,MAJOR,606.00000000,231022.00000000,6.00000000,0.00000000,1.00000000,0.00000000,3.50000000,605.00000000,0.00000000,t,01050000A0110F00000100000001020000800200000000000040746D5FC10000007045F4524100000000F87DF23F000000D0806D5FC1000000D053F4524100000000F87DF23F
1040,STREET,STREET,roads.cga,Start,LumberStreet,Major Edge,MAJOR,216.00000000,-258260.00000000,18.00000000,0.00000000,1.00000000,0.00000000,3.50000000,215.00000000,0.00000000,t,01050000A0110F00000100000001020000800200000000000090826D5FC1000000E0C4F55241000000C0AF032140000000D07F6D5FC1000000C0C9F55241000000C0C4F82040
1041,CROSSING,STREET,piers.cga,Start,Pier,Major Edge,MAJOR,606.00000000,231022.00000000,6.00000000,0.00000000,1.00000000,0.00000000,3.50000000,605.00000000,0.00000000,t,01050000A0110F00000100000001020000800200000000000020E66D5FC10000005014F4524100000000F87DF23F00000020E06D5FC1000000C015F4524100000000F87DF23F
1042,CROSSING,STREET,roads.cga,Start,William Street,Major Edge,MAJOR,303.00000000,487402.00000000,14.00000000,0.00000000,0.00000000,0.00000000,3.50000000,302.00000000,0.00000000,t,01050000A0110F000001000000010200008002000000000000F0446D5FC1000000301FF5524100000080805D2140000000C0406D5FC10000000025F5524100000080767B2140
1043,CROSSING,STREET,roads.cga,Start,HesterStreet,Major Edge,MAJOR,471.00000000,135581.00000000,12.00000000,0.00000000,1.00000000,0.00000000,3.50000000,470.00000000,0.00000000,t,01050000A0110F000001000000010200008002000000000000B0AE6B5FC1000000D011F652410000008092F2264000000060A66B5FC1000000700EF65241000000C0DDE92640
1044,CROSSING,STREET,piers.cga,Start,Pier,Major Edge,MAJOR,606.00000000,231022.00000000,6.00000000,0.00000000,1.00000000,0.00000000,3.50000000,605.00000000,0.00000000,t,01050000A0110F000001000000010200008002000000000000F0F36D5FC10000003006F4524100000000F87DF23F00000050F76D5FC10000004005F4524100000000F87DF23F
1045,STREET,CROSSING,roads.cga,Start,GravelStreet,Major Edge,MAJOR,64.00000000,231022.00000000,8.00000000,0.00000000,1.00000000,0.00000000,3.50000000,63.00000000,0.00000000,t,01050000A0110F000001000000010200008002000000000000E0316E5FC1000000206DF4524100000000E0830E40000000E0306E5FC10000005065F4524100000000E0830E40
1046,CROSSING,CROSSING,roads.cga,Start,GravelStreet,Major Edge,MAJOR,86.00000000,-258260.00000000,6.00000000,0.00000000,1.00000000,0.00000000,3.50000000,85.00000000,0.00000000,t,01050000A0110F00000100000001020000800200000000000050E56D5FC10000000068F5524100000000E8F5134000000010EB6D5FC1000000706BF5524100000000F87DF23F
1047,STREET,CROSSING,roads.cga,Start,MarketfieldStreet,Major Edge,MAJOR,415.00000000,231022.00000000,10.00000000,0.00000000,1.00000000,0.00000000,3.50000000,414.00000000,0.00000000,t,01050000A0110F000001000000010200008002000000000000D0F86D5FC1000000C06AF4524100000000E4A60E4000000010026E5FC1000000C069F4524100000000EC9B1140
1048,STREET,STREET,roads.cga,Start,William Street,Major Edge,MAJOR,50.00000000,-23593.00000000,14.00000000,0.00000000,1.00000000,0.00000000,3.50000000,49.00000000,0.00000000,t,01050000A0110F000001000000010200008002000000000000F0666D5FC1000000D0F2F45241000000002424184000000010626D5FC100000070F9F452410000000020FB1A40
1049,CROSSING,STREET,piers.cga,Start,Pier,Major Edge,MAJOR,606.00000000,231022.00000000,6.00000000,0.00000000,1.00000000,0.00000000,3.50000000,605.00000000,0.00000000,t,01050000A0110F00000100000001020000800200000000000060F26C5FC1000000B0C2F4524100000000F87DF23F00000030EF6C5FC1000000A0BCF4524100000000F87DF23F
1050,STREET,STREET,roads.cga,Start,GravelStreet,Major Edge,MAJOR,532.00000000,-365802.00000000,10.00000000,0.00000000,1.00000000,0.00000000,3.50000000,531.00000000,0.00000000,t,01050000A0110F00000100000001020000800200000000000090926D5FC10000005075F45241000000004E481140000000B0986D5FC10000002073F4524100000000E0830E40
1051,STREET,STREET,roads.cga,Start,BoweryStreet,Major Edge,MAJOR,340.00000000,135581.00000000,26.00000000,0.00000000,1.00000000,0.00000000,3.50000000,339.00000000,0.00000000,t,01050000A0110F000001000000010200008002000000000000101C6D5FC1000000D07EF55241000000C0DDE9264000000000126D5FC1000000F081F55241000000C0DDE92640
1052,CROSSING,STREET,roads.cga,Start,WallStreet,Major Edge,MAJOR,246.00000000,231022.00000000,18.00000000,0.00000000,1.00000000,0.00000000,3.50000000,245.00000000,0.00000000,t,01050000A0110F00000100000001020000800200000000000030D86D5FC100000050DCF4524100000000CD01254000000080D06D5FC1000000B0D6F4524100000040C3C92340
1053,STREET,STREET,roads.cga,Start,OrangeStreet,Major Edge,MAJOR,18.00000000,135581.00000000,16.00000000,0.00000000,1.00000000,0.00000000,3.50000000,17.00000000,0.00000000,t,01050000A0110F000001000000010200008002000000000000A09E6C5FC100000050C7F5524100000000E1A91840000000D09C6C5FC1000000B0BAF5524100000000E1A91840
1054,CROSSING,STREET,roads.cga,Start,William Street,Major Edge,MAJOR,641.00000000,487402.00000000,14.00000000,0.00000000,1.00000000,0.00000000,3.50000000,640.00000000,0.00000000,t,01050000A0110F000001000000010200008002000000000000503C6D5FC1000000202BF5524100000080E7082140000000C0356D5FC1000000F033F55241000000C0A8CF2040
1055,CROSSING,STREET,piers.cga,Start,Pier,Major Edge,MAJOR,606.00000000,231022.00000000,6.00000000,0.00000000,1.00000000,0.00000000,3.50000000,605.00000000,0.00000000,t,01050000A0110F000001000000010200008002000000000000E0136D5FC100000070A9F4524100000000F87DF23F00000000196D5FC100000000AFF4524100000000F87DF23F
1056,STREET,STREET,piers.cga,Start,Pier,Major Edge,MAJOR,606.00000000,231022.00000000,6.00000000,0.00000000,1.00000000,0.00000000,3.50000000,605.00000000,0.00000000,t,01050000A0110F000001000000010200008002000000000000B03C6D5FC1000000B06DF4524100000000F87DF23F000000F03E6D5FC1000000A06BF4524100000000F87DF23F
1057,STREET,CROSSING,roads.cga,Start,FultonStreet,Major Edge,MAJOR,390.00000000,-258260.00000000,14.00000000,0.00000000,1.00000000,0.00000000,3.50000000,389.00000000,0.00000000,t,01050000A0110F00000100000001020000800200000000000070D66D5FC10000003077F5524100000000E44F164000000010E26D5FC1000000507CF5524100000000EC9B1140
1058,CROSSING,STREET,piers.cga,Start,Pier,Major Edge,MAJOR,606.00000000,231022.00000000,6.00000000,0.00000000,1.00000000,0.00000000,3.50000000,605.00000000,0.00000000,t,01050000A0110F000001000000010200008002000000000000B0376E5FC1000000B064F4524100000000F87DF23F000000A0376E5FC1000000906FF4524100000000F87DF23F
1059,CROSSING,STREET,roads.cga,Start,Broadway,Major Edge,MAJOR,260.00000000,-258260.00000000,14.00000000,0.00000000,1.00000000,0.00000000,3.50000000,259.00000000,0.00000000,t,01050000A0110F00000100000001020000800200000000000030036E5FC10000001097F452410000000000701C4000000080036E5FC1000000908FF4524100000000DC031B40
1060,STREET,STREET,roads.cga,Start,RoseveltStreet,Major Edge,MAJOR,200.00000000,487402.00000000,14.00000000,0.00000000,1.00000000,0.00000000,3.50000000,199.00000000,0.00000000,t,01050000A0110F000001000000010200008002000000000000708B6C5FC1000000207CF5524100000000E8F51340000000B08C6C5FC1000000208AF5524100000000E44F1640
1061,STREET,CROSSING,roads.cga,Start,BridgeStreet,Major Edge,MAJOR,64.00000000,231022.00000000,18.00000000,0.00000000,1.00000000,0.00000000,3.50000000,63.00000000,0.00000000,t,01050000A0110F000001000000010200008002000000000000901D6E5FC100000020B3F4524100000000BA950E4000000010226E5FC100000090A5F4524100000000EC9B1140
1062,STREET,STREET,roads.cga,Start,CanalStreet,Major Edge,MAJOR,34.00000000,135581.00000000,16.00000000,0.00000000,1.00000000,0.00000000,3.50000000,33.00000000,0.00000000,t,01050000A0110F00000100000001020000800200000000000080B66B5FC100000020E5F55241000000C0DB16284000000090AD6B5FC100000080E1F552410000000043ED2740
1063,CROSSING,CROSSING,roads.cga,Start,GravelStreet,Major Edge,MAJOR,240.00000000,231022.00000000,6.00000000,0.00000000,1.00000000,0.00000000,3.50000000,239.00000000,0.00000000,t,01050000A0110F000001000000010200008002000000000000F0F16D5FC1000000E034F55241000000000E1A104000000050FC6D5FC1000000903AF5524100000000E0830E40
1064,STREET,CROSSING,roads.cga,Start,Stone Street,Major Edge,MAJOR,623.00000000,231022.00000000,12.00000000,0.00000000,1.00000000,0.00000000,3.50000000,622.00000000,0.00000000,t,01050000A0110F000001000000010200008002000000000000D0DE6D5FC1000000600AF55241000000009C891C4000000060E36D5FC1000000200DF55241000000004EDC1840
1065,CROSSING,CROSSING,Landscape_Design_Greenspace/Greenspace Construction.cga,GreenSpace,greenspace,Major Edge,MAJOR,575.00000000,515711.00000000,12.00000000,0.00000000,1.00000000,0.00000000,3.50000000,574.00000000,0.00000000,t,01050000A0110F000001000000010200008002000000000000904F6D5FC10000009096F55241000000C0DB16284000000090426D5FC1000000B08DF55241000000C0D9432940
1066,CROSSING,CROSSING,roads.cga,Start,GravelStreet,Major Edge,MAJOR,353.00000000,231022.00000000,6.00000000,0.00000000,1.00000000,0.00000000,3.50000000,352.00000000,0.00000000,t,01050000A0110F00000100000001020000800200000000000070736D5FC1000000E053F4524100000000FC67004000000010726D5FC10000002052F4524100000000F87DF23F
1067,CROSSING,STREET,piers.cga,Start,Pier,Major Edge,MAJOR,606.00000000,231022.00000000,6.00000000,0.00000000,1.00000000,0.00000000,3.50000000,605.00000000,0.00000000,t,01050000A0110F000001000000010200008002000000000000A0366D5FC10000002085F4524100000000F87DF23F00000060296D5FC10000009078F4524100000000F87DF23F
1068,STREET,CROSSING,roads.cga,Start,Skimmers,Major Edge,MAJOR,12.00000000,417195.00000000,10.00000000,0.00000000,1.00000000,0.00000000,3.50000000,11.00000000,0.00000000,t,01050000A0110F000001000000010200008002000000000000D0BD6C5FC1000000703FF552410000000048FF1A40000000F0C36C5FC1000000903DF5524100000000E1A91840
1069,STREET,STREET,roads.cga,Start,PearlStreet,Major Edge,MAJOR,532.00000000,-365802.00000000,16.00000000,0.00000000,1.00000000,0.00000000,3.50000000,531.00000000,0.00000000,t,01050000A0110F000001000000010200008002000000000000E03F6D5FC100000010C5F4524100000000FC67004000000050396D5FC1000000A0C8F4524100000000FC670040
1070,CROSSING,CROSSING,roads.cga,Start,BroadStreet,Major Edge,MAJOR,170.00000000,231022.00000000,28.00000000,0.00000000,1.00000000,0.00000000,3.50000000,169.00000000,0.00000000,t,01050000A0110F000001000000010200008002000000000000E0D46D5FC10000008043F4524100000000FC670040000000D0D46D5FC1000000303EF4524100000000A8A2F73F
1071,CROSSING,CROSSING,Landscape_Design_Greenspace/Greenspace Construction.cga,GreenSpace,greenspace,Major Edge,MAJOR,313.00000000,515711.00000000,14.00000000,0.00000000,1.00000000,0.00000000,3.50000000,312.00000000,0.00000000,t,01050000A0110F000001000000010200008002000000000000403E6D5FC1000000A0A9F55241000000C0D9432940000000904F6D5FC10000009096F55241000000C0DB162840
1072,STREET,CROSSING,roads.cga,Start,MurrayStreet,Major Edge,MAJOR,575.00000000,515711.00000000,12.00000000,0.00000000,1.00000000,0.00000000,3.50000000,574.00000000,0.00000000,t,01050000A0110F000001000000010200008002000000000000C0686D5FC1000000E0A6F55241000000007A1C2540000000F05B6D5FC1000000109FF55241000000C0DDE92640
1073,CROSSING,CROSSING,roads.cga,Start,Broadway,Major Edge,MAJOR,260.00000000,-258260.00000000,32.00000000,0.00000000,1.00000000,0.00000000,3.50000000,259.00000000,-2.00000000,t,01050000A0110F00000100000001020000800200000000000030D26D5FC100000040E6F45241000000C0DFBC254000000030D86D5FC100000050DCF4524100000000CD012540
1074,CROSSING,STREET,roads.cga,Start,MurrayStreet,Major Edge,MAJOR,575.00000000,515711.00000000,12.00000000,0.00000000,1.00000000,0.00000000,3.50000000,574.00000000,0.00000000,t,01050000A0110F00000100000001020000800200000000000090886D5FC100000040BAF5524100000080E7082140000000D07D6D5FC1000000B0B3F5524100000080E5352240
1075,CROSSING,STREET,roads.cga,Start,LumberStreet,Major Edge,MAJOR,286.00000000,-258260.00000000,18.00000000,0.00000000,1.00000000,0.00000000,3.50000000,285.00000000,0.00000000,t,01050000A0110F000001000000010200008002000000000000D0646D5FC1000000F0F6F5524100000080D85D1D40000000A05E6D5FC10000001001F652410000000020D51B40
1076,STREET,STREET,roads.cga,Start,BeaverStreet,Major Edge,MAJOR,64.00000000,231022.00000000,14.00000000,0.00000000,1.00000000,0.00000000,3.50000000,63.00000000,0.00000000,t,01050000A0110F00000100000001020000800200000000000010956D5FC10000003081F4524100000000E8F51340000000F09B6D5FC1000000C07FF452410000000062031340
1077,STREET,CROSSING,roads.cga,Start,ChrystieStreet,Major Edge,MAJOR,377.00000000,135581.00000000,14.00000000,0.00000000,1.00000000,0.00000000,3.50000000,376.00000000,0.00000000,t,01050000A0110F000001000000010200008002000000000000201B6C5FC100000030D2F55241000000C0DB162840000000101E6C5FC100000050C8F55241000000C0DDE92640
1078,STREET,CROSSING,roads.cga,Start,WBroadway,Major Edge,MAJOR,546.00000000,515711.00000000,18.00000000,0.00000000,1.00000000,0.00000000,3.50000000,545.00000000,0.00000000,t,01050000A0110F000001000000010200008002000000000000B0C06D5FC100000030B0F5524100000000A2E8124000000030C56D5FC100000040A9F5524100000000EC9B1140
1079,CROSSING,STREET,roads.cga,Start,Bayard Street,Major Edge,MAJOR,574.00000000,135581.00000000,12.00000000,0.00000000,1.00000000,0.00000000,3.50000000,573.00000000,0.00000000,t,01050000A0110F000001000000010200008002000000000000907F6C5FC10000000008F652410000000083B21D4000000030746C5FC1000000D002F652410000000009E52040
1080,STREET,CROSSING,roads.cga,Start,CanalStreet,Major Edge,MAJOR,34.00000000,135581.00000000,16.00000000,0.00000000,1.00000000,0.00000000,3.50000000,33.00000000,0.00000000,t,01050000A0110F00000100000001020000800200000000000090AD6B5FC100000080E1F552410000000043ED2740000000709C6B5FC1000000A0DAF55241000000C0DDE92640
1081,CROSSING,STREET,roads.cga,Start,HesterStreet,Major Edge,MAJOR,437.00000000,135581.00000000,12.00000000,0.00000000,1.00000000,0.00000000,3.50000000,436.00000000,0.00000000,t,01050000A0110F000001000000010200008002000000000000F0CA6B5FC1000000001DF65241000000C0DB16284000000030BD6B5FC10000009017F65241000000C0DB162840
1082,CROSSING,CROSSING,roads.cga,Start,Moore Street,Major Edge,MAJOR,202.00000000,231022.00000000,8.00000000,0.00000000,1.00000000,0.00000000,3.50000000,201.00000000,0.00000000,t,01050000A0110F000001000000010200008002000000000000E0E96D5FC10000000024F4524100000000FC67004000000090E76D5FC1000000901AF4524100000000F87DF23F
1083,CROSSING,CROSSING,piers.cga,Start,Pier,Major Edge,MAJOR,606.00000000,231022.00000000,6.00000000,0.00000000,1.00000000,0.00000000,3.50000000,605.00000000,0.00000000,t,01050000A0110F00000100000001020000800200000000000000606C5FC1000000101EF5524100000000F87DF23F000000805F6C5FC1000000601BF5524100000000F87DF23F
1084,STREET,STREET,roads.cga,Start,DeyStreet_crossing,Major Edge,MAJOR,86.00000000,-258260.00000000,14.00000000,0.00000000,1.00000000,0.00000000,3.50000000,85.00000000,0.00000000,t,01050000A0110F000001000000010200008002000000000000D0B66D5FC1000000804FF5524100000000D3B71F4000000030BE6D5FC10000001054F5524100000000F3991E40
1085,STREET,CROSSING,roads.cga,Start,Orange Street,Major Edge,MAJOR,18.00000000,135581.00000000,10.00000000,0.00000000,1.00000000,0.00000000,3.50000000,17.00000000,0.00000000,t,01050000A0110F00000100000001020000800200000000000020DA6C5FC10000007084F5524100000080E5352240000000A0D96C5FC1000000007CF5524100000040BEF92040
1086,STREET,STREET,roads.cga,Start,Mill Lane,Major Edge,MAJOR,548.00000000,231022.00000000,10.00000000,0.00000000,1.00000000,0.00000000,3.50000000,547.00000000,0.00000000,t,01050000A0110F00000100000001020000800200000000000090C86D5FC1000000905FF4524100000000F41B054000000060CE6D5FC1000000505DF45241000000007C8E0040
1087,STREET,STREET,roads.cga,Start,PearlStreet,Major Edge,MAJOR,196.00000000,417195.00000000,16.00000000,0.00000000,1.00000000,0.00000000,3.50000000,195.00000000,0.00000000,t,01050000A0110F000001000000010200008002000000000000B0AA6C5FC10000005079F5524100000000E1A91840000000A0AA6C5FC1000000A07FF5524100000000E1A91840
1088,STREET,CROSSING,roads.cga,Start,Oliver Street,Major Edge,MAJOR,297.00000000,417195.00000000,12.00000000,0.00000000,1.00000000,0.00000000,3.50000000,296.00000000,0.00000000,t,01050000A0110F000001000000010200008002000000000000F0526C5FC10000001070F5524100000000EC9B114000000060546C5FC1000000B077F5524100000000B4251340
1089,STREET,CROSSING,roads.cga,Start,MadisonStreet,Major Edge,MAJOR,552.00000000,417195.00000000,12.00000000,0.00000000,1.00000000,0.00000000,3.50000000,551.00000000,0.00000000,t,01050000A0110F000001000000010200008002000000000000E07C6C5FC10000005072F5524100000000EC9B1140000000B06D6C5FC10000006074F5524100000000EC9B1140
1090,STREET,STREET,roads.cga,Start,Skimmers,Major Edge,MAJOR,12.00000000,417195.00000000,10.00000000,0.00000000,1.00000000,0.00000000,3.50000000,11.00000000,0.00000000,t,01050000A0110F000001000000010200008002000000000000F0B66C5FC10000008041F552410000000039D21840000000D0BD6C5FC1000000703FF552410000000048FF1A40
1091,STREET,CROSSING,roads.cga,Start,GravelStreet,Major Edge,MAJOR,171.00000000,231022.00000000,12.00000000,0.00000000,1.00000000,0.00000000,3.50000000,170.00000000,0.00000000,t,01050000A0110F000001000000010200008002000000000000408F6D5FC1000000A061F4524100000000CA41054000000070886D5FC10000001059F4524100000000806B0140
1092,STREET,DEAD_END,piers.cga,Start,Pier,Major Edge,MAJOR,606.00000000,231022.00000000,6.00000000,0.00000000,1.00000000,0.00000000,3.50000000,605.00000000,0.00000000,t,01050000A0110F000001000000010200008002000000000000E06B6D5FC10000007042F4524100000000F87DF23F000018B66B6D5FC10000E04042F4524100000000F87DF23F
1093,CROSSING,CROSSING,roads.cga,Start,gravel,Major Edge,MAJOR,645.00000000,417195.00000000,12.00000000,0.00000000,1.00000000,0.00000000,3.50000000,644.00000000,0.00000000,t,01050000A0110F000001000000010200008002000000000000001E6E5FC10000004058F4524100000000E0830E4000000070176E5FC1000000904CF4524100000000E8CF0940
1094,STREET,STREET,roads.cga,Start,AllenStreet,Major Edge,MAJOR,194.00000000,135581.00000000,14.00000000,0.00000000,1.00000000,0.00000000,3.50000000,193.00000000,0.00000000,t,01050000A0110F00000100000001020000800200000000000030A76B5FC10000009024F65241000000C0DB16284000000000A46B5FC1000000A02CF65241000000C0DB162840
1095,STREET,STREET,roads.cga,Start,BroadStreet,Major Edge,MAJOR,484.00000000,231022.00000000,18.00000000,0.00000000,1.00000000,0.00000000,3.50000000,483.00000000,0.00000000,t,01050000A0110F00000100000001020000800200000000000050D26D5FC10000002087F4524100000000E8CF0940000000D0D26D5FC10000003082F4524100000000E8CF0940
1096,CROSSING,STREET,piers.cga,Start,Pier,Major Edge,MAJOR,606.00000000,231022.00000000,6.00000000,0.00000000,1.00000000,0.00000000,3.50000000,605.00000000,0.00000000,t,01050000A0110F00000100000001020000800200000000000060AE6D5FC1000000E025F4524100000000F87DF23F00000090C96D5FC1000000801EF4524100000000F87DF23F
1097,STREET,STREET,roads.cga,Start,Vesey Street,Major Edge,MAJOR,371.00000000,-258260.00000000,16.00000000,0.00000000,1.00000000,0.00000000,3.50000000,370.00000000,0.00000000,t,01050000A0110F00000100000001020000800200000000000090BF6D5FC1000000F086F5524100000000FB6A174000000030B96D5FC10000002083F552410000000028781A40
1098,STREET,DEAD_END,piers.cga,Start,Pier,Major Edge,MAJOR,606.00000000,231022.00000000,6.00000000,0.00000000,1.00000000,0.00000000,3.50000000,605.00000000,0.00000000,t,01050000A0110F00000100000001020000800200000000000060296D5FC10000009078F4524100000000F87DF23F00001835296D5FC10000A06978F4524100000000F87DF23F
1099,STREET,DEAD_END,piers.cga,Start,Pier,Major Edge,MAJOR,606.00000000,231022.00000000,6.00000000,0.00000000,1.00000000,0.00000000,3.50000000,605.00000000,0.00000000,t,01050000A0110F00000100000001020000800200000000000020E06D5FC1000000C015F4524100000000F87DF23F000000E0DF6D5FC1000000D015F4524100000000F87DF23F
1100,STREET,DEAD_END,roads.cga,Start,CanalStreet,Major Edge,MAJOR,52.00000000,135581.00000000,20.00000000,0.00000000,1.00000000,0.00000000,3.50000000,51.00000000,0.00000000,t,01050000A0110F000001000000010200008002000000000000D0606B5FC1000000F0DFF55241000000C009B92240000000C04A6B5FC1000000E0E1F5524100000080E5352240
1101,STREET,CROSSING,roads.cga,Start,Orange Street,Major Edge,MAJOR,18.00000000,135581.00000000,10.00000000,0.00000000,1.00000000,0.00000000,3.50000000,17.00000000,0.00000000,t,01050000A0110F0000010000000102000080020000000000483C2D6D5FC1000020D3FFF4524100000000222C1940000000E0246D5FC1000000B007F55241000000001A5B1A40
1102,CROSSING,STREET,roads.cga,Start,Orange Street,Major Edge,MAJOR,18.00000000,135581.00000000,10.00000000,0.00000000,1.00000000,0.00000000,3.50000000,17.00000000,0.00000000,t,01050000A0110F000001000000010200008002000000000000203A6D5FC1000000B0FEF4524100000000E1A91840000000A0346D5FC1000000E0F8F45241000000005A201840
1103,CROSSING,STREET,roads.cga,Start,Rutgers Street,Major Edge,MAJOR,681.00000000,417195.00000000,10.00000000,0.00000000,1.00000000,0.00000000,3.50000000,680.00000000,0.00000000,t,01050000A0110F00000100000001020000800200000000000020676C5FC1000000D055F5524100000000E8CF094000000020776C5FC1000000C053F5524100000000E0830E40
1104,CROSSING,STREET,roads.cga,Start,CortlandStreet,Major Edge,MAJOR,430.00000000,-258260.00000000,16.00000000,0.00000000,1.00000000,0.00000000,3.50000000,429.00000000,0.00000000,t,01050000A0110F000001000000010200008002000000000000B0706D5FC100000060E5F4524100000000E8F5134000000040776D5FC100000020EFF4524100000000E44F1640
1105,CROSSING,STREET,roads.cga,Start,LudlowStreet,Major Edge,MAJOR,478.00000000,135581.00000000,14.00000000,0.00000000,1.00000000,0.00000000,3.50000000,477.00000000,0.00000000,t,01050000A0110F000001000000010200008002000000000000709C6B5FC1000000A0DAF55241000000C0DDE9264000000040986B5FC1000000E0E4F55241000000C0DDE92640
1106,CROSSING,STREET,roads.cga,Start,CedarStreet,Major Edge,MAJOR,479.00000000,-258260.00000000,12.00000000,0.00000000,1.00000000,0.00000000,3.50000000,478.00000000,0.00000000,t,01050000A0110F000001000000010200008002000000000000E0DE6D5FC1000000F015F552410000000012A7194000000070EA6D5FC1000000901CF552410000000018981240
1107,STREET,CROSSING,roads.cga,Start,DivisionStreet,Major Edge,MAJOR,338.00000000,135581.00000000,12.00000000,0.00000000,1.00000000,0.00000000,3.50000000,337.00000000,0.00000000,t,01050000A0110F00000100000001020000800200000000000060FA6B5FC100000020CBF55241000000C0D943294000000000EB6B5FC1000000A0CCF55241000000C0DB162840
1108,STREET,CROSSING,roads.cga,Start,GravelStreet,Major Edge,MAJOR,18.00000000,135581.00000000,6.00000000,0.00000000,1.00000000,0.00000000,3.50000000,17.00000000,0.00000000,t,01050000A0110F00000100000001020000800200000000000070EB6C5FC1000000F0A5F5524100000080A0AB2140000000D0F36C5FC100000040A3F5524100000080E3622340
1109,CROSSING,CROSSING,roads.cga,Start,MadisonStreet,Major Edge,MAJOR,397.00000000,417195.00000000,12.00000000,0.00000000,1.00000000,0.00000000,3.50000000,396.00000000,0.00000000,t,01050000A0110F00000100000001020000800200000000000020996C5FC1000000406FF55241000000001A951440000000708A6C5FC10000008070F5524100000000E8F51340
1110,CROSSING,STREET,roads.cga,Start,Beekman Street,Major Edge,MAJOR,689.00000000,487402.00000000,12.00000000,0.00000000,1.00000000,0.00000000,3.50000000,688.00000000,0.00000000,t,01050000A0110F00000100000001020000800200000000000050016D5FC1000000B000F5524100000000E44F1640000000A0066D5FC10000005008F5524100000000E1A91840
1111,STREET,STREET,roads.cga,Start,Gold Street,Major Edge,MAJOR,409.00000000,-258260.00000000,12.00000000,0.00000000,1.00000000,0.00000000,3.50000000,408.00000000,0.00000000,t,01050000A0110F00000100000001020000800200000000000030576D5FC100000010D5F4524100000000F07C0E40000000E0536D5FC100000060DAF452410000000034001140
1112,STREET,CROSSING,roads.cga,Start,John Street,Major Edge,MAJOR,312.00000000,-258260.00000000,16.00000000,0.00000000,1.00000000,0.00000000,3.50000000,311.00000000,0.00000000,t,01050000A0110F000001000000010200008002000000000000F0846D5FC1000000C024F552410000000013752140000000507D6D5FC1000000601EF552410000000027282140
1113,STREET,STREET,roads.cga,Start,CortlandStreet,Major Edge,MAJOR,163.00000000,-258260.00000000,16.00000000,0.00000000,1.00000000,0.00000000,3.50000000,162.00000000,0.00000000,t,01050000A0110F00000100000001020000800200000000000070D56D5FC10000002041F552410000000054611A4000000030DD6D5FC10000006045F5524100000000E44F1640
1114,CROSSING,CROSSING,piers.cga,Start,Pier,Major Edge,MAJOR,606.00000000,231022.00000000,6.00000000,0.00000000,1.00000000,0.00000000,3.50000000,605.00000000,0.00000000,t,01050000A0110F000001000000010200008002000000000000B04C6D5FC1000000F06FF4524100000000F87DF23F000000F0546D5FC10000007068F4524100000000F87DF23F
1115,STREET,STREET,roads.cga,Start,PineStreet,Major Edge,MAJOR,261.00000000,231022.00000000,12.00000000,0.00000000,1.00000000,0.00000000,3.50000000,260.00000000,0.00000000,t,01050000A0110F000001000000010200008002000000000000206D6D5FC100000020A6F4524100000000E0830E40000000D0776D5FC100000050AEF452410000000038B11540
1116,STREET,STREET,roads.cga,Start,MottStreet,Major Edge,MAJOR,145.00000000,135581.00000000,12.00000000,0.00000000,1.00000000,0.00000000,3.50000000,144.00000000,0.00000000,t,01050000A0110F000001000000010200008002000000000000F0636C5FC10000009007F6524100000080E3622340000000005F6C5FC1000000E011F6524100000080F6612440
1117,STREET,STREET,roads.cga,Start,LibertyStreet,Major Edge,MAJOR,177.00000000,231022.00000000,14.00000000,0.00000000,1.00000000,0.00000000,3.50000000,176.00000000,0.00000000,t,01050000A0110F000001000000010200008002000000000000C0826D5FC100000080E6F452410000000028DB1840000000008A6D5FC100000080EEF4524100000080311C1C40
1118,STREET,DEAD_END,piers.cga,Start,Pier,Major Edge,MAJOR,606.00000000,231022.00000000,6.00000000,0.00000000,1.00000000,0.00000000,3.50000000,605.00000000,0.00000000,t,01050000A0110F00000100000001020000800200000000000030E46C5FC100000060C3F4524100000000F87DF23F00000070E46C5FC100002037C3F4524100000000F87DF23F
1119,STREET,CROSSING,roads.cga,Start,EldrldgStreet,Major Edge,MAJOR,31.00000000,135581.00000000,14.00000000,0.00000000,1.00000000,0.00000000,3.50000000,30.00000000,0.00000000,t,01050000A0110F00000100000001020000800200000000000010DF6B5FC100000070E8F55241000000C0D9432940000000F0DA6B5FC1000000C0F3F55241000000C0D9432940
1120,STREET,DEAD_END,piers.cga,Start,Pier,Major Edge,MAJOR,606.00000000,231022.00000000,6.00000000,0.00000000,1.00000000,0.00000000,3.00000000,605.00000000,0.00000000,t,01050000A0110F00000100000001020000800200000000000000BD6D5FC1000000000EF4524100000000F87DF23F000000C0BC6D5FC1000000100EF4524100000000F87DF23F
1121,CROSSING,STREET,roads.cga,Start,Broadway,Major Edge,MAJOR,260.00000000,-258260.00000000,24.00000000,0.00000000,1.00000000,0.00000000,3.50000000,259.00000000,-2.00000000,t,01050000A0110F000001000000010200008002000000000000B04E6D5FC100000060B4F55241000000C0DDE9264000000040556D5FC1000000D0A9F55241000000C0DDE92640
1122,STREET,STREET,roads.cga,Start,James Street,Major Edge,MAJOR,182.00000000,417195.00000000,14.00000000,0.00000000,1.00000000,0.00000000,3.50000000,181.00000000,0.00000000,t,01050000A0110F00000100000001020000800200000000000020736C5FC1000000408EF5524100000000E44F164000000000766C5FC1000000E09BF552410000000050441B40
1123,STREET,CROSSING,roads.cga,Start,WallStreet,Major Edge,MAJOR,489.00000000,231022.00000000,18.00000000,0.00000000,1.00000000,0.00000000,3.50000000,488.00000000,0.00000000,t,01050000A0110F00000100000001020000800200000000000050656D5FC10000000082F45241000000009234044000000090606D5FC1000000607DF4524100000000FC670040
1124,CROSSING,STREET,roads.cga,Start,Alley,Major Edge,MAJOR,645.00000000,417195.00000000,10.00000000,0.00000000,1.00000000,0.00000000,3.50000000,644.00000000,0.00000000,t,01050000A0110F000001000000010200008002000000000000F0C16C5FC1000000201BF5524100000000E1A9184000000050B66C5FC1000000900DF5524100000000F44F1540
1125,CROSSING,STREET,roads.cga,Start,GravelStreet,Major Edge,MAJOR,532.00000000,-365802.00000000,10.00000000,0.00000000,1.00000000,0.00000000,3.50000000,531.00000000,0.00000000,t,01050000A0110F000001000000010200008002000000000000008C6D5FC1000000A077F4524100000000EC9B114000000090926D5FC10000005075F45241000000004E481140
1126,CROSSING,STREET,roads.cga,Start,PearlStreet,Major Edge,MAJOR,18.00000000,135581.00000000,14.00000000,0.00000000,1.00000000,0.00000000,3.50000000,17.00000000,0.00000000,t,01050000A0110F000001000000010200008002000000000000E0BA6C5FC1000000E0B3F5524100000000E8F5134000000010B36C5FC100000080A9F5524100000000424C1440
1127,STREET,CROSSING,roads.cga,Start,CortlandStreet,Major Edge,MAJOR,332.00000000,-258260.00000000,10.00000000,0.00000000,1.00000000,0.00000000,3.50000000,331.00000000,0.00000000,t,01050000A0110F000001000000010200008002000000000000806A6D5FC100000090DAF45241000000008EEC0E40000000B0706D5FC100000060E5F4524100000000E8F51340
1128,STREET,STREET,roads.cga,Start,BoweryStreet,Major Edge,MAJOR,78.00000000,135581.00000000,28.00000000,0.00000000,1.00000000,0.00000000,3.50000000,77.00000000,0.00000000,t,01050000A0110F000001000000010200008002000000000000D0336C5FC1000000D0F0F55241000000009EAA2940000000902E6C5FC1000000E0FBF5524100000000504D2B40
1129,CROSSING,STREET,roads.cga,Start,Beekman Street,Major Edge,MAJOR,584.00000000,487402.00000000,12.00000000,0.00000000,1.00000000,0.00000000,3.50000000,583.00000000,0.00000000,t,01050000A0110F00000100000001020000800200000000000030196D5FC1000000E022F5524100000000E44F164000000090236D5FC10000000030F552410000000068521A40
1130,STREET,STREET,roads.cga,Start,Ferry Street,Major Edge,MAJOR,224.00000000,487402.00000000,20.00000000,0.00000000,1.00000000,0.00000000,3.50000000,223.00000000,0.00000000,t,01050000A0110F000001000000010200008002000000000000B0D56C5FC100000020FDF4524100000000E0830E4000000000D16C5FC1000000B0F8F4524100000000F8500940
1131,CROSSING,STREET,piers.cga,Start,Pier,Major Edge,MAJOR,606.00000000,231022.00000000,6.00000000,0.00000000,1.00000000,0.00000000,3.50000000,605.00000000,0.00000000,t,01050000A0110F000001000000010200008002000000000000D0846D5FC1000000103DF4524100000000F87DF23F00000000816D5FC1000000F038F4524100000000F87DF23F
1132,STREET,STREET,roads.cga,Start,PearlStreet,Major Edge,MAJOR,532.00000000,-365802.00000000,16.00000000,0.00000000,1.00000000,0.00000000,3.50000000,531.00000000,0.00000000,t,01050000A0110F000001000000010200008002000000000000F0B16C5FC10000008030F5524100000000E1A9184000000080AF6C5FC10000008034F5524100000000E1A91840
1133,CROSSING,STREET,piers.cga,Start,Pier,Major Edge,MAJOR,606.00000000,231022.00000000,6.00000000,0.00000000,1.00000000,0.00000000,3.50000000,605.00000000,0.00000000,t,01050000A0110F000001000000010200008002000000000000506A6C5FC10000003019F5524100000000F87DF23F00000050746C5FC10000004017F5524100000000F87DF23F
1134,STREET,CROSSING,roads.cga,Start,LumberStreet,Major Edge,MAJOR,272.00000000,-258260.00000000,18.00000000,0.00000000,1.00000000,0.00000000,3.50000000,271.00000000,0.00000000,t,01050000A0110F00000100000001020000800200000000000000766D5FC100000060DAF55241000000800010204000000010706D5FC100000040E4F5524100000080E4D61F40
1135,CROSSING,STREET,piers.cga,Start,Pier,Major Edge,MAJOR,606.00000000,231022.00000000,6.00000000,0.00000000,1.00000000,0.00000000,3.50000000,605.00000000,0.00000000,t,01050000A0110F000001000000010200008002000000000000C0A96C5FC1000000A0F9F4524100000000F87DF23F000000D0A66C5FC1000000B0F4F4524100000000F87DF23F
1136,CROSSING,STREET,roads.cga,Start,Orange Street,Major Edge,MAJOR,18.00000000,135581.00000000,12.00000000,0.00000000,1.00000000,0.00000000,3.50000000,17.00000000,0.00000000,t,01050000A0110F00000100000001020000800200000000000000A06C5FC1000000D0D0F5524100000000D96D174000000030AD6C5FC100000090D1F5524100000000E8F51340
1137,STREET,CROSSING,roads.cga,Start,LibertyStreet,Major Edge,MAJOR,498.00000000,231022.00000000,10.00000000,0.00000000,1.00000000,0.00000000,3.50000000,497.00000000,3.90000000,t,01050000A0110F00000100000001020000800200000000000040706D5FC100000030D4F4524100000000449B114000000090786D5FC100000030DBF4524100000000E8F51340
1138,CROSSING,STREET,roads.cga,Start,Pier,Major Edge,MAJOR,606.00000000,231022.00000000,10.00000000,0.00000000,1.00000000,0.00000000,3.50000000,605.00000000,0.00000000,t,01050000A0110F00000100000001020000800200000000000040936D5FC1000000F031F4524100000000F87DF23F000000309C6D5FC1000000703AF4524100000000FC670040
1139,STREET,STREET,piers.cga,Start,Pier,Major Edge,MAJOR,606.00000000,231022.00000000,6.00000000,0.00000000,1.00000000,0.00000000,3.50000000,605.00000000,0.00000000,t,01050000A0110F00000100000001020000800200000000000020526C5FC1000000101FF5524100000000F87DF23F000000105B6C5FC1000000701DF5524100000000F87DF23F
1140,STREET,STREET,roads.cga,Start,BroadStreet,Major Edge,MAJOR,101.00000000,-122417.00000000,16.00000000,0.00000000,1.00000000,0.00000000,3.50000000,100.00000000,0.00000000,t,01050000A0110F00000100000001020000800200000000000070746D5FC1000000602AF5524100000080E362234000000010706D5FC10000005030F5524100000000E28F2440
1141,CROSSING,STREET,piers.cga,Start,Pier,Major Edge,MAJOR,606.00000000,231022.00000000,6.00000000,0.00000000,1.00000000,0.00000000,3.50000000,605.00000000,0.00000000,t,01050000A0110F000001000000010200008002000000000000F0656D5FC1000000805DF4524100000000F87DF23F00000090636D5FC1000000F05AF4524100000000F87DF23F
1142,CROSSING,STREET,roads.cga,Start,Trinity PL / Lumber Street,Major Edge,MAJOR,419.00000000,231022.00000000,12.00000000,0.00000000,1.00000000,0.00000000,3.50000000,418.00000000,0.00000000,t,01050000A0110F000001000000010200008002000000000000D0D76D5FC10000002024F5524100000000DC031B4000000090DB6D5FC1000000901CF5524100000000E9581A40
1143,STREET,CROSSING,roads.cga,Start,Cliff Street,Major Edge,MAJOR,119.00000000,-258260.00000000,10.00000000,0.00000000,1.00000000,0.00000000,3.50000000,118.00000000,0.00000000,t,01050000A0110F00000100000001020000800200000000000090EC6C5FC1000000100CF5524100000000E44F164000000030E56C5FC10000002010F5524100000000E44F1640
1144,STREET,CROSSING,roads.cga,Start,BoweryStreet,Major Edge,MAJOR,78.00000000,135581.00000000,26.00000000,0.00000000,1.00000000,0.00000000,3.50000000,77.00000000,0.00000000,t,01050000A0110F000001000000010200008002000000000000803C6C5FC1000000B0DFF55241000000C0DB16284000000040386C5FC100000070E7F55241000000C0D9432940
1145,STREET,CROSSING,roads.cga,Start,ExchangePl,Major Edge,MAJOR,243.00000000,231022.00000000,12.00000000,0.00000000,1.00000000,0.00000000,3.50000000,242.00000000,0.00000000,t,01050000A0110F00000100000001020000800200000000000080E46D5FC1000000A0B4F4524100000080A3E31F40000000A0ED6D5FC100000090B9F4524100000080E5352240
1146,CROSSING,CROSSING,roads.cga,Start,gravel,Major Edge,MAJOR,607.00000000,231022.00000000,10.00000000,0.00000000,1.00000000,0.00000000,3.50000000,606.00000000,0.00000000,t,01050000A0110F000001000000010200008002000000000030D6066E5FC1000000D198F45241000000802E291C4000000090116E5FC1000000B076F4524100000000E8F51340
1147,CROSSING,CROSSING,roads.cga,Start,William Street,Major Edge,MAJOR,203.00000000,-711522.00000000,14.00000000,0.00000000,1.00000000,0.00000000,3.50000000,202.00000000,0.00000000,t,01050000A0110F00000100000001020000800200000000000090786D5FC100000030DBF4524100000000E8F51340000000B0706D5FC100000060E5F4524100000000E8F51340
1148,STREET,DEAD_END,piers.cga,Start,Pier,Major Edge,MAJOR,606.00000000,231022.00000000,6.00000000,0.00000000,1.00000000,0.00000000,3.50000000,605.00000000,0.00000000,t,01050000A0110F00000100000001020000800200000000000060D96D5FC10000008017F4524100000000F87DF23F00000050D96D5FC10000004017F4524100000000F87DF23F
1149,CROSSING,CROSSING,roads.cga,Start,GravelStreet,Major Edge,MAJOR,532.00000000,-365802.00000000,12.00000000,0.00000000,1.00000000,0.00000000,3.50000000,531.00000000,0.00000000,t,01050000A0110F00000100000001020000800200000000000070B76D5FC1000000604AF4524100000000A4EF034000000050B56D5FC1000000704CF4524100000000F41B0540
1150,STREET,DEAD_END,roads.cga,Start,AllenStreet,Major Edge,MAJOR,194.00000000,135581.00000000,14.00000000,0.00000000,1.00000000,0.00000000,3.50000000,193.00000000,0.00000000,t,01050000A0110F00000100000001020000800200000000000000A46B5FC1000000A02CF65241000000C0DB162840000000F09F6B5FC1000000C036F65241000000C0DB162840
1151,CROSSING,CROSSING,roads.cga,Start,Broadway,Major Edge,MAJOR,260.00000000,-258260.00000000,32.00000000,0.00000000,1.00000000,0.00000000,3.50000000,259.00000000,-2.00000000,t,01050000A0110F000001000000010200008002000000000000909A6D5FC1000000F03DF5524100000080E3622340000000909D6D5FC10000005039F5524100000080E3622340
1152,STREET,CROSSING,roads.cga,Start,GreenwichStreet,Major Edge,MAJOR,93.00000000,515711.00000000,18.00000000,0.00000000,1.00000000,0.00000000,3.50000000,92.00000000,0.00000000,t,01050000A0110F00000100000001020000800200000000000010F56D5FC1000000102CF5524100000000E0830E40000000E0F76D5FC10000003024F552410000000086C40B40
1153,CROSSING,CROSSING,roads.cga,Start,Broadway,Major Edge,MAJOR,260.00000000,-258260.00000000,32.00000000,0.00000000,1.00000000,0.00000000,3.50000000,259.00000000,-2.00000000,t,01050000A0110F000001000000010200008002000000000000F0CB6D5FC1000000C0F0F45241000000C0DFBC254000000030D26D5FC100000040E6F45241000000C0DFBC2540
1154,STREET,STREET,roads.cga,Start,James Street,Major Edge,MAJOR,625.00000000,417195.00000000,14.00000000,0.00000000,1.00000000,0.00000000,3.50000000,624.00000000,0.00000000,t,01050000A0110F000001000000010200008002000000000000606A6C5FC10000001065F5524100000000E0830E40000000A0686C5FC1000000B05CF5524100000000E0830E40
1155,CROSSING,STREET,roads.cga,Start,Broadway,Major Edge,MAJOR,260.00000000,-258260.00000000,14.00000000,0.00000000,1.00000000,0.00000000,3.50000000,259.00000000,0.00000000,t,01050000A0110F00000100000001020000800200000000000010FD6D5FC1000000B032F4524100000000F41B054000000010FB6D5FC10000005028F4524100000000FC670040
1156,CROSSING,STREET,piers.cga,Start,Pier,Major Edge,MAJOR,606.00000000,231022.00000000,6.00000000,0.00000000,1.00000000,0.00000000,3.50000000,605.00000000,0.00000000,t,01050000A0110F00000100000001020000800200000000000050176E5FC100000030E9F4524100000000F87DF23F00000020136E5FC1000000F0F4F4524100000000F87DF23F
1157,STREET,CROSSING,roads.cga,Start,Alley,Major Edge,MAJOR,645.00000000,417195.00000000,12.00000000,0.00000000,1.00000000,0.00000000,3.50000000,644.00000000,0.00000000,t,01050000A0110F00000100000001020000800200000000000070EC6D5FC1000000E0C6F4524100000080A1BA224000000040F36D5FC100000080BCF45241000000C00D202240
1158,CROSSING,STREET,roads.cga,Start,AllenStreet,Major Edge,MAJOR,250.00000000,135581.00000000,14.00000000,0.00000000,1.00000000,0.00000000,3.50000000,249.00000000,0.00000000,t,01050000A0110F00000100000001020000800200000000000090BE6B5FC100000060E8F55241000000C0DB16284000000010C36B5FC1000000A0DBF55241000000C0DB162840
1159,STREET,CROSSING,roads.cga,Start,WaterStreet,Major Edge,MAJOR,604.00000000,231022.00000000,16.00000000,0.00000000,1.00000000,0.00000000,3.50000000,603.00000000,0.00000000,t,01050000A0110F000001000000010200008002000000000000A0526D5FC1000000608AF4524100000000FC670040000000C04D6D5FC1000000E08EF4524100000000FC670040
1160,STREET,DEAD_END,piers.cga,Start,Pier,Major Edge,MAJOR,606.00000000,231022.00000000,6.00000000,0.00000000,1.00000000,0.00000000,3.50000000,605.00000000,0.00000000,t,01050000A0110F000001000000010200008002000000000000D0D56C5FC100000060CCF4524100000000F87DF23F0000E8AFD56C5FC10000402DCCF4524100000000F87DF23F
1161,CROSSING,STREET,roads.cga,Start,MottStreet,Major Edge,MAJOR,145.00000000,135581.00000000,12.00000000,0.00000000,1.00000000,0.00000000,3.50000000,144.00000000,0.00000000,t,01050000A0110F000001000000010200008002000000000000B0686C5FC1000000A0FDF55241000000002DFD2240000000F0636C5FC10000009007F6524100000080E3622340
1162,STREET,STREET,roads.cga,Start,James Street,Major Edge,MAJOR,182.00000000,417195.00000000,14.00000000,0.00000000,1.00000000,0.00000000,3.50000000,181.00000000,0.00000000,t,01050000A0110F00000100000001020000800200000000000040706C5FC1000000A080F5524100000000EC9B114000000020736C5FC1000000408EF5524100000000E44F1640
1163,STREET,STREET,roads.cga,Start,Alley,Major Edge,MAJOR,645.00000000,417195.00000000,12.00000000,0.00000000,1.00000000,0.00000000,3.50000000,644.00000000,0.00000000,t,01050000A0110F00000100000001020000800200000000000030106E5FC1000000A092F452410000000008CE184000000020156E5FC1000000508AF4524100000000E44F1640
1164,STREET,STREET,roads.cga,Start,John Street,Major Edge,MAJOR,312.00000000,-258260.00000000,16.00000000,0.00000000,1.00000000,0.00000000,3.50000000,311.00000000,0.00000000,t,01050000A0110F00000100000001020000800200000000000020956D5FC10000005032F5524100000080E3622340000000C08C6D5FC1000000502BF5524100000080E5352240
1165,STREET,CROSSING,piers.cga,Start,Pier,Major Edge,MAJOR,606.00000000,231022.00000000,6.00000000,0.00000000,1.00000000,0.00000000,3.50000000,605.00000000,0.00000000,t,01050000A0110F00000100000001020000800200000000000040A36D5FC10000003030F4524100000000F87DF23F00000070A96D5FC10000000037F4524100000000F87DF23F
1166,CROSSING,CROSSING,roads.cga,Start,Hanover Street,Major Edge,MAJOR,42.00000000,247456.00000000,10.00000000,0.00000000,1.00000000,0.00000000,3.00000000,41.00000000,0.00000000,t,01050000A0110F000001000000010200008002000000000000F08E6D5FC1000000E086F4524100000000E8F51340000000808E6D5FC10000008082F4524100000000E8F51340
1167,CROSSING,CROSSING,piers.cga,Start,Pier,Major Edge,MAJOR,606.00000000,231022.00000000,6.00000000,0.00000000,1.00000000,0.00000000,3.50000000,605.00000000,0.00000000,t,01050000A0110F00000100000001020000800200000000000060AE6D5FC1000000E025F4524100000000F87DF23F00000070AD6D5FC1000000A021F4524100000000F87DF23F
1168,CROSSING,CROSSING,roads.cga,Start,WaterStreet,Major Edge,MAJOR,171.00000000,231022.00000000,16.00000000,0.00000000,1.00000000,0.00000000,3.50000000,170.00000000,0.00000000,t,01050000A0110F000001000000010200008002000000000000B08C6D5FC10000006055F45241000000002E69004000000070886D5FC10000001059F4524100000000806B0140
1169,STREET,STREET,roads.cga,Start,Prince Street,Major Edge,MAJOR,583.00000000,417195.00000000,12.00000000,0.00000000,1.00000000,0.00000000,3.50000000,582.00000000,0.00000000,t,01050000A0110F00000100000001020000800200000000000070B56C5FC10000008071F5524100000000DC031B40000000E0BF6C5FC1000000E06FF5524100000000FC061B40
1170,CROSSING,STREET,roads.cga,Start,PearlStreet,Major Edge,MAJOR,210.00000000,417195.00000000,16.00000000,0.00000000,1.00000000,0.00000000,3.50000000,209.00000000,0.00000000,t,01050000A0110F000001000000010200008002000000000000E0A86C5FC1000000A04EF5524100000000E1A9184000000050A96C5FC10000008057F5524100000000E1A91840
1171,CROSSING,STREET,roads.cga,Start,Mill Lane,Major Edge,MAJOR,682.00000000,231022.00000000,10.00000000,0.00000000,1.00000000,0.00000000,3.50000000,681.00000000,0.00000000,t,01050000A0110F00000100000001020000800200000000000060AB6D5FC1000000C066F4524100000000E8CF094000000090B26D5FC1000000906EF4524100000000CA130A40
1172,CROSSING,CROSSING,roads.cga,Start,Alley,Major Edge,MAJOR,373.00000000,247456.00000000,4.00000000,0.00000000,1.00000000,0.00000000,3.50000000,372.00000000,0.00000000,t,01050000A0110F000001000000010200008002000000000000E0396D5FC10000002088F45241000000000868F73F000000702C6D5FC10000007094F45241000000000868F73F
1173,CROSSING,STREET,roads.cga,Start,StoneStreet,Major Edge,MAJOR,180.00000000,231022.00000000,10.00000000,0.00000000,1.00000000,0.00000000,3.50000000,179.00000000,0.00000000,t,01050000A0110F000001000000010200008002000000000000A0BB6D5FC10000005058F4524100000000F41B054000000030B46D5FC1000000D05DF4524100000000A0750940
1174,CROSSING,STREET,roads.cga,Start,WBroadway,Major Edge,MAJOR,546.00000000,515711.00000000,18.00000000,0.00000000,1.00000000,0.00000000,3.50000000,545.00000000,0.00000000,t,01050000A0110F00000100000001020000800200000000000010B96D5FC1000000D0BCF5524100000000F419144000000040BD6D5FC1000000E0B5F5524100000000E8F51340
1175,CROSSING,CROSSING,piers.cga,Start,Pier,Major Edge,MAJOR,606.00000000,231022.00000000,6.00000000,0.00000000,1.00000000,0.00000000,3.50000000,605.00000000,0.00000000,t,01050000A0110F000001000000010200008002000000000000402C6E5FC1000000D045F4524100000000F87DF23F00000010356E5FC10000004052F4524100000000F87DF23F
1176,STREET,STREET,roads.cga,Start,BridgeStreet,Major Edge,MAJOR,64.00000000,231022.00000000,18.00000000,0.00000000,1.00000000,0.00000000,3.50000000,63.00000000,0.00000000,t,01050000A0110F00000100000001020000800200000000000070006E5FC1000000300AF5524100000000E8CF094000000010056E5FC1000000C0FCF45241000000008A500E40
1177,CROSSING,STREET,roads.cga,Start,James Street,Major Edge,MAJOR,182.00000000,417195.00000000,14.00000000,0.00000000,1.00000000,0.00000000,3.50000000,181.00000000,0.00000000,t,01050000A0110F000001000000010200008002000000000000B06D6C5FC10000006074F5524100000000EC9B114000000040706C5FC1000000A080F5524100000000EC9B1140
1178,STREET,CROSSING,roads.cga,Start,AllenStreet,Major Edge,MAJOR,564.00000000,135581.00000000,14.00000000,0.00000000,1.00000000,0.00000000,3.50000000,563.00000000,0.00000000,t,01050000A0110F00000100000001020000800200000000000000B36B5FC10000008006F65241000000C0D19D2740000000B0AE6B5FC1000000D011F652410000008092F22640
1179,CROSSING,CROSSING,roads.cga,Start,gravel,Major Edge,MAJOR,282.00000000,247456.00000000,12.00000000,0.00000000,1.00000000,0.00000000,3.50000000,281.00000000,0.00000000,t,01050000A0110F00000100000001020000800200000000000020026E5FC10000008053F4524100000000F8A00B40000000100D6E5FC1000000F04FF4524100000000E8CF0940
1180,CROSSING,CROSSING,roads.cga,Start,WaterStreet,Major Edge,MAJOR,135.00000000,417195.00000000,6.00000000,0.00000000,1.00000000,0.00000000,3.50000000,134.00000000,0.00000000,t,01050000A0110F000001000000010200008002000000000000B0C76C5FC1000000D0EFF4524100000000FC67004000000010BF6C5FC1000000B0F6F4524100000000CCA60040
1181,CROSSING,STREET,roads.cga,Start,Vesey Street,Major Edge,MAJOR,371.00000000,-258260.00000000,16.00000000,0.00000000,1.00000000,0.00000000,3.50000000,370.00000000,0.00000000,t,01050000A0110F000001000000010200008002000000000000C0AC6D5FC1000000C07BF552410000000067041E40000000D0A26D5FC10000007076F5524100000080C4452040
1182,STREET,STREET,roads.cga,Start,PearlStreet,Major Edge,MAJOR,532.00000000,-365802.00000000,16.00000000,0.00000000,1.00000000,0.00000000,3.50000000,531.00000000,0.00000000,t,01050000A0110F00000100000001020000800200000000000050396D5FC1000000A0C8F4524100000000FC67004000000070336D5FC1000000A0CBF4524100000000FC670040
1183,STREET,CROSSING,roads.cga,Start,PearlStreet,Major Edge,MAJOR,532.00000000,-365802.00000000,12.00000000,0.00000000,1.00000000,0.00000000,3.50000000,531.00000000,0.00000000,t,01050000A0110F00000100000001020000800200000000000010F76D5FC10000004034F4524100000000F41B054000000050F06D5FC1000000F035F45241000000006AE80040
1184,CROSSING,STREET,piers.cga,Start,Pier,Major Edge,MAJOR,606.00000000,231022.00000000,6.00000000,0.00000000,1.00000000,0.00000000,3.50000000,605.00000000,0.00000000,t,01050000A0110F000001000000010200008002000000000000900F6E5FC10000005007F4524100000000F87DF23F00000020146E5FC10000005007F4524100000000F87DF23F
1185,STREET,CROSSING,roads.cga,Start,HesterStreet,Major Edge,MAJOR,499.00000000,135581.00000000,12.00000000,0.00000000,1.00000000,0.00000000,3.50000000,498.00000000,0.00000000,t,01050000A0110F00000100000001020000800200000000000050376C5FC1000000B04AF65241000000C0DFBC254000000050426C5FC1000000D04FF65241000000C0CDB52440
1186,CROSSING,STREET,roads.cga,Start,William Street,Major Edge,MAJOR,63.00000000,-33958.00000000,12.00000000,0.00000000,1.00000000,0.00000000,3.50000000,62.00000000,0.00000000,t,01050000A0110F000001000000010200008002000000000000C0A96D5FC1000000F07CF452410000000082040F4000000050A66D5FC1000000A075F4524100000000E0830E40
1187,STREET,CROSSING,roads.cga,Start,GreenwichStreet,Major Edge,MAJOR,93.00000000,515711.00000000,18.00000000,0.00000000,1.00000000,0.00000000,3.50000000,92.00000000,0.00000000,t,01050000A0110F000001000000010200008002000000000000E0C56D5FC10000003009F6524100000000E0830E40000000B0C86D5FC1000000E0FCF55241000000004C260E40
1188,STREET,CROSSING,roads.cga,Start,HesterStreet,Major Edge,MAJOR,321.00000000,135581.00000000,12.00000000,0.00000000,1.00000000,0.00000000,3.50000000,320.00000000,0.00000000,t,01050000A0110F00000100000001020000800200000000000040266C5FC1000000E042F65241000000C0DDE92640000000302C6C5FC10000008045F65241000000C0DDE92640
1189,STREET,CROSSING,roads.cga,Start,GravelStreet,Major Edge,MAJOR,532.00000000,-365802.00000000,6.00000000,0.00000000,1.00000000,0.00000000,3.50000000,531.00000000,0.00000000,t,01050000A0110F000001000000010200008002000000000000B0B96D5FC1000000D03EF4524100000000FC670040000000A0B76D5FC10000005036F4524100000000FC670040
1190,CROSSING,CROSSING,roads.cga,Start,gravel,Major Edge,MAJOR,607.00000000,231022.00000000,10.00000000,0.00000000,1.00000000,0.00000000,3.50000000,606.00000000,0.00000000,t,01050000A0110F00000100000001020000800200000000000090116E5FC1000000B076F4524100000000E8F5134000000030156E5FC1000000F067F4524100000000EC9B1140
1191,STREET,CROSSING,roads.cga,Start,GravelStreet,Major Edge,MAJOR,18.00000000,135581.00000000,6.00000000,0.00000000,1.00000000,0.00000000,3.50000000,17.00000000,0.00000000,t,01050000A0110F000001000000010200008002000000000000C0C56C5FC1000000D0B0F5524100000000E8F51340000000E0BA6C5FC1000000E0B3F5524100000000E8F51340
1192,CROSSING,CROSSING,piers.cga,Start,Pier,Major Edge,MAJOR,606.00000000,231022.00000000,6.00000000,0.00000000,1.00000000,0.00000000,3.50000000,605.00000000,0.00000000,t,01050000A0110F00000100000001020000800200000000000020246E5FC1000000603AF4524100000000F87DF23F000000402C6E5FC1000000D045F4524100000000F87DF23F
1193,CROSSING,STREET,roads.cga,Start,Hanover Street,Major Edge,MAJOR,42.00000000,247456.00000000,10.00000000,0.00000000,1.00000000,0.00000000,3.00000000,41.00000000,0.00000000,t,01050000A0110F000001000000010200008002000000000000808E6D5FC10000008082F4524100000000E8F51340000000208D6D5FC1000000907CF4524100000000EC9B1140
1194,CROSSING,STREET,roads.cga,Start,GreenwichStreet,Major Edge,MAJOR,93.00000000,515711.00000000,18.00000000,0.00000000,1.00000000,0.00000000,3.50000000,92.00000000,0.00000000,t,01050000A0110F00000100000001020000800200000000000090D76D5FC1000000A0B4F552410000000098410540000000F0D86D5FC100000060ACF5524100000000F41B0540
1195,STREET,CROSSING,roads.cga,Start,WallStreet,Major Edge,MAJOR,246.00000000,231022.00000000,18.00000000,0.00000000,1.00000000,0.00000000,3.50000000,245.00000000,0.00000000,t,01050000A0110F00000100000001020000800200000000000070A36D5FC100000090B1F45241000000000B641E40000000A09A6D5FC100000000ABF452410000008059E11D40
1196,STREET,CROSSING,roads.cga,Start,CherryStreet,Major Edge,MAJOR,388.00000000,417195.00000000,14.00000000,0.00000000,1.00000000,0.00000000,3.50000000,387.00000000,0.00000000,t,01050000A0110F000001000000010200008002000000000000B04D6C5FC10000003030F5524100000000FC67004000000050466C5FC1000000D031F5524100000000FC670040
1197,STREET,CROSSING,roads.cga,Start,BoweryStreet,Major Edge,MAJOR,78.00000000,135581.00000000,26.00000000,0.00000000,1.00000000,0.00000000,3.50000000,77.00000000,0.00000000,t,01050000A0110F00000100000001020000800200000000000000506C5FC1000000D0BCF55241000000C0DFBC2540000000F04B6C5FC100000000C2F55241000000C0DFBC2540
1198,STREET,DEAD_END,roads.cga,Start,ElizabethStreet,Major Edge,MAJOR,521.00000000,135581.00000000,14.00000000,0.00000000,1.00000000,0.00000000,3.50000000,520.00000000,0.00000000,t,01050000A0110F000001000000010200008002000000000000A0276C5FC1000000D04FF65241000000C0DFBC254000000070226C5FC1000000B05BF6524100000000E28F2440
1199,STREET,STREET,roads.cga,Start,CortlandStreet,Major Edge,MAJOR,163.00000000,-258260.00000000,16.00000000,0.00000000,1.00000000,0.00000000,3.50000000,162.00000000,0.00000000,t,01050000A0110F000001000000010200008002000000000000A0C36D5FC10000005037F5524100000000D3B71F4000000010CC6D5FC1000000F03BF5524100000080D85D1D40
1200,STREET,STREET,roads.cga,Start,PearlStreet,Major Edge,MAJOR,532.00000000,-365802.00000000,16.00000000,0.00000000,1.00000000,0.00000000,3.50000000,531.00000000,0.00000000,t,01050000A0110F00000100000001020000800200000000000040CE6C5FC1000000400EF552410000000024F81540000000B0C86C5FC1000000F013F5524100000000E1A91840
1201,CROSSING,CROSSING,roads.cga,Start,GravelStreet,Major Edge,MAJOR,606.00000000,231022.00000000,6.00000000,0.00000000,1.00000000,0.00000000,3.50000000,605.00000000,0.00000000,t,01050000A0110F00000100000001020000800200000000000060EE6D5FC10000004066F5524100000000F87DF23F000000B0F26D5FC10000003051F5524100000000E0830E40
1202,STREET,STREET,piers.cga,Start,Pier,Major Edge,MAJOR,606.00000000,231022.00000000,6.00000000,0.00000000,1.00000000,0.00000000,3.50000000,605.00000000,0.00000000,t,01050000A0110F000001000000010200008002000000000000A04B6C5FC1000000A027F5524100000000F87DF23F000000304A6C5FC10000008020F5524100000000F87DF23F
1203,STREET,CROSSING,roads.cga,Start,BeaverStreet,Major Edge,MAJOR,64.00000000,231022.00000000,14.00000000,0.00000000,1.00000000,0.00000000,3.50000000,63.00000000,0.00000000,t,01050000A0110F000001000000010200008002000000000000A0FA6D5FC1000000F077F4524100000000EC9B1140000000B0026E5FC10000005078F4524100000000E8F51340
1204,STREET,STREET,roads.cga,Start,RobinsonStreet,Major Edge,MAJOR,38.00000000,-258260.00000000,12.00000000,0.00000000,1.00000000,0.00000000,3.50000000,37.00000000,0.00000000,t,01050000A0110F000001000000010200008002000000000000307F6D5FC1000000009AF5524100000080E3622340000000D0736D5FC10000002093F5524100000000E28F2440
1205,STREET,STREET,roads.cga,Start,RoseveltStreet,Major Edge,MAJOR,3.00000000,487402.00000000,14.00000000,0.00000000,1.00000000,0.00000000,3.50000000,2.00000000,0.00000000,t,01050000A0110F000001000000010200008002000000000000C0866C5FC10000007058F5524100000000EC9B1140000000E0876C5FC10000000060F5524100000000EC9B1140
1206,CROSSING,STREET,piers.cga,Start,Pier,Major Edge,MAJOR,606.00000000,231022.00000000,6.00000000,0.00000000,1.00000000,0.00000000,3.50000000,605.00000000,0.00000000,t,01050000A0110F000001000000010200008002000000000000F01D6D5FC1000000709CF4524100000000F87DF23F000000A02A6D5FC10000009091F4524100000000F87DF23F
1207,STREET,CROSSING,roads.cga,Start,PearlStreet,Major Edge,MAJOR,532.00000000,-365802.00000000,16.00000000,0.00000000,1.00000000,0.00000000,3.50000000,531.00000000,0.00000000,t,01050000A0110F00000100000001020000800200000000000050E06C5FC100000030FCF45241000000006680114000000000DB6C5FC10000003002F552410000000064941140
1208,CROSSING,STREET,roads.cga,Start,WaterStreet,Major Edge,MAJOR,7.00000000,487402.00000000,6.00000000,0.00000000,1.00000000,0.00000000,3.50000000,6.00000000,0.00000000,t,01050000A0110F00000100000001020000800200000000000040EA6C5FC1000000D0D8F45241000000001CE3044000000040F06C5FC100000010D5F45241000000004EAB0440
1209,CROSSING,CROSSING,roads.cga,Start,GravelStreet,Major Edge,MAJOR,163.00000000,-258260.00000000,6.00000000,0.00000000,1.00000000,0.00000000,3.50000000,162.00000000,0.00000000,t,01050000A0110F00000100000001020000800200000000000040EC6D5FC1000000A04DF5524100000000C0711040000000B0F26D5FC10000003051F5524100000000E0830E40
1210,CROSSING,STREET,roads.cga,Start,Alley,Major Edge,MAJOR,645.00000000,417195.00000000,12.00000000,0.00000000,1.00000000,0.00000000,3.50000000,644.00000000,0.00000000,t,01050000A0110F00000100000001020000800200000000000020996C5FC1000000406FF55241000000001A95144000000040986C5FC10000007067F5524100000000E8F51340
1211,STREET,STREET,roads.cga,Start,LumberStreet,Major Edge,MAJOR,59.00000000,-258260.00000000,18.00000000,0.00000000,1.00000000,0.00000000,3.50000000,58.00000000,0.00000000,t,01050000A0110F000001000000010200008002000000000000808E6D5FC100000090B0F5524100000080E7082140000000508B6D5FC1000000C0B5F5524100000080E7082140
1212,CROSSING,STREET,roads.cga,Start,CortlandStreet,Major Edge,MAJOR,696.00000000,-258260.00000000,16.00000000,0.00000000,1.00000000,0.00000000,3.50000000,695.00000000,0.00000000,t,01050000A0110F000001000000010200008002000000000000608B6D5FC1000000F00CF5524100000000293C1E4000000040906D5FC1000000D013F5524100000000D3B71F40
1213,CROSSING,STREET,roads.cga,Start,Bayard Street,Major Edge,MAJOR,485.00000000,135581.00000000,12.00000000,0.00000000,1.00000000,0.00000000,3.50000000,484.00000000,0.00000000,t,01050000A0110F00000100000001020000800200000000000010186C5FC100000050DCF552410000008071EE2940000000600E6C5FC100000010D9F5524100000040BE0F2A40
1214,STREET,CROSSING,roads.cga,Start,BroadStreet,Major Edge,MAJOR,365.00000000,231022.00000000,16.00000000,0.00000000,1.00000000,0.00000000,3.50000000,364.00000000,0.00000000,t,01050000A0110F00000100000001020000800200000000000050C66D5FC100000040B0F4524100000000E8E11340000000D0CA6D5FC100000070A6F4524100000000EC9B1140
1215,STREET,CROSSING,roads.cga,Start,Ann Street,Major Edge,MAJOR,347.00000000,-258260.00000000,14.00000000,0.00000000,1.00000000,0.00000000,3.50000000,346.00000000,0.00000000,t,01050000A0110F000001000000010200008002000000000000202F6D5FC10000008022F5524100000080D85D1D40000000503C6D5FC1000000202BF5524100000080E7082140
1216,CROSSING,STREET,roads.cga,Start,Rector Street,Major Edge,MAJOR,190.00000000,231022.00000000,6.00000000,0.00000000,1.00000000,0.00000000,3.50000000,189.00000000,0.00000000,t,01050000A0110F00000100000001020000800200000000000040E96D5FC1000000A0D5F4524100000000E28F244000000050ED6D5FC1000000B0CFF4524100000000B03E2340
1217,CROSSING,STREET,roads.cga,Start,GravelStreet,Major Edge,MAJOR,18.00000000,135581.00000000,6.00000000,0.00000000,1.00000000,0.00000000,3.50000000,17.00000000,0.00000000,t,01050000A0110F000001000000010200008002000000000000B0E36C5FC100000060A8F552410000000005C7204000000070EB6C5FC1000000F0A5F5524100000080A0AB2140
1218,STREET,CROSSING,roads.cga,Start,CedarStreet,Major Edge,MAJOR,126.00000000,231022.00000000,12.00000000,0.00000000,1.00000000,0.00000000,3.50000000,125.00000000,0.00000000,t,01050000A0110F00000100000001020000800200000000000070B06D5FC100000090F5F4524100000000E28F244000000000A46D5FC1000000C0EAF45241000000404F672340
1219,CROSSING,STREET,roads.cga,Start,Orange Street,Major Edge,MAJOR,18.00000000,135581.00000000,12.00000000,0.00000000,1.00000000,0.00000000,3.50000000,17.00000000,0.00000000,t,01050000A0110F00000100000001020000800200000000000010876C5FC1000000E0D2F5524100000000E1A91840000000A0926C5FC1000000F0D1F5524100000000E1A91840
1220,CROSSING,CROSSING,Landscape_Design_Greenspace/Greenspace Construction.cga,GreenSpace,greenspace,Major Edge,MAJOR,313.00000000,515711.00000000,14.00000000,0.00000000,1.00000000,0.00000000,3.50000000,312.00000000,0.00000000,t,01050000A0110F000001000000010200008002000000000000C02D6D5FC1000000E09EF55241000000C0D943294000000090426D5FC1000000B08DF55241000000C0D9432940
1221,STREET,DEAD_END,piers.cga,Start,Pier,Major Edge,MAJOR,606.00000000,231022.00000000,6.00000000,0.00000000,1.00000000,0.00000000,3.50000000,605.00000000,0.00000000,t,01050000A0110F00000100000001020000800200000000000040846D5FC10000002028F4524100000000F87DF23F00000010846D5FC10000005028F4524100000000F87DF23F
1222,STREET,CROSSING,roads.cga,Start,Alley,Major Edge,MAJOR,476.00000000,247456.00000000,4.00000000,0.00000000,1.00000000,0.00000000,3.50000000,475.00000000,0.00000000,t,01050000A0110F000001000000010200008002000000000000305F6D5FC10000003066F4524100000000FC67004000000060586D5FC1000000606CF4524100000000FC670040
1223,STREET,CROSSING,piers.cga,Start,Pier,Major Edge,MAJOR,606.00000000,231022.00000000,6.00000000,0.00000000,1.00000000,0.00000000,3.50000000,605.00000000,0.00000000,t,01050000A0110F000001000000010200008002000000000000C0076E5FC10000000038F5524100000000F87DF23F00000000046E5FC1000000E03EF5524100000000F87DF23F
1224,STREET,CROSSING,roads.cga,Start,John Street,Major Edge,MAJOR,660.00000000,-258260.00000000,18.00000000,0.00000000,1.00000000,0.00000000,3.50000000,659.00000000,0.00000000,t,01050000A0110F000001000000010200008002000000000000E0746D5FC10000003016F5524100000040CFD92140000000006D6D5FC1000000900EF5524100000080E9182240
1225,STREET,STREET,roads.cga,Start,PearlStreet,Major Edge,MAJOR,532.00000000,-365802.00000000,16.00000000,0.00000000,1.00000000,0.00000000,3.50000000,531.00000000,0.00000000,t,01050000A0110F00000100000001020000800200000000000030596D5FC1000000D0A9F4524100000000F41B054000000060546D5FC100000090B0F45241000000006C530440
1226,CROSSING,STREET,roads.cga,Start,Stone Street,Major Edge,MAJOR,623.00000000,231022.00000000,12.00000000,0.00000000,1.00000000,0.00000000,3.50000000,622.00000000,0.00000000,t,01050000A0110F000001000000010200008002000000000000D0FB6D5FC1000000E017F5524100000000E8CF0940000000E0EF6D5FC10000008010F552410000000068621040
1227,STREET,CROSSING,roads.cga,Start,PineStreet,Major Edge,MAJOR,603.00000000,231022.00000000,12.00000000,0.00000000,1.00000000,0.00000000,3.50000000,602.00000000,0.00000000,t,01050000A0110F00000100000001020000800200000000000060A66D5FC100000080D3F4524100000040EEA8224000000040AE6D5FC100000000DAF4524100000080E3622340
1228,STREET,STREET,roads.cga,Start,Duane Street,Major Edge,MAJOR,201.00000000,515711.00000000,14.00000000,0.00000000,1.00000000,0.00000000,3.50000000,200.00000000,0.00000000,t,01050000A0110F000001000000010200008002000000000000C04D6D5FC10000004005F652410000000057271E4000000030416D5FC1000000B0FDF55241000000C0661D2040
1229,STREET,STREET,roads.cga,Start,ChambersStreet,Major Edge,MAJOR,528.00000000,-258260.00000000,14.00000000,0.00000000,1.00000000,0.00000000,3.50000000,527.00000000,0.00000000,t,01050000A0110F000001000000010200008002000000000000208B6D5FC1000000B0F4F5524100000000DA0C1940000000C0826D5FC1000000A0EFF5524100000000DC031B40
1230,CROSSING,STREET,piers.cga,Start,Pier,Major Edge,MAJOR,606.00000000,231022.00000000,6.00000000,0.00000000,1.00000000,0.00000000,3.50000000,605.00000000,0.00000000,t,01050000A0110F000001000000010200008002000000000000805F6C5FC1000000601BF5524100000000F87DF23F000000105F6C5FC10000000019F5524100000000F87DF23F
1231,CROSSING,STREET,roads.cga,Start,PearlStreet,Major Edge,MAJOR,532.00000000,-365802.00000000,16.00000000,0.00000000,1.00000000,0.00000000,3.50000000,531.00000000,0.00000000,t,01050000A0110F00000100000001020000800200000000000000706D5FC1000000108BF4524100000000C2A60C4000000080736D5FC10000001086F4524100000000E0830E40
1232,CROSSING,CROSSING,roads.cga,Start,RobinsonStreet,Major Edge,MAJOR,38.00000000,-258260.00000000,12.00000000,0.00000000,1.00000000,0.00000000,3.50000000,37.00000000,0.00000000,t,01050000A0110F00000100000001020000800200000000000010B06D5FC1000000B0B7F5524100000000E1A9184000000010B96D5FC1000000D0BCF5524100000000F4191440
1233,STREET,STREET,roads.cga,Start,William Street,Major Edge,MAJOR,205.00000000,231022.00000000,14.00000000,0.00000000,1.00000000,0.00000000,3.50000000,204.00000000,0.00000000,t,01050000A0110F000001000000010200008002000000000000F0A06D5FC1000000509FF45241000000004C691940000000809E6D5FC100000020A4F452410000008037B21C40
1234,STREET,CROSSING,roads.cga,Start,William Street,Major Edge,MAJOR,63.00000000,-33958.00000000,14.00000000,0.00000000,1.00000000,0.00000000,3.50000000,62.00000000,0.00000000,t,01050000A0110F00000100000001020000800200000000000030A76D5FC1000000308DF452410000000028D01340000000C0A56D5FC1000000B094F452410000000035C11440
1235,STREET,CROSSING,roads.cga,Start,BroadStreet,Major Edge,MAJOR,101.00000000,-122417.00000000,16.00000000,0.00000000,1.00000000,0.00000000,3.50000000,100.00000000,0.00000000,t,01050000A0110F00000100000001020000800200000000000010706D5FC10000005030F5524100000000E28F2440000000806A6D5FC1000000D037F5524100000000E28F2440
1236,STREET,CROSSING,roads.cga,Start,BeaverStreet,Major Edge,MAJOR,64.00000000,231022.00000000,14.00000000,0.00000000,1.00000000,0.00000000,3.50000000,63.00000000,0.00000000,t,01050000A0110F000001000000010200008002000000000000F09B6D5FC1000000C07FF452410000000062031340000000C0A96D5FC1000000F07CF452410000000082040F40
1237,STREET,STREET,roads.cga,Start,Trinity PL / Lumber Street,Major Edge,MAJOR,133.00000000,231022.00000000,10.00000000,0.00000000,1.00000000,0.00000000,3.50000000,132.00000000,0.00000000,t,01050000A0110F00000100000001020000800200000000000010016E5FC1000000E0D1F45241000000006BB61840000000F0036E5FC1000000B0CCF452410000000008591840
1238,CROSSING,STREET,roads.cga,Start,WaterStreet,Major Edge,MAJOR,362.00000000,231022.00000000,16.00000000,0.00000000,1.00000000,0.00000000,3.50000000,361.00000000,0.00000000,t,01050000A0110F000001000000010200008002000000000000B09C6D5FC10000005048F4524100000000FC670040000000D0946D5FC1000000B04EF4524100000000FC670040
1239,CROSSING,STREET,roads.cga,Start,CherryStreet,Major Edge,MAJOR,495.00000000,417195.00000000,14.00000000,0.00000000,1.00000000,0.00000000,3.50000000,494.00000000,0.00000000,t,01050000A0110F000001000000010200008002000000000000E07E6C5FC1000000F027F5524100000000E8CF094000000060706C5FC1000000102AF5524100000000F41B0540
1240,STREET,STREET,roads.cga,Start,BoweryStreet,Major Edge,MAJOR,78.00000000,135581.00000000,28.00000000,0.00000000,1.00000000,0.00000000,3.50000000,77.00000000,0.00000000,t,01050000A0110F000001000000010200008002000000000000901F6C5FC1000000E01CF65241000000C066AD2A40000000F01B6C5FC1000000C025F65241000000C0D9432940
1241,STREET,CROSSING,piers.cga,Start,Pier,Major Edge,MAJOR,606.00000000,231022.00000000,6.00000000,0.00000000,1.00000000,0.00000000,3.50000000,605.00000000,0.00000000,t,01050000A0110F000001000000010200008002000000000000F0A66C5FC100000060FBF4524100000000F87DF23F00000070AC6C5FC10000002002F5524100000000F87DF23F
1242,STREET,CROSSING,roads.cga,Start,DivisionStreet,Major Edge,MAJOR,338.00000000,135581.00000000,12.00000000,0.00000000,1.00000000,0.00000000,3.50000000,337.00000000,0.00000000,t,01050000A0110F00000100000001020000800200000000000000136C5FC100000010C9F55241000000C0DB16284000000050066C5FC1000000F0C9F55241000000C0D9432940
1243,STREET,CROSSING,roads.cga,Start,Trinity PL / Lumber Street,Major Edge,MAJOR,133.00000000,231022.00000000,10.00000000,0.00000000,1.00000000,0.00000000,3.50000000,132.00000000,0.00000000,t,01050000A0110F000001000000010200008002000000000000F0036E5FC1000000B0CCF45241000000000859184000000020076E5FC100000000C7F4524100000000AE221840
1244,STREET,CROSSING,roads.cga,Start,James Street,Major Edge,MAJOR,102.00000000,417195.00000000,14.00000000,0.00000000,1.00000000,0.00000000,3.50000000,101.00000000,0.00000000,t,01050000A0110F00000100000001020000800200000000000060656C5FC1000000304DF5524100000000E8CF0940000000A0636C5FC10000007044F552410000000070130740
1245,STREET,STREET,roads.cga,Start,WBroadway,Major Edge,MAJOR,546.00000000,515711.00000000,18.00000000,0.00000000,1.00000000,0.00000000,3.50000000,545.00000000,0.00000000,t,01050000A0110F00000100000001020000800200000000000040BD6D5FC1000000E0B5F5524100000000E8F51340000000B0C06D5FC100000030B0F5524100000000A2E81240
1246,CROSSING,CROSSING,roads.cga,Start,Coentis Ally,Major Edge,MAJOR,530.00000000,231022.00000000,10.00000000,0.00000000,1.00000000,0.00000000,3.50000000,529.00000000,0.00000000,t,01050000A0110F000001000000010200008002000000000000C0B76D5FC10000005050F4524100000000F41B054000000050B56D5FC1000000704CF4524100000000F41B0540
1247,CROSSING,STREET,roads.cga,Start,Ann Street,Major Edge,MAJOR,347.00000000,-258260.00000000,14.00000000,0.00000000,1.00000000,0.00000000,3.50000000,346.00000000,0.00000000,t,01050000A0110F00000100000001020000800200000000000070216D5FC10000009019F552410000000058C21840000000202F6D5FC10000008022F5524100000080D85D1D40
1248,STREET,CROSSING,roads.cga,Start,PearlStreet,Major Edge,MAJOR,532.00000000,-365802.00000000,16.00000000,0.00000000,1.00000000,0.00000000,3.50000000,531.00000000,0.00000000,t,01050000A0110F000001000000010200008002000000000000B0C86C5FC1000000F013F5524100000000E1A91840000000F0C16C5FC1000000201BF5524100000000E1A91840
1249,STREET,CROSSING,roads.cga,Start,LumberStreet,Major Edge,MAJOR,59.00000000,-258260.00000000,18.00000000,0.00000000,1.00000000,0.00000000,3.50000000,58.00000000,0.00000000,t,01050000A0110F000001000000010200008002000000000000508B6D5FC1000000C0B5F5524100000080E708214000000090886D5FC100000040BAF5524100000080E7082140
1250,STREET,STREET,roads.cga,Start,BroadStreet,Major Edge,MAJOR,484.00000000,231022.00000000,18.00000000,0.00000000,1.00000000,0.00000000,3.50000000,483.00000000,0.00000000,t,01050000A0110F00000100000001020000800200000000000090D16D5FC1000000808DF4524100000000E8CF094000000050D26D5FC10000002087F4524100000000E8CF0940
1251,CROSSING,STREET,roads.cga,Start,Ann Street,Major Edge,MAJOR,347.00000000,-258260.00000000,14.00000000,0.00000000,1.00000000,0.00000000,3.50000000,346.00000000,0.00000000,t,01050000A0110F000001000000010200008002000000000000503C6D5FC1000000202BF5524100000080E7082140000000D0446D5FC10000001031F5524100000080E5352240
1252,DEAD_END,STREET,roads.cga,Start,MadisonStreet,Major Edge,MAJOR,191.00000000,417195.00000000,14.00000000,0.00000000,1.00000000,0.00000000,3.50000000,190.00000000,0.00000000,t,01050000A0110F000001000000010200008002000000000000003E6C5FC1000000707BF5524100000000E44F164000000030486C5FC1000000C079F5524100000000E44F1640
1253,CROSSING,CROSSING,piers.cga,Start,Pier,Major Edge,MAJOR,606.00000000,231022.00000000,6.00000000,0.00000000,1.00000000,0.00000000,3.50000000,605.00000000,0.00000000,t,01050000A0110F000001000000010200008002000000000000A0366D5FC10000002085F4524100000000F87DF23F000000303F6D5FC1000000207CF4524100000000F87DF23F
1254,STREET,STREET,roads.cga,Start,PearlStreet,Major Edge,MAJOR,532.00000000,-365802.00000000,16.00000000,0.00000000,1.00000000,0.00000000,3.50000000,531.00000000,0.00000000,t,01050000A0110F000001000000010200008002000000000000E0B56C5FC1000000E02AF5524100000000E1A91840000000F0B16C5FC10000008030F5524100000000E1A91840
1255,STREET,STREET,roads.cga,Start,BoweryStreet,Major Edge,MAJOR,78.00000000,135581.00000000,28.00000000,0.00000000,1.00000000,0.00000000,3.50000000,77.00000000,0.00000000,t,01050000A0110F000001000000010200008002000000000000900F6C5FC1000000D043F65241000000C01E342640000000E00A6C5FC1000000504FF6524100000000C8482540
1256,STREET,CROSSING,roads.cga,Start,ElizabethStreet,Major Edge,MAJOR,565.00000000,135581.00000000,14.00000000,0.00000000,1.00000000,0.00000000,3.50000000,564.00000000,0.00000000,t,01050000A0110F00000100000001020000800200000000000010316C5FC1000000603BF65241000000C0DDE92640000000302C6C5FC10000008045F65241000000C0DDE92640
1257,STREET,STREET,roads.cga,Start,BroadStreet,Major Edge,MAJOR,484.00000000,231022.00000000,18.00000000,0.00000000,1.00000000,0.00000000,3.50000000,483.00000000,0.00000000,t,01050000A0110F00000100000001020000800200000000000030D06D5FC10000005095F4524100000000E0830E4000000090D16D5FC1000000808DF4524100000000E8CF0940
1258,CROSSING,STREET,roads.cga,Start,GravelStreet,Major Edge,MAJOR,63.00000000,-33958.00000000,12.00000000,0.00000000,1.00000000,0.00000000,3.50000000,62.00000000,0.00000000,t,01050000A0110F000001000000010200008002000000000000D0A26D5FC1000000F06EF4524100000000E0830E40000000F09E6D5FC1000000606AF4524100000000E8CF0940
1259,CROSSING,STREET,roads.cga,Start,StoneStreet,Major Edge,MAJOR,282.00000000,247456.00000000,12.00000000,0.00000000,1.00000000,0.00000000,3.50000000,281.00000000,0.00000000,t,01050000A0110F000001000000010200008002000000000000F0D46D5FC1000000F053F4524100000000FC670040000000A0E06D5FC10000005054F45241000000007C060540
1260,STREET,STREET,roads.cga,Start,CortlandStreet,Major Edge,MAJOR,696.00000000,-258260.00000000,16.00000000,0.00000000,1.00000000,0.00000000,3.50000000,695.00000000,0.00000000,t,01050000A0110F00000100000001020000800200000000000090976D5FC1000000501CF5524100000080E7082140000000909B6D5FC1000000E01FF55241000000003F512140
1261,STREET,STREET,roads.cga,Start,PearlStreet,Major Edge,MAJOR,532.00000000,-365802.00000000,16.00000000,0.00000000,1.00000000,0.00000000,3.50000000,531.00000000,0.00000000,t,01050000A0110F00000100000001020000800200000000006094796D5FC10000F0F77DF45241000000001EA00E400000F0027C6D5FC10000A0AE7BF4524100000000E0830E40
1262,CROSSING,STREET,roads.cga,Start,BeaverStreet,Major Edge,MAJOR,64.00000000,231022.00000000,14.00000000,0.00000000,1.00000000,0.00000000,3.50000000,63.00000000,0.00000000,t,01050000A0110F000001000000010200008002000000000000808E6D5FC10000008082F4524100000000E8F5134000000010956D5FC10000003081F4524100000000E8F51340
1263,CROSSING,STREET,piers.cga,Start,Pier,Major Edge,MAJOR,606.00000000,231022.00000000,6.00000000,0.00000000,1.00000000,0.00000000,3.50000000,605.00000000,0.00000000,t,01050000A0110F000001000000010200008002000000000000D07E6C5FC10000003015F5524100000000F87DF23F000000B07C6C5FC1000000300AF5524100000000F87DF23F
1264,STREET,DEAD_END,piers.cga,Start,Pier,Major Edge,MAJOR,606.00000000,231022.00000000,8.00000000,0.00000000,1.00000000,0.00000000,3.50000000,605.00000000,0.00000000,t,01050000A0110F00000100000001020000800200000000000030BC6C5FC100000060E1F4524100000000F87DF23F00000000BC6C5FC100000020E1F4524100000000F87DF23F
1265,CROSSING,CROSSING,roads.cga,Start,gravel,Major Edge,MAJOR,607.00000000,231022.00000000,10.00000000,0.00000000,1.00000000,0.00000000,3.50000000,606.00000000,0.00000000,t,01050000A0110F00000100000001020000800200000000000040096E5FC10000006041F4524100000000E8CF0940000000E0056E5FC10000004031F4524100000000F41B0540
1266,STREET,CROSSING,roads.cga,Start,Fetcher Street,Major Edge,MAJOR,121.00000000,-23593.00000000,12.00000000,0.00000000,1.00000000,0.00000000,3.50000000,120.00000000,0.00000000,t,01050000A0110F000001000000010200008002000000000000003B6D5FC1000000A0B5F4524100000000FC670040000000B0456D5FC100000050C1F4524100000000FC670040
1267,STREET,STREET,roads.cga,Start,BroadStreet,Major Edge,MAJOR,365.00000000,231022.00000000,16.00000000,0.00000000,1.00000000,0.00000000,3.50000000,364.00000000,0.00000000,t,01050000A0110F00000100000001020000800200000000000010C26D5FC1000000A0B9F45241000000008098184000000050C66D5FC100000040B0F4524100000000E8E11340
1268,CROSSING,STREET,roads.cga,Start,Ferry Street,Major Edge,MAJOR,224.00000000,487402.00000000,20.00000000,0.00000000,1.00000000,0.00000000,3.50000000,223.00000000,0.00000000,t,01050000A0110F00000100000001020000800200000000000000DB6C5FC10000003002F552410000000064941140000000B0D56C5FC100000020FDF4524100000000E0830E40
1269,STREET,DEAD_END,piers.cga,Start,Pier,Major Edge,MAJOR,606.00000000,231022.00000000,6.00000000,0.00000000,1.00000000,0.00000000,3.50000000,605.00000000,0.00000000,t,01050000A0110F00000100000001020000800200000000000000D96C5FC100000070C5F4524100000000F87DF23F000040E1D86C5FC100004041C5F4524100000000F87DF23F
1270,CROSSING,STREET,roads.cga,Start,Frankfort Street,Major Edge,MAJOR,490.00000000,487402.00000000,16.00000000,0.00000000,1.00000000,0.00000000,3.50000000,489.00000000,0.00000000,t,01050000A0110F00000100000001020000800200000000000060126D5FC10000003069F552410000000016F01F40000000E01B6D5FC10000004071F5524100000040AFCE2340
1271,STREET,STREET,roads.cga,Start,DivisionStreet,Major Edge,MAJOR,657.00000000,135581.00000000,12.00000000,0.00000000,1.00000000,0.00000000,3.50000000,656.00000000,0.00000000,t,01050000A0110F000001000000010200008002000000000000C03F6C5FC1000000B0C3F55241000000C0DDE92640000000B0346C5FC100000030C5F55241000000C0DDE92640
1272,STREET,STREET,roads.cga,Start,Orange Street,Major Edge,MAJOR,18.00000000,135581.00000000,12.00000000,0.00000000,1.00000000,0.00000000,3.50000000,17.00000000,0.00000000,t,01050000A0110F000001000000010200008002000000000000E0DD6C5FC100000060C7F5524100000000E1A9184000000000D86C5FC100000010CDF55241000000001E4D1740
1273,CROSSING,CROSSING,Landscape_Design_Greenspace/Greenspace Construction.cga,GreenSpace,greenspace,Major Edge,MAJOR,575.00000000,515711.00000000,12.00000000,0.00000000,1.00000000,0.00000000,3.50000000,574.00000000,0.00000000,t,01050000A0110F000001000000010200008002000000000000F05B6D5FC1000000109FF55241000000C0DDE92640000000904F6D5FC10000009096F55241000000C0DB162840
1274,STREET,STREET,roads.cga,Start,Rector Street,Major Edge,MAJOR,190.00000000,231022.00000000,6.00000000,0.00000000,1.00000000,0.00000000,3.50000000,189.00000000,0.00000000,t,01050000A0110F000001000000010200008002000000000000301A6E5FC1000000F08DF4524100000000E44F1640000000301F6E5FC10000006085F4524100000000E8F51340
1275,CROSSING,STREET,roads.cga,Start,BarclayStreet,Major Edge,MAJOR,620.00000000,-258260.00000000,14.00000000,0.00000000,1.00000000,0.00000000,3.50000000,619.00000000,0.00000000,t,01050000A0110F00000100000001020000800200000000000040746D5FC10000005078F55241000000C0515E254000000060806D5FC1000000E07FF5524100000080E3622340
1276,STREET,STREET,roads.cga,Start,PineStreet,Major Edge,MAJOR,603.00000000,231022.00000000,12.00000000,0.00000000,1.00000000,0.00000000,3.50000000,602.00000000,0.00000000,t,01050000A0110F000001000000010200008002000000000000B0956D5FC1000000B0C5F45241000000C008602140000000809E6D5FC100000000CDF4524100000080E5352240
1277,STREET,CROSSING,piers.cga,Start,Pier,Major Edge,MAJOR,606.00000000,231022.00000000,6.00000000,0.00000000,1.00000000,0.00000000,3.50000000,605.00000000,0.00000000,t,01050000A0110F000001000000010200008002000000000000F0E36D5FC1000000600AF4524100000000F87DF23F000000F0F36D5FC10000003006F4524100000000F87DF23F
1278,STREET,CROSSING,roads.cga,Start,Gold Street,Major Edge,MAJOR,542.00000000,-258260.00000000,12.00000000,0.00000000,1.00000000,0.00000000,3.50000000,541.00000000,0.00000000,t,01050000A0110F00000100000001020000800200000000000000416D5FC1000000B0F6F4524100000000C3601640000000203A6D5FC1000000B0FEF4524100000000E1A91840
1279,STREET,STREET,roads.cga,Start,New Street,Major Edge,MAJOR,166.00000000,564470.00000000,14.00000000,0.00000000,1.00000000,0.00000000,3.50000000,165.00000000,0.00000000,t,01050000A0110F00000100000001020000800200000000000090ED6D5FC1000000E083F45241000000006849104000000080EA6D5FC1000000108CF4524100000000EC9B1140
1280,STREET,CROSSING,piers.cga,Start,Pier,Major Edge,MAJOR,606.00000000,231022.00000000,6.00000000,0.00000000,1.00000000,0.00000000,3.50000000,605.00000000,0.00000000,t,01050000A0110F00000100000001020000800200000000000050746C5FC10000004017F5524100000000F87DF23F000000D07E6C5FC10000003015F5524100000000F87DF23F
1281,CROSSING,STREET,roads.cga,Start,Gold Street,Major Edge,MAJOR,542.00000000,-258260.00000000,12.00000000,0.00000000,1.00000000,0.00000000,3.50000000,541.00000000,0.00000000,t,01050000A0110F00000100000001020000800200000000000010486D5FC100000070EEF4524100000000E44F164000000000416D5FC1000000B0F6F4524100000000C3601640
1282,STREET,CROSSING,roads.cga,Start,Broadway,Major Edge,MAJOR,260.00000000,-258260.00000000,24.00000000,0.00000000,1.00000000,0.00000000,3.50000000,259.00000000,-2.00000000,t,01050000A0110F000001000000010200008002000000000000D07A6D5FC1000000D06DF5524100000000E28F2440000000A0806D5FC1000000F064F5524100000000E28F2440
1283,CROSSING,CROSSING,roads.cga,Start,Broadway,Major Edge,MAJOR,260.00000000,-258260.00000000,24.00000000,0.00000000,1.00000000,0.00000000,3.50000000,259.00000000,-2.00000000,t,01050000A0110F000001000000010200008002000000000000A0806D5FC1000000F064F5524100000000E28F244000000000886D5FC1000000C059F5524100000000E28F2440
1284,STREET,CROSSING,roads.cga,Start,Broadway,Major Edge,MAJOR,260.00000000,-258260.00000000,24.00000000,0.00000000,1.00000000,0.00000000,3.50000000,259.00000000,-2.00000000,t,01050000A0110F000001000000010200008002000000000000E0486D5FC100000070BDF55241000000C0DFBC2540000000B04E6D5FC100000060B4F55241000000C0DDE92640
1285,CROSSING,STREET,piers.cga,Start,Pier,Major Edge,MAJOR,606.00000000,231022.00000000,6.00000000,0.00000000,1.00000000,0.00000000,3.50000000,605.00000000,0.00000000,t,01050000A0110F00000100000001020000800200000000000010D06C5FC100000030DBF4524100000000F87DF23F00000060D66C5FC100000060D7F4524100000000F87DF23F
1286,CROSSING,STREET,roads.cga,Start,ForsythStreet,Major Edge,MAJOR,62.00000000,135581.00000000,14.00000000,0.00000000,1.00000000,0.00000000,3.50000000,61.00000000,0.00000000,t,01050000A0110F00000100000001020000800200000000000020F36B5FC100000080FDF55241000000804D3E2B4000000030EB6B5FC10000007011F6524100000040BB592940
1287,CROSSING,CROSSING,Landscape_Design_Greenspace/Greenspace Construction.cga,GreenSpace,greenspace,Major Edge,MAJOR,620.00000000,-258260.00000000,14.00000000,0.00000000,1.00000000,0.00000000,3.50000000,619.00000000,0.00000000,t,01050000A0110F000001000000010200008002000000000000106B6D5FC1000000B070F55241000000C0DFBC2540000000E0606D5FC10000005068F55241000000C0FEC32540
1288,CROSSING,STREET,roads.cga,Start,Orange Street,Major Edge,MAJOR,18.00000000,135581.00000000,10.00000000,0.00000000,1.00000000,0.00000000,3.50000000,17.00000000,0.00000000,t,01050000A0110F000001000000010200008002000000000000E0DA6C5FC10000001091F5524100000040D4E5204000000020DA6C5FC10000007084F5524100000080E5352240
1289,STREET,CROSSING,roads.cga,Start,George Street,Major Edge,MAJOR,664.00000000,319784.00000000,12.00000000,0.00000000,1.00000000,0.00000000,3.50000000,663.00000000,0.00000000,t,01050000A0110F00000100000001020000800200000000000030306D5FC1000000B066F5524100000000C288254000000090356D5FC1000000406DF55241000000C0DDE92640
1290,STREET,STREET,roads.cga,Start,WallStreet,Major Edge,MAJOR,448.00000000,231022.00000000,18.00000000,0.00000000,1.00000000,0.00000000,3.50000000,447.00000000,0.00000000,t,01050000A0110F00000100000001020000800200000000000000926D5FC100000080A4F4524100000080D85D1D4000000030886D5FC1000000209DF4524100000000E1A91840
1291,CROSSING,STREET,roads.cga,Start,Rector Street,Major Edge,MAJOR,398.00000000,231022.00000000,10.00000000,0.00000000,1.00000000,0.00000000,3.50000000,397.00000000,0.00000000,t,01050000A0110F000001000000010200008002000000000000400D6E5FC1000000A0E4F452410000000094970B4000000040046E5FC1000000F0E0F45241000000003C671240
1292,CROSSING,STREET,roads.cga,Start,ChambersStreet,Major Edge,MAJOR,528.00000000,-258260.00000000,14.00000000,0.00000000,1.00000000,0.00000000,3.50000000,527.00000000,0.00000000,t,01050000A0110F00000100000001020000800200000000000010706D5FC100000040E4F5524100000080E4D61F40000000B0656D5FC100000070DDF5524100000040EE112140
1293,STREET,CROSSING,piers.cga,Start,Pier,Major Edge,MAJOR,606.00000000,231022.00000000,6.00000000,0.00000000,1.00000000,0.00000000,3.50000000,605.00000000,0.00000000,t,01050000A0110F000001000000010200008002000000000000C0646C5FC1000000501AF5524100000000F87DF23F000000805F6C5FC1000000601BF5524100000000F87DF23F
1294,CROSSING,STREET,roads.cga,Start,DivisionStreet,Major Edge,MAJOR,338.00000000,135581.00000000,12.00000000,0.00000000,1.00000000,0.00000000,3.50000000,337.00000000,0.00000000,t,01050000A0110F00000100000001020000800200000000000050066C5FC1000000F0C9F55241000000C0D943294000000060FA6B5FC100000020CBF55241000000C0D9432940
1295,STREET,STREET,roads.cga,Start,BarclayStreet,Major Edge,MAJOR,509.00000000,-258260.00000000,14.00000000,0.00000000,1.00000000,0.00000000,3.50000000,508.00000000,0.00000000,t,01050000A0110F00000100000001020000800200000000000090B16D5FC1000000C09DF5524100000000A08E174000000090BB6D5FC1000000A0A3F552410000000014851440
1296,CROSSING,STREET,roads.cga,Start,CedarStreet,Major Edge,MAJOR,126.00000000,231022.00000000,12.00000000,0.00000000,1.00000000,0.00000000,3.50000000,125.00000000,0.00000000,t,01050000A0110F00000100000001020000800200000000000040C06D5FC10000006003F55241000000005F7B244000000040B76D5FC100000080FBF4524100000000E28F2440
1297,STREET,STREET,roads.cga,Start,CedarStreet,Major Edge,MAJOR,1.00000000,231022.00000000,12.00000000,0.00000000,1.00000000,0.00000000,3.50000000,0.00000000,0.00000000,t,01050000A0110F00000100000001020000800200000000000060946D5FC1000000D0DCF4524100000000D56D1F40000000608B6D5FC1000000D0D4F4524100000080D85D1D40
1298,STREET,CROSSING,roads.cga,Start,Orange Street,Major Edge,MAJOR,18.00000000,135581.00000000,10.00000000,0.00000000,1.00000000,0.00000000,3.50000000,17.00000000,0.00000000,t,01050000A0110F00000100000001020000800200000000000020006D5FC10000001094F55241000000C0DFBC254000000000FB6C5FC10000001089F55241000000C03E162540
1299,CROSSING,CROSSING,Landscape_Design_Greenspace/Greenspace Construction.cga,GreenSpace,greenspace,Major Edge,MAJOR,313.00000000,515711.00000000,14.00000000,0.00000000,1.00000000,0.00000000,3.50000000,312.00000000,0.00000000,t,01050000A0110F00000100000001020000800200000000000090426D5FC1000000B08DF55241000000C0D943294000000050586D5FC1000000B07EF55241000000C0DDE92640
1300,DEAD_END,STREET,piers.cga,Start,Pier,Major Edge,MAJOR,606.00000000,231022.00000000,6.00000000,0.00000000,1.00000000,0.00000000,3.50000000,605.00000000,0.00000000,t,01050000A0110F000001000000010200008002000000000000002D6C5FC1000000F025F5524100000000F87DF23F00000060376C5FC1000000E023F5524100000000F87DF23F
1301,STREET,STREET,roads.cga,Start,WaterStreet,Major Edge,MAJOR,411.00000000,231022.00000000,16.00000000,0.00000000,1.00000000,0.00000000,3.50000000,410.00000000,0.00000000,t,01050000A0110F000001000000010200008002000000000000B0296D5FC100000030B1F45241000000000868F73F00000040226D5FC100000010B8F45241000000000868F73F
1302,CROSSING,CROSSING,roads.cga,Start,LibertyStreet,Major Edge,MAJOR,498.00000000,231022.00000000,18.00000000,0.00000000,1.00000000,0.00000000,3.50000000,497.00000000,0.00000000,t,01050000A0110F00000100000001020000800200000000000020646D5FC100000020CBF4524100000000E8CF094000000020616D5FC100000010C8F4524100000000E8CF0940
1303,CROSSING,STREET,roads.cga,Start,James Street,Major Edge,MAJOR,211.00000000,417195.00000000,14.00000000,0.00000000,1.00000000,0.00000000,3.50000000,210.00000000,0.00000000,t,01050000A0110F000001000000010200008002000000000000A0636C5FC10000007044F552410000000070130740000000E0606C5FC10000003038F5524100000000F41B0540
1304,CROSSING,CROSSING,Landscape_Design_Greenspace/Greenspace Construction.cga,GreenSpace,greenspace,Major Edge,MAJOR,313.00000000,515711.00000000,14.00000000,0.00000000,1.00000000,0.00000000,3.50000000,312.00000000,0.00000000,t,01050000A0110F000001000000010200008002000000000000C02D6D5FC1000000E09EF55241000000C0D9432940000000D01B6D5FC10000002093F55241000000C0DB162840
1305,STREET,STREET,roads.cga,Start,HesterStreet,Major Edge,MAJOR,670.00000000,135581.00000000,12.00000000,0.00000000,1.00000000,0.00000000,3.50000000,669.00000000,0.00000000,t,01050000A0110F00000100000001020000800200000000000070676B5FC100000050F4F5524100000080E3622340000000905F6B5FC1000000F0F0F5524100000080E3622340
1306,CROSSING,CROSSING,roads.cga,Start,BoweryStreet,Major Edge,MAJOR,340.00000000,135581.00000000,26.00000000,0.00000000,1.00000000,0.00000000,3.50000000,339.00000000,0.00000000,t,01050000A0110F000001000000010200008002000000000000208F6C5FC100000020A6F5524100000000E1A91840000000E0836C5FC1000000A0A8F5524100000000DC031B40
1307,STREET,STREET,piers.cga,Start,Pier,Major Edge,MAJOR,606.00000000,231022.00000000,6.00000000,0.00000000,1.00000000,0.00000000,3.50000000,605.00000000,0.00000000,t,01050000A0110F00000100000001020000800200000000000050146D5FC100000030B3F4524100000000F87DF23F00000010106D5FC100000050AEF4524100000000F87DF23F
1308,STREET,CROSSING,roads.cga,Start,GravelStreet,Major Edge,MAJOR,606.00000000,231022.00000000,6.00000000,0.00000000,1.00000000,0.00000000,3.50000000,605.00000000,0.00000000,t,01050000A0110F00000100000001020000800200000000000070D36C5FC1000000A0E0F4524100000000D8BCFF3F00000010D06C5FC100000030DBF4524100000000F87DF23F
1309,STREET,CROSSING,roads.cga,Start,WaterStreet,Major Edge,MAJOR,136.00000000,231022.00000000,16.00000000,0.00000000,1.00000000,0.00000000,3.50000000,135.00000000,0.00000000,t,01050000A0110F000001000000010200008002000000000000500B6D5FC100000000CBF4524100000000FC670040000000D0036D5FC100000060D1F4524100000000FC670040
1310,CROSSING,STREET,roads.cga,Start,DivisionStreet,Major Edge,MAJOR,657.00000000,135581.00000000,12.00000000,0.00000000,1.00000000,0.00000000,3.50000000,656.00000000,0.00000000,t,01050000A0110F000001000000010200008002000000000000F04B6C5FC100000000C2F55241000000C0DFBC2540000000C03F6C5FC1000000B0C3F55241000000C0DDE92640
1311,CROSSING,CROSSING,roads.cga,Start,GravelStreet,Major Edge,MAJOR,353.00000000,231022.00000000,6.00000000,0.00000000,1.00000000,0.00000000,3.50000000,352.00000000,0.00000000,t,01050000A0110F000001000000010200008002000000000000407E6D5FC10000002062F4524100000000F41B054000000080786D5FC1000000805AF4524100000000FC670040
1312,STREET,CROSSING,piers.cga,Start,Pier,Major Edge,MAJOR,606.00000000,231022.00000000,6.00000000,0.00000000,1.00000000,0.00000000,3.50000000,605.00000000,0.00000000,t,01050000A0110F000001000000010200008002000000000000801C6E5FC100000040DBF4524100000000F87DF23F00000050176E5FC100000030E9F4524100000000F87DF23F
1313,STREET,STREET,roads.cga,Start,HesterStreet,Major Edge,MAJOR,670.00000000,135581.00000000,12.00000000,0.00000000,1.00000000,0.00000000,3.50000000,669.00000000,0.00000000,t,01050000A0110F000001000000010200008002000000000000F07D6B5FC1000000E0FDF5524100000000E28F2440000000206F6B5FC100000090F7F5524100000080E3622340
1314,STREET,CROSSING,roads.cga,Start,James Street,Major Edge,MAJOR,211.00000000,417195.00000000,14.00000000,0.00000000,1.00000000,0.00000000,3.50000000,210.00000000,0.00000000,t,01050000A0110F000001000000010200008002000000000000E0606C5FC10000003038F5524100000000F41B0540000000605E6C5FC1000000F02CF5524100000000F87DF23F
1315,STREET,CROSSING,roads.cga,Start,HesterStreet,Major Edge,MAJOR,178.00000000,135581.00000000,12.00000000,0.00000000,1.00000000,0.00000000,3.50000000,177.00000000,0.00000000,t,01050000A0110F000001000000010200008002000000000000B0D76B5FC10000000022F65241000000C0DB162840000000F0CA6B5FC1000000001DF65241000000C0DB162840
1316,CROSSING,STREET,roads.cga,Start,BarclayStreet,Major Edge,MAJOR,509.00000000,-258260.00000000,14.00000000,0.00000000,1.00000000,0.00000000,3.50000000,508.00000000,0.00000000,t,01050000A0110F000001000000010200008002000000000000C09F6D5FC10000006093F552410000008046441E4000000070A86D5FC10000007098F5524100000000DC031B40
1317,CROSSING,STREET,roads.cga,Start,William Street,Major Edge,MAJOR,442.00000000,319784.00000000,14.00000000,0.00000000,1.00000000,0.00000000,3.50000000,441.00000000,0.00000000,t,01050000A0110F00000100000001020000800200000000000020206D5FC10000000053F5524100000080BBE21C4000000040196D5FC1000000205EF552410000008063631E40
1318,CROSSING,STREET,roads.cga,Start,BoweryStreet,Major Edge,MAJOR,78.00000000,135581.00000000,28.00000000,0.00000000,1.00000000,0.00000000,3.50000000,77.00000000,0.00000000,t,01050000A0110F00000100000001020000800200000000000060136C5FC1000000803AF6524100000040EF732740000000900F6C5FC1000000D043F65241000000C01E342640
1319,CROSSING,STREET,roads.cga,Start,CanalStreet,Major Edge,MAJOR,34.00000000,135581.00000000,16.00000000,0.00000000,1.00000000,0.00000000,3.50000000,33.00000000,0.00000000,t,01050000A0110F00000100000001020000800200000000000090086C5FC10000009006F652410000002038643040000000C0FD6B5FC10000000002F6524100000080E5262F40
1320,STREET,CROSSING,roads.cga,Start,John Street,Major Edge,MAJOR,434.00000000,-258260.00000000,18.00000000,0.00000000,1.00000000,0.00000000,3.50000000,433.00000000,0.00000000,t,01050000A0110F00000100000001020000800200000000000020656D5FC10000006007F5524100000080E7082140000000305D6D5FC10000003000F552410000000001C81D40
1321,STREET,CROSSING,roads.cga,Start,Beekman Street,Major Edge,MAJOR,374.00000000,487402.00000000,12.00000000,0.00000000,1.00000000,0.00000000,3.50000000,373.00000000,0.00000000,t,01050000A0110F00000100000001020000800200000000000060FA6C5FC1000000B0F6F4524100000000E8F5134000000050016D5FC1000000B000F5524100000000E44F1640
1322,STREET,CROSSING,roads.cga,Start,Batavia Lane,Major Edge,MAJOR,239.00000000,417195.00000000,12.00000000,0.00000000,1.00000000,0.00000000,3.50000000,238.00000000,0.00000000,t,01050000A0110F000001000000010200008002000000000000A0576C5FC10000009046F5524100000000F41B0540000000F04A6C5FC1000000E048F5524100000000F41B0540
1323,CROSSING,STREET,roads.cga,Start,RoseveltStreet,Major Edge,MAJOR,3.00000000,487402.00000000,14.00000000,0.00000000,1.00000000,0.00000000,3.50000000,2.00000000,0.00000000,t,01050000A0110F000001000000010200008002000000000000C0856C5FC10000000052F5524100000000EC9B1140000000C0866C5FC10000007058F5524100000000EC9B1140
1324,CROSSING,STREET,roads.cga,Start,ForsythStreet,Major Edge,MAJOR,376.00000000,135581.00000000,14.00000000,0.00000000,1.00000000,0.00000000,3.50000000,375.00000000,0.00000000,t,01050000A0110F00000100000001020000800200000000000020F36B5FC100000080FDF55241000000804D3E2B4000000090F76B5FC1000000A0F1F552410000004060B62B40
1325,STREET,STREET,roads.cga,Start,Ann Street,Major Edge,MAJOR,347.00000000,-258260.00000000,14.00000000,0.00000000,1.00000000,0.00000000,3.50000000,346.00000000,0.00000000,t,01050000A0110F000001000000010200008002000000000000304D6D5FC1000000F036F5524100000080E3622340000000D0566D5FC1000000B03DF5524100000000E28F2440
1326,CROSSING,STREET,roads.cga,Start,John Street,Major Edge,MAJOR,312.00000000,-258260.00000000,16.00000000,0.00000000,1.00000000,0.00000000,3.50000000,311.00000000,0.00000000,t,01050000A0110F000001000000010200008002000000000000909D6D5FC10000005039F5524100000080E362234000000020956D5FC10000005032F5524100000080E3622340
1327,STREET,STREET,roads.cga,Start,ChambersStreet,Major Edge,MAJOR,528.00000000,-258260.00000000,14.00000000,0.00000000,1.00000000,0.00000000,3.50000000,527.00000000,0.00000000,t,01050000A0110F000001000000010200008002000000000000B0AC6D5FC1000000A008F65241000000007CE91140000000F09E6D5FC10000009000F6524100000000E44F1640
1328,CROSSING,STREET,roads.cga,Start,CanalStreet,Major Edge,MAJOR,34.00000000,135581.00000000,16.00000000,0.00000000,1.00000000,0.00000000,3.50000000,33.00000000,0.00000000,t,01050000A0110F00000100000001020000800200000000000020F36B5FC100000080FDF55241000000804D3E2B4000000040E76B5FC1000000C0F8F55241000000C0D9432940
1329,CROSSING,CROSSING,roads.cga,Start,gravel,Major Edge,MAJOR,645.00000000,417195.00000000,12.00000000,0.00000000,1.00000000,0.00000000,3.50000000,644.00000000,0.00000000,t,01050000A0110F000001000000010200008002000000000000D0206E5FC10000000075F4524100000000EC9B1140000000D0256E5FC10000006066F4524100000000EC9B1140
1330,STREET,STREET,piers.cga,Start,Pier,Major Edge,MAJOR,606.00000000,231022.00000000,6.00000000,0.00000000,1.00000000,0.00000000,3.50000000,605.00000000,0.00000000,t,01050000A0110F000001000000010200008002000000000000D0166E5FC10000000005F4524100000000F87DF23F000000B01A6E5FC1000000A00AF4524100000000F87DF23F
1331,CROSSING,CROSSING,roads.cga,Start,Gold Street,Major Edge,MAJOR,233.00000000,-258260.00000000,12.00000000,0.00000000,1.00000000,0.00000000,3.50000000,232.00000000,0.00000000,t,01050000A0110F00000100000001020000800200000000000070216D5FC10000009019F552410000000058C2184000000030196D5FC1000000E022F5524100000000E44F1640
1332,CROSSING,STREET,roads.cga,Start,PearlStreet,Major Edge,MAJOR,532.00000000,-365802.00000000,16.00000000,0.00000000,1.00000000,0.00000000,3.50000000,531.00000000,0.00000000,t,01050000A0110F000001000000010200008002000000000000002C6D5FC1000000D0CEF4524100000000FC670040000000801C6D5FC100000060D6F4524100000000BA680240
1333,CROSSING,STREET,roads.cga,Start,Alley,Major Edge,MAJOR,645.00000000,417195.00000000,10.00000000,0.00000000,1.00000000,0.00000000,3.50000000,644.00000000,0.00000000,t,01050000A0110F00000100000001020000800200000000000050D96D5FC10000000007F5524100000080A6C4204000000030D76D5FC1000000400BF5524100000000AD392040
1334,CROSSING,STREET,roads.cga,Start,HesterStreet,Major Edge,MAJOR,134.00000000,135581.00000000,12.00000000,0.00000000,1.00000000,0.00000000,3.50000000,133.00000000,0.00000000,t,01050000A0110F00000100000001020000800200000000000060136C5FC1000000803AF6524100000040EF732740000000B0056C5FC1000000A034F65241000000C0DDE92640
1335,STREET,STREET,piers.cga,Start,Pier,Major Edge,MAJOR,606.00000000,231022.00000000,6.00000000,0.00000000,1.00000000,0.00000000,3.50000000,605.00000000,0.00000000,t,01050000A0110F000001000000010200008002000000000000F03B6E5FC1000000907EF4524100000000F87DF23F00000070386E5FC1000000208AF4524100000000F87DF23F
1336,STREET,CROSSING,piers.cga,Start,Pier,Major Edge,MAJOR,606.00000000,231022.00000000,6.00000000,0.00000000,1.00000000,0.00000000,3.50000000,605.00000000,0.00000000,t,01050000A0110F000001000000010200008002000000000000E0116D5FC100000060A7F4524100000000F87DF23F00000040156D5FC100000040A4F4524100000000F87DF23F
1337,STREET,STREET,roads.cga,Start,CortlandStreet,Major Edge,MAJOR,163.00000000,-258260.00000000,16.00000000,0.00000000,1.00000000,0.00000000,3.50000000,162.00000000,0.00000000,t,01050000A0110F000001000000010200008002000000000000C0BA6D5FC10000007032F552410000008043362140000000A0C36D5FC10000005037F5524100000000D3B71F40
1338,CROSSING,STREET,roads.cga,Start,MulberryStreet,Major Edge,MAJOR,326.00000000,135581.00000000,14.00000000,0.00000000,1.00000000,0.00000000,3.50000000,325.00000000,0.00000000,t,01050000A0110F000001000000010200008002000000000000F06A6C5FC10000000034F65241000000C0801E224000000030666C5FC1000000D03DF6524100000080E5352240
1339,STREET,CROSSING,roads.cga,Start,WaterStreet,Major Edge,MAJOR,142.00000000,487402.00000000,6.00000000,0.00000000,1.00000000,0.00000000,3.50000000,141.00000000,0.00000000,t,01050000A0110F00000100000001020000800200000000000070DF6C5FC100000030E0F4524100000000521A044000000070E66C5FC100000060DBF4524100000000F41B0540
1340,CROSSING,CROSSING,roads.cga,Start,Gold Street,Major Edge,MAJOR,544.00000000,-258260.00000000,12.00000000,0.00000000,1.00000000,0.00000000,3.50000000,543.00000000,0.00000000,t,01050000A0110F000001000000010200008002000000000000202C6D5FC1000000C00DF5524100000000DC031B4000000070216D5FC10000009019F552410000000058C21840
1341,CROSSING,STREET,roads.cga,Start,PearlStreet,Major Edge,MAJOR,196.00000000,417195.00000000,16.00000000,0.00000000,1.00000000,0.00000000,3.50000000,195.00000000,0.00000000,t,01050000A0110F000001000000010200008002000000000000C0AA6C5FC10000004073F5524100000000E1A91840000000B0AA6C5FC10000005079F5524100000000E1A91840
1342,CROSSING,CROSSING,roads.cga,Start,GravelStreet,Major Edge,MAJOR,606.00000000,231022.00000000,6.00000000,0.00000000,1.00000000,0.00000000,3.50000000,605.00000000,0.00000000,t,01050000A0110F00000100000001020000800200000000000010BF6C5FC1000000B0F6F4524100000000CCA6004000000060BC6C5FC1000000A0F3F4524100000000F87DF23F
1343,STREET,STREET,roads.cga,Start,HesterStreet,Major Edge,MAJOR,670.00000000,135581.00000000,12.00000000,0.00000000,1.00000000,0.00000000,3.50000000,669.00000000,0.00000000,t,01050000A0110F000001000000010200008002000000000000206F6B5FC100000090F7F5524100000080E362234000000070676B5FC100000050F4F5524100000080E3622340
1344,STREET,CROSSING,roads.cga,Start,Frankfort Street,Major Edge,MAJOR,399.00000000,487402.00000000,16.00000000,0.00000000,1.00000000,0.00000000,3.50000000,398.00000000,0.00000000,t,01050000A0110F00000100000001020000800200000000000040EE6C5FC1000000804AF5524100000000E0830E4000000000F36C5FC1000000C04EF5524100000000E2920E40
1345,STREET,CROSSING,piers.cga,Start,Pier,Major Edge,MAJOR,606.00000000,231022.00000000,6.00000000,0.00000000,1.00000000,0.00000000,3.50000000,605.00000000,0.00000000,t,01050000A0110F00000100000001020000800200000000000090636D5FC1000000F05AF4524100000000F87DF23F000000F05B6D5FC10000002062F4524100000000F87DF23F
1346,CROSSING,CROSSING,roads.cga,Start,WaterStreet,Major Edge,MAJOR,675.00000000,231022.00000000,16.00000000,0.00000000,1.00000000,0.00000000,3.50000000,674.00000000,0.00000000,t,01050000A0110F00000100000001020000800200000000000050A46D5FC10000004042F4524100000000FC670040000000B09C6D5FC10000005048F4524100000000FC670040
1347,CROSSING,STREET,roads.cga,Start,ReadeStreet,Major Edge,MAJOR,292.00000000,-258260.00000000,14.00000000,0.00000000,1.00000000,0.00000000,3.50000000,291.00000000,0.00000000,t,01050000A0110F000001000000010200008002000000000000D0646D5FC1000000F0F6F5524100000080D85D1D40000000D04D6D5FC100000040E9F5524100000080E5352240
1348,STREET,STREET,roads.cga,Start,Beekman Street,Major Edge,MAJOR,689.00000000,487402.00000000,12.00000000,0.00000000,1.00000000,0.00000000,3.50000000,688.00000000,0.00000000,t,01050000A0110F000001000000010200008002000000000000700D6D5FC10000001012F5524100000000E1A9184000000040136D5FC1000000601AF552410000000063851640
1349,CROSSING,STREET,piers.cga,Start,Pier,Major Edge,MAJOR,606.00000000,231022.00000000,6.00000000,0.00000000,1.00000000,0.00000000,3.50000000,605.00000000,0.00000000,t,01050000A0110F00000100000001020000800200000000000070AD6D5FC1000000A021F4524100000000F87DF23F00000030AA6D5FC10000008013F4524100000000F87DF23F
1350,STREET,STREET,piers.cga,Start,Pier,Major Edge,MAJOR,606.00000000,231022.00000000,6.00000000,0.00000000,1.00000000,0.00000000,3.50000000,605.00000000,0.00000000,t,01050000A0110F00000100000001020000800200000000000040256E5FC1000000B0C3F4524100000000F87DF23F000000E0216E5FC1000000C0CCF4524100000000F87DF23F
1351,CROSSING,CROSSING,roads.cga,Start,GravelStreet,Major Edge,MAJOR,353.00000000,231022.00000000,6.00000000,0.00000000,1.00000000,0.00000000,3.50000000,352.00000000,0.00000000,t,01050000A0110F00000100000001020000800200000000000080786D5FC1000000805AF4524100000000FC67004000000070736D5FC1000000E053F4524100000000FC670040
1352,STREET,CROSSING,roads.cga,Start,John Street,Major Edge,MAJOR,160.00000000,231022.00000000,34.00000000,0.00000000,1.00000000,0.00000000,3.50000000,159.00000000,0.00000000,t,01050000A0110F000001000000010200008002000000000000D0236D5FC100000020C4F4524100000000FC670040000000C01D6D5FC1000000D0BBF45241000000000868F73F
1353,STREET,CROSSING,piers.cga,Start,Pier,Major Edge,MAJOR,606.00000000,231022.00000000,6.00000000,0.00000000,1.00000000,0.00000000,3.50000000,605.00000000,0.00000000,t,01050000A0110F000001000000010200008002000000000000F0A56C5FC10000001006F5524100000000F87DF23F00000070AC6C5FC10000002002F5524100000000F87DF23F
1354,STREET,STREET,roads.cga,Start,King George Street,Major Edge,MAJOR,576.00000000,135581.00000000,10.00000000,0.00000000,1.00000000,0.00000000,3.50000000,575.00000000,0.00000000,t,01050000A0110F000001000000010200008002000000000000D0C16C5FC10000002084F5524100000000CAE01E40000000A0CF6C5FC1000000607FF5524100000080E5352240
1355,CROSSING,STREET,roads.cga,Start,WaterStreet,Major Edge,MAJOR,665.00000000,231022.00000000,16.00000000,0.00000000,1.00000000,0.00000000,3.50000000,664.00000000,0.00000000,t,01050000A0110F00000100000001020000800200000000000040F96D5FC1000000C01EF4524100000000FC670040000000A0F16D5FC10000005021F4524100000000FC670040
1356,CROSSING,STREET,roads.cga,Start,Broadway,Major Edge,MAJOR,260.00000000,-258260.00000000,24.00000000,0.00000000,1.00000000,0.00000000,3.50000000,259.00000000,-2.00000000,t,01050000A0110F000001000000010200008002000000000000F05B6D5FC1000000109FF55241000000C0DDE9264000000070626D5FC1000000E094F552410000004039602640
1357,CROSSING,STREET,roads.cga,Start,RoseveltStreet,Major Edge,MAJOR,379.00000000,487402.00000000,14.00000000,0.00000000,1.00000000,0.00000000,3.50000000,378.00000000,0.00000000,t,01050000A0110F00000100000001020000800200000000000010836C5FC1000000803FF5524100000000E0830E4000000050846C5FC10000000048F5524100000000EA0A1040
1358,STREET,STREET,roads.cga,Start,PearlStreet,Major Edge,MAJOR,196.00000000,417195.00000000,16.00000000,0.00000000,1.00000000,0.00000000,3.50000000,195.00000000,0.00000000,t,01050000A0110F000001000000010200008002000000000000A0AA6C5FC1000000A07FF5524100000000E1A91840000000A0AA6C5FC10000004085F5524100000000E1A91840
1359,CROSSING,STREET,roads.cga,Start,William Street,Major Edge,MAJOR,79.00000000,231022.00000000,14.00000000,0.00000000,1.00000000,0.00000000,3.50000000,78.00000000,0.00000000,t,01050000A0110F000001000000010200008002000000000000A09A6D5FC100000000ABF452410000008059E11D4000000000946D5FC100000010B5F452410000008096692040
1360,STREET,CROSSING,roads.cga,Start,MulberryStreet,Major Edge,MAJOR,326.00000000,135581.00000000,14.00000000,0.00000000,1.00000000,0.00000000,3.50000000,325.00000000,0.00000000,t,01050000A0110F000001000000010200008002000000000000205D6C5FC1000000C050F652410000004060D82240000000A0586C5FC1000000105AF6524100000080E5352240
1361,CROSSING,CROSSING,roads.cga,Start,Broadway,Major Edge,MAJOR,260.00000000,-258260.00000000,28.00000000,0.00000000,1.00000000,0.00000000,3.50000000,259.00000000,0.00000000,t,01050000A0110F00000100000001020000800200000000000000886D5FC1000000C059F5524100000000E28F2440000000508E6D5FC1000000F04FF5524100000000E28F2440
1362,STREET,CROSSING,roads.cga,Start,William Street,Major Edge,MAJOR,641.00000000,487402.00000000,14.00000000,0.00000000,1.00000000,0.00000000,3.50000000,640.00000000,0.00000000,t,01050000A0110F000001000000010200008002000000000000C0356D5FC1000000F033F55241000000C0A8CF2040000000702E6D5FC1000000C03DF5524100000000D3B71F40
1363,STREET,STREET,roads.cga,Start,das,Major Edge,MAJOR,18.00000000,135581.00000000,14.00000000,0.00000000,1.00000000,0.00000000,3.50000000,17.00000000,0.00000000,t,01050000A0110F00000100000001020000800200000000000000C66C5FC1000000D0C3F5524100000000E44F164000000050CB6C5FC100000070CBF5524100000000774D1640
1364,CROSSING,CROSSING,roads.cga,Start,George Street,Major Edge,MAJOR,162.00000000,135581.00000000,12.00000000,0.00000000,1.00000000,0.00000000,3.50000000,161.00000000,0.00000000,t,01050000A0110F00000100000001020000800200000000000090356D5FC1000000406DF55241000000C0DDE92640000000503B6D5FC10000008075F55241000000C0DB162840
1365,CROSSING,CROSSING,Landscape_Design_Greenspace/Greenspace Construction.cga,GreenSpace,greenspace,Major Edge,MAJOR,313.00000000,515711.00000000,14.00000000,0.00000000,1.00000000,0.00000000,3.50000000,312.00000000,0.00000000,t,01050000A0110F000001000000010200008002000000000000C0326D5FC1000000E0BCF55241000000C0DFBC2540000000403E6D5FC1000000A0A9F55241000000C0D9432940
1366,STREET,CROSSING,roads.cga,Start,MulberryStreet,Major Edge,MAJOR,158.00000000,135581.00000000,14.00000000,0.00000000,1.00000000,0.00000000,3.50000000,157.00000000,0.00000000,t,01050000A0110F00000100000001020000800200000000000060866C5FC1000000D0C9F5524100000000FEE61A4000000010876C5FC1000000E0D2F5524100000000E1A91840
1367,CROSSING,CROSSING,roads.cga,Start,BoweryStreet,Major Edge,MAJOR,340.00000000,135581.00000000,26.00000000,0.00000000,1.00000000,0.00000000,3.50000000,339.00000000,0.00000000,t,01050000A0110F00000100000001020000800200000000000030476D5FC10000007071F55241000000C039682740000000503B6D5FC10000008075F55241000000C0DB162840
1368,STREET,CROSSING,roads.cga,Start,Alley,Major Edge,MAJOR,645.00000000,417195.00000000,12.00000000,0.00000000,1.00000000,0.00000000,3.50000000,644.00000000,0.00000000,t,01050000A0110F000001000000010200008002000000000000D01D6E5FC1000000607BF452410000000054CD1340000000D0206E5FC10000000075F4524100000000EC9B1140
1369,CROSSING,STREET,piers.cga,Start,Pier,Major Edge,MAJOR,606.00000000,231022.00000000,6.00000000,0.00000000,1.00000000,0.00000000,3.50000000,605.00000000,0.00000000,t,01050000A0110F000001000000010200008002000000000000F00D6E5FC1000000D018F5524100000000F87DF23F00000050146E5FC1000000B01CF5524100000000F87DF23F
1370,STREET,STREET,roads.cga,Start,BoweryStreet,Major Edge,MAJOR,340.00000000,135581.00000000,26.00000000,0.00000000,1.00000000,0.00000000,3.50000000,339.00000000,0.00000000,t,01050000A0110F00000100000001020000800200000000000070D16C5FC1000000B093F5524100000000795D1F4000000020C56C5FC10000002097F5524100000000F2551B40
1371,CROSSING,CROSSING,roads.cga,Start,GravelStreet,Major Edge,MAJOR,64.00000000,231022.00000000,8.00000000,0.00000000,1.00000000,0.00000000,3.50000000,63.00000000,0.00000000,t,01050000A0110F00000100000001020000800200000000000010176E5FC1000000802EF4524100000000F41B054000000010116E5FC1000000201AF4524100000000FC670040
1372,CROSSING,STREET,piers.cga,Start,Orange Street,Major Edge,MAJOR,18.00000000,135581.00000000,6.00000000,0.00000000,1.00000000,0.00000000,3.50000000,17.00000000,0.00000000,t,01050000A0110F00000100000001020000800200000000000060D06D5FC10000001021F4524100000000F87DF23F000000D0C06D5FC10000008025F4524100000000F87DF23F
1373,CROSSING,CROSSING,roads.cga,Start,Moore Street,Major Edge,MAJOR,202.00000000,231022.00000000,8.00000000,0.00000000,1.00000000,0.00000000,3.50000000,201.00000000,0.00000000,t,01050000A0110F000001000000010200008002000000000000E0E96D5FC10000000024F4524100000000FC67004000000050F06D5FC1000000F035F45241000000006AE80040
1374,CROSSING,STREET,roads.cga,Start,ElizabethStreet,Major Edge,MAJOR,521.00000000,135581.00000000,14.00000000,0.00000000,1.00000000,0.00000000,3.50000000,520.00000000,0.00000000,t,01050000A0110F000001000000010200008002000000000000302C6C5FC10000008045F65241000000C0DDE92640000000A0276C5FC1000000D04FF65241000000C0DFBC2540
1375,CROSSING,CROSSING,Landscape_Design_Greenspace/Greenspace Construction.cga,GreenSpace,greenspace,Major Edge,MAJOR,38.00000000,-258260.00000000,12.00000000,0.00000000,1.00000000,0.00000000,3.50000000,37.00000000,0.00000000,t,01050000A0110F00000100000001020000800200000000000090606D5FC1000000A085F55241000000C0DDE9264000000050586D5FC1000000B07EF55241000000C0DDE92640
1376,STREET,STREET,roads.cga,Start,New Street,Major Edge,MAJOR,166.00000000,564470.00000000,14.00000000,0.00000000,1.00000000,0.00000000,3.50000000,165.00000000,0.00000000,t,01050000A0110F00000100000001020000800200000000000070E76D5FC10000007094F4524100000000B4771340000000F0E16D5FC100000040A3F45241000000006CBF1540
1377,STREET,STREET,roads.cga,Start,PearlStreet,Major Edge,MAJOR,532.00000000,-365802.00000000,16.00000000,0.00000000,1.00000000,0.00000000,3.50000000,531.00000000,0.00000000,t,01050000A0110F0000010000000102000080020000000000F0027C6D5FC10000A0AE7BF4524100000000E0830E40000080377E6D5FC10000E0E779F4524100000000E6A51040
1378,CROSSING,CROSSING,Landscape_Design_Greenspace/Greenspace Construction.cga,GreenSpace,greenspace,Major Edge,MAJOR,313.00000000,515711.00000000,14.00000000,0.00000000,1.00000000,0.00000000,3.50000000,312.00000000,0.00000000,t,01050000A0110F00000100000001020000800200000000000050586D5FC1000000B07EF55241000000C0DDE92640000000106B6D5FC1000000B070F55241000000C0DFBC2540
1379,STREET,CROSSING,roads.cga,Start,BroadStreet,Major Edge,MAJOR,484.00000000,231022.00000000,24.00000000,0.00000000,1.00000000,0.00000000,3.50000000,483.00000000,0.00000000,t,01050000A0110F00000100000001020000800200000000000080D46D5FC10000001065F4524100000000F41B0540000000B0D46D5FC1000000A05BF45241000000001AAE0040
1380,CROSSING,CROSSING,roads.cga,Start,BoweryStreet,Major Edge,MAJOR,340.00000000,135581.00000000,26.00000000,0.00000000,1.00000000,0.00000000,3.50000000,339.00000000,0.00000000,t,01050000A0110F000001000000010200008002000000000000E0606D5FC10000005068F55241000000C0FEC3254000000060546D5FC1000000E06CF55241000000C0DDE92640
1381,STREET,CROSSING,roads.cga,Start,LumberStreet,Major Edge,MAJOR,161.00000000,-258260.00000000,18.00000000,0.00000000,1.00000000,0.00000000,3.50000000,160.00000000,0.00000000,t,01050000A0110F000001000000010200008002000000000000B0B06D5FC1000000A071F5524100000000CE811F40000000C0AC6D5FC1000000C07BF552410000000067041E40
1382,CROSSING,STREET,roads.cga,Start,ReadeStreet,Major Edge,MAJOR,632.00000000,-258260.00000000,14.00000000,0.00000000,1.00000000,0.00000000,3.50000000,631.00000000,0.00000000,t,01050000A0110F000001000000010200008002000000000000D0646D5FC1000000F0F6F5524100000080D85D1D40000000E06D6D5FC100000080FCF5524100000000DC031B40
1383,STREET,STREET,roads.cga,Start,HesterStreet,Major Edge,MAJOR,321.00000000,135581.00000000,12.00000000,0.00000000,1.00000000,0.00000000,3.50000000,320.00000000,0.00000000,t,01050000A0110F00000100000001020000800200000000000090206C5FC10000005040F65241000000C0DDE9264000000040266C5FC1000000E042F65241000000C0DDE92640
1384,CROSSING,CROSSING,roads.cga,Start,GravelStreet,Major Edge,MAJOR,163.00000000,-258260.00000000,6.00000000,0.00000000,1.00000000,0.00000000,3.50000000,162.00000000,0.00000000,t,01050000A0110F000001000000010200008002000000000000B0F26D5FC10000003051F5524100000000E0830E4000000080F86D5FC10000007054F5524100000000F87DF23F
1385,CROSSING,STREET,roads.cga,Start,ExchangePl,Major Edge,MAJOR,592.00000000,231022.00000000,12.00000000,0.00000000,1.00000000,0.00000000,3.50000000,591.00000000,0.00000000,t,01050000A0110F00000100000001020000800200000000000000DD6D5FC100000090B0F452410000000088A8184000000050D86D5FC1000000B0ADF4524100000000DA921440
1386,STREET,CROSSING,roads.cga,Start,Cliff Street,Major Edge,MAJOR,537.00000000,-258260.00000000,10.00000000,0.00000000,1.00000000,0.00000000,3.50000000,536.00000000,0.00000000,t,01050000A0110F000001000000010200008002000000000000400D6D5FC1000000C0FAF45241000000004184154000000050016D5FC1000000B000F5524100000000E44F1640
1387,STREET,CROSSING,roads.cga,Start,Frankfort Street,Major Edge,MAJOR,581.00000000,487402.00000000,16.00000000,0.00000000,1.00000000,0.00000000,3.50000000,580.00000000,0.00000000,t,01050000A0110F000001000000010200008002000000000000C0F86C5FC1000000B053F5524100000000EC9B1140000000F0FE6C5FC1000000F058F552410000000044D01440
1388,STREET,STREET,roads.cga,Start,BridgeStreet,Major Edge,MAJOR,64.00000000,231022.00000000,12.00000000,0.00000000,1.00000000,0.00000000,3.50000000,63.00000000,0.00000000,t,01050000A0110F00000100000001020000800200000000000030EC6D5FC1000000A043F4524100000000F41B054000000070E16D5FC10000009043F4524100000000FC670040
1389,CROSSING,CROSSING,piers.cga,Start,Pier,Major Edge,MAJOR,606.00000000,231022.00000000,6.00000000,0.00000000,1.00000000,0.00000000,3.50000000,605.00000000,0.00000000,t,01050000A0110F000001000000010200008002000000000000D06A6C5FC1000000D01BF5524100000000F87DF23F000000506A6C5FC10000003019F5524100000000F87DF23F
1390,CROSSING,STREET,roads.cga,Start,Prince Street,Major Edge,MAJOR,583.00000000,417195.00000000,12.00000000,0.00000000,1.00000000,0.00000000,3.50000000,582.00000000,0.00000000,t,01050000A0110F000001000000010200008002000000000000C0AA6C5FC10000004073F5524100000000E1A9184000000070B56C5FC10000008071F5524100000000DC031B40
1391,STREET,CROSSING,roads.cga,Start,gravel,Major Edge,MAJOR,282.00000000,247456.00000000,12.00000000,0.00000000,1.00000000,0.00000000,3.50000000,281.00000000,0.00000000,t,01050000A0110F00000100000001020000800200000000000040116E5FC10000000037F4524100000000E8CF0940000000D00E6E5FC1000000D02FF4524100000000F41B0540
1392,STREET,CROSSING,roads.cga,Start,FultonStreet,Major Edge,MAJOR,477.00000000,-258260.00000000,14.00000000,0.00000000,1.00000000,0.00000000,3.50000000,476.00000000,0.00000000,t,01050000A0110F000001000000010200008002000000000000E01B6D5FC1000000D0FAF4524100000000E44F164000000060186D5FC100000040F5F4524100000000E8F51340
1393,CROSSING,CROSSING,piers.cga,Start,Pier,Major Edge,MAJOR,606.00000000,231022.00000000,6.00000000,0.00000000,1.00000000,0.00000000,3.50000000,605.00000000,0.00000000,t,01050000A0110F00000100000001020000800200000000000000046E5FC1000000E03EF5524100000000F87DF23F00000060FD6D5FC1000000104BF5524100000000F87DF23F
1394,STREET,CROSSING,roads.cga,Start,gravel,Major Edge,MAJOR,282.00000000,247456.00000000,12.00000000,0.00000000,1.00000000,0.00000000,3.50000000,281.00000000,0.00000000,t,01050000A0110F000001000000010200008002000000000000A00C6E5FC1000000B027F4524100000000F41B054000000050096E5FC1000000A01BF4524100000000FC670040
1395,CROSSING,STREET,roads.cga,Start,Trinity PL / Lumber Street,Major Edge,MAJOR,133.00000000,231022.00000000,10.00000000,0.00000000,1.00000000,0.00000000,3.50000000,132.00000000,0.00000000,t,01050000A0110F00000100000001020000800200000000000020076E5FC100000000C7F4524100000000AE221840000000A00B6E5FC1000000C0BDF4524100000000641B1640
1396,STREET,STREET,roads.cga,Start,Orange Street,Major Edge,MAJOR,18.00000000,135581.00000000,10.00000000,0.00000000,1.00000000,0.00000000,3.50000000,17.00000000,0.00000000,t,01050000A0110F000001000000010200008002000000000000A0346D5FC1000000E0F8F45241000000005A2018400000483C2D6D5FC1000020D3FFF4524100000000222C1940
1397,STREET,CROSSING,roads.cga,Start,Broadway,Major Edge,MAJOR,260.00000000,-258260.00000000,14.00000000,0.00000000,1.00000000,0.00000000,3.50000000,259.00000000,0.00000000,t,01050000A0110F00000100000001020000800200000000000090FE6D5FC1000000C03AF45241000000008007064000000010FD6D5FC1000000B032F4524100000000F41B0540
1398,CROSSING,CROSSING,piers.cga,Start,Pier,Major Edge,MAJOR,606.00000000,231022.00000000,6.00000000,0.00000000,1.00000000,0.00000000,3.50000000,605.00000000,0.00000000,t,01050000A0110F00000100000001020000800200000000000090E76D5FC1000000901AF4524100000000F87DF23F00000020E66D5FC10000005014F4524100000000F87DF23F
1399,CROSSING,STREET,roads.cga,Start,Alley,Major Edge,MAJOR,645.00000000,417195.00000000,10.00000000,0.00000000,1.00000000,0.00000000,3.50000000,644.00000000,0.00000000,t,01050000A0110F00000100000001020000800200000000000040A16C5FC1000000600DF5524100000000E0830E40000000D0A46C5FC1000000A015F55241000000002A561240
1400,STREET,STREET,roads.cga,Start,New Street,Major Edge,MAJOR,427.00000000,231022.00000000,14.00000000,0.00000000,1.00000000,0.00000000,3.50000000,426.00000000,0.00000000,t,01050000A0110F00000100000001020000800200000000000040D46D5FC100000000C2F4524100000080EF491D40000000D0D06D5FC1000000D0C8F45241000000801DB32040
1401,STREET,STREET,piers.cga,Start,Pier,Major Edge,MAJOR,606.00000000,231022.00000000,6.00000000,0.00000000,1.00000000,0.00000000,3.50000000,605.00000000,0.00000000,t,01050000A0110F00000100000001020000800200000000000050FC6D5FC1000000A013F4524100000000F87DF23F00000010006E5FC1000000A006F4524100000000F87DF23F
1402,STREET,CROSSING,roads.cga,Start,GreenwichStreet,Major Edge,MAJOR,93.00000000,515711.00000000,18.00000000,0.00000000,1.00000000,0.00000000,3.50000000,92.00000000,0.00000000,t,01050000A0110F00000100000001020000800200000000000070D56D5FC1000000B0BFF5524100000000F41B054000000090D76D5FC1000000A0B4F552410000000098410540
1403,STREET,STREET,roads.cga,Start,Mill Lane,Major Edge,MAJOR,548.00000000,231022.00000000,10.00000000,0.00000000,1.00000000,0.00000000,3.50000000,547.00000000,0.00000000,t,01050000A0110F00000100000001020000800200000000000010C26D5FC10000001063F4524100000000F41B054000000090C86D5FC1000000905FF4524100000000F41B0540
1404,CROSSING,STREET,roads.cga,Start,GravelStreet,Major Edge,MAJOR,390.00000000,-258260.00000000,8.00000000,0.00000000,1.00000000,0.00000000,3.50000000,389.00000000,0.00000000,t,01050000A0110F00000100000001020000800200000000000010E26D5FC1000000507CF5524100000000EC9B1140000000A0ED6D5FC10000009082F5524100000000E0830E40
1405,CROSSING,STREET,piers.cga,Start,Pier,Major Edge,MAJOR,606.00000000,231022.00000000,6.00000000,0.00000000,1.00000000,0.00000000,3.50000000,605.00000000,0.00000000,t,01050000A0110F000001000000010200008002000000000000F0DE6C5FC100000020CFF4524100000000F87DF23F00000000D96C5FC100000070C5F4524100000000F87DF23F
1406,STREET,CROSSING,roads.cga,Start,MulberryStreet,Major Edge,MAJOR,326.00000000,135581.00000000,14.00000000,0.00000000,1.00000000,0.00000000,3.50000000,325.00000000,0.00000000,t,01050000A0110F000001000000010200008002000000000000C0706C5FC10000009027F652410000008095D82140000000F06A6C5FC10000000034F65241000000C0801E2240
1407,CROSSING,STREET,piers.cga,Start,Pier,Major Edge,MAJOR,606.00000000,231022.00000000,6.00000000,0.00000000,1.00000000,0.00000000,3.50000000,605.00000000,0.00000000,t,01050000A0110F000001000000010200008002000000000000802E6E5FC1000000C0AAF4524100000000F87DF23F00000010296E5FC100000070B9F4524100000000F87DF23F
1408,STREET,STREET,roads.cga,Start,Broadway,Major Edge,MAJOR,260.00000000,-258260.00000000,24.00000000,0.00000000,1.00000000,0.00000000,3.50000000,259.00000000,2.00000000,t,01050000A0110F000001000000010200008002000000000000C00C6D5FC1000000D01DF6524100000080E362234000000090066D5FC10000001028F6524100000080E3622340
1409,CROSSING,STREET,roads.cga,Start,Trinity PL / Lumber Street,Major Edge,MAJOR,491.00000000,231022.00000000,12.00000000,0.00000000,1.00000000,0.00000000,3.50000000,490.00000000,0.00000000,t,01050000A0110F000001000000010200008002000000000000E0DE6D5FC1000000F015F552410000000012A7194000000030E16D5FC10000007011F5524100000000A4651840
1410,STREET,STREET,roads.cga,Start,ChrystieStreet,Major Edge,MAJOR,488.00000000,135581.00000000,14.00000000,0.00000000,1.00000000,0.00000000,3.50000000,487.00000000,0.00000000,t,01050000A0110F000001000000010200008002000000000000F0F06B5FC10000000041F65241000000C00425264000000030EE6B5FC10000000048F65241000000C0DFBC2540
1411,CROSSING,STREET,piers.cga,Start,Pier,Major Edge,MAJOR,606.00000000,231022.00000000,6.00000000,0.00000000,1.00000000,0.00000000,3.50000000,605.00000000,0.00000000,t,01050000A0110F000001000000010200008002000000000000F0ED6C5FC1000000A0C5F4524100000000F87DF23F00000060EA6C5FC100000020C0F4524100000000F87DF23F
1412,STREET,STREET,roads.cga,Start,WBroadway,Major Edge,MAJOR,70.00000000,515711.00000000,18.00000000,0.00000000,1.00000000,0.00000000,3.50000000,69.00000000,0.00000000,t,01050000A0110F00000100000001020000800200000000000020976D5FC100000040F4F5524100000000E1A91840000000609A6D5FC100000040EFF5524100000000E1A91840
1413,STREET,CROSSING,roads.cga,Start,LumberStreet,Major Edge,MAJOR,133.00000000,231022.00000000,12.00000000,0.00000000,1.00000000,0.00000000,3.50000000,132.00000000,0.00000000,t,01050000A0110F00000100000001020000800200000000000050DA6D5FC100000090EAF45241000000C0DFBC254000000030D26D5FC100000040E6F45241000000C0DFBC2540
1414,STREET,STREET,roads.cga,Start,CanalStreet,Major Edge,MAJOR,34.00000000,135581.00000000,16.00000000,0.00000000,1.00000000,0.00000000,3.50000000,33.00000000,0.00000000,t,01050000A0110F00000100000001020000800200000000000030CC6B5FC1000000D0EDF55241000000C0DB162840000000C0C56B5FC100000040EBF55241000000C0DB162840
1415,CROSSING,CROSSING,roads.cga,Start,Alley,Major Edge,MAJOR,466.00000000,247456.00000000,4.00000000,0.00000000,1.00000000,0.00000000,3.50000000,465.00000000,0.00000000,t,01050000A0110F000001000000010200008002000000000000702C6D5FC10000007094F45241000000000868F73F000000B0236D5FC1000000009CF45241000000000868F73F
1416,CROSSING,CROSSING,roads.cga,Start,ChambersStreet,Major Edge,MAJOR,528.00000000,-258260.00000000,14.00000000,0.00000000,1.00000000,0.00000000,3.50000000,527.00000000,0.00000000,t,01050000A0110F00000100000001020000800200000000000000436D5FC1000000A0C6F5524100000000E28F2440000000C0326D5FC1000000E0BCF55241000000C0DFBC2540
1417,STREET,STREET,roads.cga,Start,DeyStreet_crossing,Major Edge,MAJOR,86.00000000,-258260.00000000,14.00000000,0.00000000,1.00000000,0.00000000,3.50000000,85.00000000,0.00000000,t,01050000A0110F000001000000010200008002000000000000F0C76D5FC10000009059F5524100000080D85D1D4000000060D16D5FC1000000605EF5524100000000DC031B40
1418,CROSSING,STREET,roads.cga,Start,Trinity PL / Lumber Street,Major Edge,MAJOR,133.00000000,231022.00000000,10.00000000,0.00000000,1.00000000,0.00000000,3.50000000,132.00000000,0.00000000,t,01050000A0110F000001000000010200008002000000000000D0FA6D5FC100000010DDF452410000000044B3194000000010016E5FC1000000E0D1F45241000000006BB61840
1419,STREET,STREET,roads.cga,Start,Rutgers Street,Major Edge,MAJOR,32.00000000,417195.00000000,10.00000000,0.00000000,1.00000000,0.00000000,3.50000000,31.00000000,0.00000000,t,01050000A0110F00000100000001020000800200000000000070616C5FC1000000F056F5524100000000E8CF0940000000305B6C5FC10000004058F5524100000000E8CF0940
1420,CROSSING,STREET,roads.cga,Start,MulberryStreet,Major Edge,MAJOR,326.00000000,135581.00000000,14.00000000,0.00000000,1.00000000,0.00000000,3.50000000,325.00000000,0.00000000,t,01050000A0110F000001000000010200008002000000000000A0586C5FC1000000105AF6524100000080E535224000000070546C5FC1000000E063F6524100000000155B2140
1421,STREET,STREET,roads.cga,Start,Beekman Street,Major Edge,MAJOR,689.00000000,487402.00000000,12.00000000,0.00000000,1.00000000,0.00000000,3.50000000,688.00000000,0.00000000,t,01050000A0110F000001000000010200008002000000000000A0066D5FC10000005008F5524100000000E1A91840000000700D6D5FC10000001012F5524100000000E1A91840
1422,STREET,STREET,roads.cga,Start,Rector Street,Major Edge,MAJOR,190.00000000,231022.00000000,6.00000000,0.00000000,1.00000000,0.00000000,3.50000000,189.00000000,0.00000000,t,01050000A0110F00000100000001020000800200000000000050ED6D5FC1000000B0CFF4524100000000B03E2340000000E0F06D5FC100000070CAF45241000000C01CDE2140
1423,STREET,CROSSING,roads.cga,Start,Slley,Major Edge,MAJOR,450.00000000,231022.00000000,8.00000000,0.00000000,1.00000000,0.00000000,3.50000000,449.00000000,0.00000000,t,01050000A0110F000001000000010200008002000000000000F0946D5FC1000000203FF4524100000000FC670040000000B09C6D5FC10000005048F4524100000000FC670040
1424,CROSSING,STREET,roads.cga,Start,PineStreet,Major Edge,MAJOR,536.00000000,231022.00000000,12.00000000,0.00000000,1.00000000,0.00000000,3.50000000,535.00000000,0.00000000,t,01050000A0110F000001000000010200008002000000000000C04D6D5FC1000000E08EF4524100000000FC67004000000030586D5FC10000008096F4524100000000509E0240
1425,STREET,STREET,roads.cga,Start,GravelStreet,Major Edge,MAJOR,64.00000000,231022.00000000,8.00000000,0.00000000,1.00000000,0.00000000,3.50000000,63.00000000,0.00000000,t,01050000A0110F000001000000010200008002000000000000E0316E5FC10000003074F4524100000000E0830E40000000E0316E5FC1000000206DF4524100000000E0830E40
1426,STREET,CROSSING,roads.cga,Start,Broadway,Major Edge,MAJOR,260.00000000,-258260.00000000,32.00000000,0.00000000,1.00000000,0.00000000,3.50000000,259.00000000,-2.00000000,t,01050000A0110F00000100000001020000800200000000000080946D5FC10000003047F5524100000080E3622340000000909A6D5FC1000000F03DF5524100000080E3622340
1427,STREET,STREET,piers.cga,Start,Pier,Major Edge,MAJOR,606.00000000,231022.00000000,6.00000000,0.00000000,1.00000000,0.00000000,3.50000000,605.00000000,0.00000000,t,01050000A0110F000001000000010200008002000000000000F03E6D5FC1000000A06BF4524100000000F87DF23F000000803B6D5FC10000002068F4524100000000F87DF23F
1428,CROSSING,STREET,roads.cga,Start,Trinity PL / Lumber Street,Major Edge,MAJOR,133.00000000,231022.00000000,12.00000000,0.00000000,1.00000000,0.00000000,3.50000000,132.00000000,0.00000000,t,01050000A0110F00000100000001020000800200000000000010E56D5FC1000000C009F5524100000000185B1840000000F0E96D5FC1000000B0FFF452410000000053F61A40
1429,CROSSING,STREET,roads.cga,Start,GravelStreet,Major Edge,MAJOR,64.00000000,231022.00000000,8.00000000,0.00000000,1.00000000,0.00000000,3.50000000,63.00000000,0.00000000,t,01050000A0110F000001000000010200008002000000000000E0306E5FC1000000407AF452410000000040EC1040000000E0316E5FC10000003074F4524100000000E0830E40
1430,STREET,STREET,roads.cga,Start,Vesey Street,Major Edge,MAJOR,371.00000000,-258260.00000000,16.00000000,0.00000000,1.00000000,0.00000000,3.50000000,370.00000000,0.00000000,t,01050000A0110F00000100000001020000800200000000000040976D5FC10000004070F5524100000080E5352240000000308C6D5FC1000000606AF5524100000080E3622340
1431,CROSSING,STREET,roads.cga,Start,John Street,Major Edge,MAJOR,434.00000000,-258260.00000000,18.00000000,0.00000000,1.00000000,0.00000000,3.50000000,433.00000000,0.00000000,t,01050000A0110F000001000000010200008002000000000000006D6D5FC1000000900EF5524100000080E918224000000020656D5FC10000006007F5524100000080E7082140
1432,STREET,CROSSING,roads.cga,Start,BroadStreet,Major Edge,MAJOR,577.00000000,-320441.00000000,16.00000000,0.00000000,1.00000000,0.00000000,3.50000000,576.00000000,0.00000000,t,01050000A0110F00000100000001020000800200000000000060916D5FC1000000F004F5524100000000D3B71F40000000608B6D5FC1000000F00CF5524100000000293C1E40
1433,STREET,CROSSING,roads.cga,Start,PineStreet,Major Edge,MAJOR,536.00000000,231022.00000000,12.00000000,0.00000000,1.00000000,0.00000000,3.50000000,535.00000000,0.00000000,t,01050000A0110F00000100000001020000800200000000000030586D5FC10000008096F4524100000000509E0240000000D0616D5FC1000000809DF452410000000072D50840
1434,STREET,STREET,roads.cga,Start,MurrayStreet,Major Edge,MAJOR,356.00000000,515711.00000000,12.00000000,0.00000000,1.00000000,0.00000000,3.50000000,355.00000000,0.00000000,t,01050000A0110F000001000000010200008002000000000000109C6D5FC100000050C6F5524100000000DC031B4000000050A46D5FC100000070CBF5524100000000E1A91840
1435,STREET,CROSSING,roads.cga,Start,LumberStreet,Major Edge,MAJOR,286.00000000,-258260.00000000,18.00000000,0.00000000,1.00000000,0.00000000,3.50000000,285.00000000,0.00000000,t,01050000A0110F000001000000010200008002000000000000A05E6D5FC10000001001F652410000000020D51B4000000040586D5FC1000000900BF65241000000000AFD1A40
1436,CROSSING,CROSSING,roads.cga,Start,BoweryStreet,Major Edge,MAJOR,340.00000000,135581.00000000,26.00000000,0.00000000,1.00000000,0.00000000,3.50000000,339.00000000,0.00000000,t,01050000A0110F00000100000001020000800200000000000030796C5FC100000000ABF5524100000080D85D1D40000000D06B6C5FC1000000E0ADF552410000008064BB2040
1437,STREET,CROSSING,roads.cga,Start,WallStreet,Major Edge,MAJOR,246.00000000,231022.00000000,18.00000000,0.00000000,1.00000000,0.00000000,3.50000000,245.00000000,0.00000000,t,01050000A0110F000001000000010200008002000000000000E0C36D5FC1000000B0CBF4524100000000D3B71F4000000010BD6D5FC100000090C5F4524100000080FF4D1D40
1438,STREET,CROSSING,roads.cga,Start,GreenwichStreet,Major Edge,MAJOR,93.00000000,515711.00000000,18.00000000,0.00000000,1.00000000,0.00000000,3.50000000,92.00000000,0.00000000,t,01050000A0110F00000100000001020000800200000000000050DA6D5FC1000000B0A4F55241000000000CB0084000000070DC6D5FC10000001098F5524100000000F87DF23F
1439,STREET,CROSSING,roads.cga,Start,Beekman Street,Major Edge,MAJOR,116.00000000,487402.00000000,12.00000000,0.00000000,1.00000000,0.00000000,3.50000000,115.00000000,0.00000000,t,01050000A0110F000001000000010200008002000000000000B0406D5FC10000007054F5524100000000E28F2440000000C0466D5FC1000000005CF552410000000039E42540
1440,STREET,STREET,roads.cga,Start,MurrayStreet,Major Edge,MAJOR,559.00000000,515711.00000000,12.00000000,0.00000000,1.00000000,0.00000000,3.50000000,558.00000000,0.00000000,t,01050000A0110F00000100000001020000800200000000000090BD6D5FC1000000D0D9F5524100000000E0830E4000000030C66D5FC100000090DEF5524100000000E8CF0940
1441,STREET,CROSSING,roads.cga,Start,Bayard Street,Major Edge,MAJOR,172.00000000,135581.00000000,12.00000000,0.00000000,1.00000000,0.00000000,3.50000000,171.00000000,0.00000000,t,01050000A0110F000001000000010200008002000000000000505D6C5FC100000060F8F5524100000000E28F2440000000F0526C5FC1000000A0F3F55241000000C0DFBC2540
1442,CROSSING,CROSSING,roads.cga,Start,Orange Street,Major Edge,MAJOR,18.00000000,135581.00000000,10.00000000,0.00000000,1.00000000,0.00000000,3.50000000,17.00000000,0.00000000,t,01050000A0110F000001000000010200008002000000000000A0D96C5FC1000000007CF5524100000040BEF9204000000030D86C5FC1000000F06BF5524100000080D85D1D40
1443,CROSSING,STREET,roads.cga,Start,John Street,Major Edge,MAJOR,46.00000000,-258260.00000000,18.00000000,0.00000000,1.00000000,0.00000000,3.50000000,45.00000000,0.00000000,t,01050000A0110F00000100000001020000800200000000000010486D5FC100000070EEF4524100000000E44F164000000050406D5FC100000030E8F4524100000000B0A01440
1444,STREET,STREET,roads.cga,Start,GreenwichStreet,Major Edge,MAJOR,93.00000000,515711.00000000,18.00000000,0.00000000,1.00000000,0.00000000,3.50000000,92.00000000,0.00000000,t,01050000A0110F00000100000001020000800200000000000000E76D5FC10000001062F552410000000004DB1340000000E0E96D5FC1000000B057F5524100000000EC9B1140
1445,STREET,STREET,roads.cga,Start,King George Street,Major Edge,MAJOR,123.00000000,135581.00000000,10.00000000,0.00000000,1.00000000,0.00000000,3.50000000,122.00000000,0.00000000,t,01050000A0110F00000100000001020000800200000000000030F66C5FC10000004070F5524100000000D3B71F40000000A0026D5FC1000000206BF5524100000000D3B71F40
1446,CROSSING,STREET,piers.cga,Start,Pier,Major Edge,MAJOR,606.00000000,231022.00000000,6.00000000,0.00000000,1.00000000,0.00000000,3.50000000,605.00000000,0.00000000,t,01050000A0110F00000100000001020000800200000000000030DB6D5FC1000000101EF4524100000000F87DF23F00000060D96D5FC10000008017F4524100000000F87DF23F
1447,STREET,CROSSING,roads.cga,Start,Bayard Street,Major Edge,MAJOR,574.00000000,135581.00000000,12.00000000,0.00000000,1.00000000,0.00000000,3.50000000,573.00000000,0.00000000,t,01050000A0110F00000100000001020000800200000000000030746C5FC1000000D002F652410000000009E52040000000B0686C5FC1000000A0FDF55241000000002DFD2240
1448,STREET,STREET,roads.cga,Start,MulberryStreet,Major Edge,MAJOR,158.00000000,135581.00000000,14.00000000,0.00000000,1.00000000,0.00000000,3.50000000,157.00000000,0.00000000,t,01050000A0110F00000100000001020000800200000000000090856C5FC100000090BEF552410000000086D51B4000000060866C5FC1000000D0C9F5524100000000FEE61A40
1449,STREET,CROSSING,roads.cga,Start,Vesey Street,Major Edge,MAJOR,371.00000000,-258260.00000000,16.00000000,0.00000000,1.00000000,0.00000000,3.50000000,370.00000000,0.00000000,t,01050000A0110F000001000000010200008002000000000000308C6D5FC1000000606AF5524100000080E3622340000000A0806D5FC1000000F064F5524100000000E28F2440
1450,STREET,STREET,roads.cga,Start,Skimmers,Major Edge,MAJOR,12.00000000,417195.00000000,10.00000000,0.00000000,1.00000000,0.00000000,3.50000000,11.00000000,0.00000000,t,01050000A0110F000001000000010200008002000000000000E0AF6C5FC1000000A043F5524100000000E1A91840000000F0B66C5FC10000008041F552410000000039D21840
1451,CROSSING,STREET,roads.cga,Start,MottStreet,Major Edge,MAJOR,421.00000000,135581.00000000,12.00000000,0.00000000,1.00000000,0.00000000,3.50000000,420.00000000,0.00000000,t,01050000A0110F00000100000001020000800200000000000070726C5FC100000010E7F55241000000C03225224000000060716C5FC1000000A0DCF552410000000061282340
1452,CROSSING,CROSSING,piers.cga,Start,Pier,Major Edge,MAJOR,606.00000000,231022.00000000,6.00000000,0.00000000,1.00000000,0.00000000,3.50000000,605.00000000,0.00000000,t,01050000A0110F000001000000010200008002000000000000808D6D5FC10000006036F4524100000000F87DF23F00000040936D5FC1000000F031F4524100000000F87DF23F
1453,STREET,STREET,roads.cga,Start,GravelStreet,Major Edge,MAJOR,532.00000000,-365802.00000000,12.00000000,0.00000000,1.00000000,0.00000000,3.50000000,531.00000000,0.00000000,t,01050000A0110F000001000000010200008002000000000000C0C76D5FC10000002043F4524100000000FC67004000000020C26D5FC10000004045F4524100000000FC670040
1454,STREET,STREET,roads.cga,Start,PearlStreet,Major Edge,MAJOR,532.00000000,-365802.00000000,16.00000000,0.00000000,1.00000000,0.00000000,3.50000000,531.00000000,0.00000000,t,01050000A0110F000001000000010200008002000000000000A0D46C5FC10000000008F5524100000000BE5C134000000040CE6C5FC1000000400EF552410000000024F81540
1455,STREET,STREET,roads.cga,Start,Alley,Major Edge,MAJOR,645.00000000,417195.00000000,12.00000000,0.00000000,1.00000000,0.00000000,3.50000000,644.00000000,0.00000000,t,01050000A0110F000001000000010200008002000000000000D0196E5FC10000007082F4524100000000E8F51340000000D01D6E5FC1000000607BF452410000000054CD1340
1456,STREET,STREET,roads.cga,Start,MottStreet,Major Edge,MAJOR,663.00000000,135581.00000000,12.00000000,0.00000000,1.00000000,0.00000000,3.50000000,662.00000000,0.00000000,t,01050000A0110F000001000000010200008002000000000000F06F6C5FC1000000E0ECF552410000008084882240000000906D6C5FC100000060F2F55241000000C0B4472240
1457,CROSSING,STREET,roads.cga,Start,Broadway,Major Edge,MAJOR,260.00000000,-258260.00000000,10.00000000,0.00000000,1.00000000,0.00000000,3.50000000,259.00000000,9.00000000,t,01050000A0110F00000100000001020000800200000000000070DE6D5FC100000010D1F4524100000040332F2440000000F0E26D5FC100000030CAF4524100000080E3622340
1458,STREET,CROSSING,roads.cga,Start,WaterStreet,Major Edge,MAJOR,665.00000000,231022.00000000,16.00000000,0.00000000,1.00000000,0.00000000,3.50000000,664.00000000,0.00000000,t,01050000A0110F00000100000001020000800200000000000010E06D5FC1000000A027F4524100000000FC67004000000000D36D5FC1000000802CF4524100000000DC89FB3F
1459,CROSSING,STREET,roads.cga,Start,WaterStreet,Major Edge,MAJOR,142.00000000,487402.00000000,6.00000000,0.00000000,1.00000000,0.00000000,3.50000000,141.00000000,0.00000000,t,01050000A0110F000001000000010200008002000000000000D0DA6C5FC100000020E3F4524100000000E6EA024000000070DF6C5FC100000030E0F4524100000000521A0440
1460,STREET,CROSSING,roads.cga,Start,LibertyStreet,Major Edge,MAJOR,431.00000000,231022.00000000,12.00000000,0.00000000,1.00000000,0.00000000,3.50000000,430.00000000,0.00000000,t,01050000A0110F00000100000001020000800200000000000040C46D5FC10000009017F5524100000080E535224000000080CD6D5FC1000000A01DF55241000000C035422040
1461,CROSSING,CROSSING,roads.cga,Start,GravelStreet,Major Edge,MAJOR,64.00000000,231022.00000000,6.00000000,0.00000000,1.00000000,0.00000000,3.50000000,63.00000000,0.00000000,t,01050000A0110F000001000000010200008002000000000000101C6E5FC1000000803CF4524100000000E8CF094000000020246E5FC1000000603AF4524100000000F87DF23F
1462,STREET,STREET,roads.cga,Start,PearlStreet,Major Edge,MAJOR,532.00000000,-365802.00000000,16.00000000,0.00000000,1.00000000,0.00000000,3.50000000,531.00000000,0.00000000,t,01050000A0110F000001000000010200008002000000000000801C6D5FC100000060D6F4524100000000BA68024000000020146D5FC100000070DAF4524100000000F41B0540
1463,STREET,CROSSING,roads.cga,Start,Trinity PL / Lumber Street,Major Edge,MAJOR,133.00000000,231022.00000000,12.00000000,0.00000000,1.00000000,0.00000000,3.50000000,132.00000000,0.00000000,t,01050000A0110F000001000000010200008002000000000000F0E96D5FC1000000B0FFF452410000000053F61A40000000D0EE6D5FC100000080F5F45241000000803AB81C40
1464,CROSSING,CROSSING,roads.cga,Start,WaterStreet,Major Edge,MAJOR,319.00000000,231022.00000000,16.00000000,0.00000000,1.00000000,0.00000000,3.50000000,318.00000000,0.00000000,t,01050000A0110F000001000000010200008002000000000000A0B76D5FC10000005036F4524100000000FC67004000000000B36D5FC1000000F037F4524100000000F87DF23F
1465,CROSSING,STREET,roads.cga,Start,WaterStreet,Major Edge,MAJOR,48.00000000,417195.00000000,6.00000000,0.00000000,1.00000000,0.00000000,3.50000000,47.00000000,0.00000000,t,01050000A0110F000001000000010200008002000000000000507F6C5FC1000000D017F5524100000000F87DF23F000000F0896C5FC10000006015F5524100000000DEFE0940
1466,STREET,CROSSING,roads.cga,Start,RoseveltStreet,Major Edge,MAJOR,379.00000000,487402.00000000,14.00000000,0.00000000,1.00000000,0.00000000,3.50000000,378.00000000,0.00000000,t,01050000A0110F00000100000001020000800200000000000050846C5FC10000000048F5524100000000EA0A1040000000C0856C5FC10000000052F5524100000000EC9B1140
1467,STREET,STREET,roads.cga,Start,CortlandStreet,Major Edge,MAJOR,696.00000000,-258260.00000000,16.00000000,0.00000000,1.00000000,0.00000000,3.50000000,695.00000000,0.00000000,t,01050000A0110F000001000000010200008002000000000000E0936D5FC10000008018F55241000000C0C200204000000090976D5FC1000000501CF5524100000080E7082140
1468,STREET,STREET,roads.cga,Start,Broadway,Major Edge,MAJOR,260.00000000,-258260.00000000,10.00000000,0.00000000,1.00000000,0.00000000,3.50000000,259.00000000,9.00000000,t,01050000A0110F000001000000010200008002000000000000F0E26D5FC100000030CAF4524100000080E362234000000060E86D5FC1000000E0C1F4524100000080E5352240
1469,CROSSING,CROSSING,roads.cga,Start,BroadStreet,Major Edge,MAJOR,591.00000000,135581.00000000,16.00000000,0.00000000,1.00000000,0.00000000,3.50000000,590.00000000,0.00000000,t,01050000A0110F000001000000010200008002000000000000806A6D5FC1000000D037F5524100000000E28F2440000000F05F6D5FC10000001044F5524100000040B4252540
1470,CROSSING,STREET,roads.cga,Start,Broadway,Major Edge,MAJOR,260.00000000,-258260.00000000,32.00000000,0.00000000,1.00000000,0.00000000,3.50000000,259.00000000,-2.00000000,t,01050000A0110F000001000000010200008002000000000000909D6D5FC10000005039F5524100000080E362234000000050A26D5FC1000000D031F5524100000080E3622340
1471,CROSSING,STREET,roads.cga,Start,GravelStreet,Major Edge,MAJOR,42.00000000,247456.00000000,14.00000000,0.00000000,1.00000000,0.00000000,3.00000000,41.00000000,1.10000000,t,01050000A0110F000001000000010200008002000000000000F08A6D5FC10000003072F4524100000000E0830E40000000E0906D5FC1000000C06DF4524100000000E0830E40
1472,STREET,STREET,roads.cga,Start,ElizabethStreet,Major Edge,MAJOR,130.00000000,135581.00000000,14.00000000,0.00000000,1.00000000,0.00000000,3.50000000,129.00000000,0.00000000,t,01050000A0110F00000100000001020000800200000000000060496C5FC10000000008F65241000000002C0A2840000000C0446C5FC1000000E011F6524100000000E8A62840
1473,STREET,CROSSING,roads.cga,Start,CortlandStreet,Major Edge,MAJOR,430.00000000,-258260.00000000,16.00000000,0.00000000,1.00000000,0.00000000,3.50000000,429.00000000,0.00000000,t,01050000A0110F000001000000010200008002000000000000F0846D5FC10000007003F55241000000006E971B40000000608B6D5FC1000000F00CF5524100000000293C1E40
1474,CROSSING,STREET,piers.cga,Start,Pier,Major Edge,MAJOR,606.00000000,231022.00000000,6.00000000,0.00000000,1.00000000,0.00000000,3.50000000,605.00000000,0.00000000,t,01050000A0110F00000100000001020000800200000000000000456C5FC10000000029F5524100000000F87DF23F000000A04B6C5FC1000000A027F5524100000000F87DF23F
1475,CROSSING,STREET,roads.cga,Start,AllenStreet,Major Edge,MAJOR,564.00000000,135581.00000000,14.00000000,0.00000000,1.00000000,0.00000000,3.50000000,563.00000000,0.00000000,t,01050000A0110F00000100000001020000800200000000000090BE6B5FC100000060E8F55241000000C0DB162840000000C0B66B5FC1000000D0FCF55241000000C0DB162840
1476,CROSSING,CROSSING,roads.cga,Start,Broadway,Major Edge,MAJOR,260.00000000,-258260.00000000,32.00000000,0.00000000,1.00000000,0.00000000,3.50000000,259.00000000,-2.00000000,t,01050000A0110F00000100000001020000800200000000000070B86D5FC1000000E00FF5524100000080E362234000000040C06D5FC10000006003F55241000000005F7B2440
1477,STREET,CROSSING,roads.cga,Start,MottStreet,Major Edge,MAJOR,145.00000000,135581.00000000,12.00000000,0.00000000,1.00000000,0.00000000,3.50000000,144.00000000,0.00000000,t,01050000A0110F000001000000010200008002000000000000F0596C5FC1000000701CF6524100000040FF292540000000D0536C5FC10000004029F65241000000C0DFBC2540
1478,CROSSING,STREET,roads.cga,Start,BoweryStreet,Major Edge,MAJOR,340.00000000,135581.00000000,26.00000000,0.00000000,1.00000000,0.00000000,3.50000000,339.00000000,0.00000000,t,01050000A0110F000001000000010200008002000000000000D06B6C5FC1000000E0ADF552410000008064BB204000000040626C5FC1000000C0B0F5524100000080E5352240
1479,CROSSING,STREET,roads.cga,Start,BroadStreet,Major Edge,MAJOR,380.00000000,135581.00000000,16.00000000,0.00000000,1.00000000,0.00000000,3.50000000,379.00000000,0.00000000,t,01050000A0110F000001000000010200008002000000000000F05F6D5FC10000001044F5524100000040B4252540000000A0596D5FC1000000104AF55241000000C0DFBC2540
1480,CROSSING,STREET,roads.cga,Start,Broadway,Major Edge,MAJOR,260.00000000,-258260.00000000,14.00000000,0.00000000,1.00000000,0.00000000,3.50000000,259.00000000,0.00000000,t,01050000A0110F00000100000001020000800200000000000020026E5FC10000008053F4524100000000F8A00B4000000030016E5FC1000000604BF4524100000000E8CF0940
1481,STREET,CROSSING,roads.cga,Start,ChambersStreet,Major Edge,MAJOR,528.00000000,-258260.00000000,14.00000000,0.00000000,1.00000000,0.00000000,3.50000000,527.00000000,0.00000000,t,01050000A0110F000001000000010200008002000000000000A0156D5FC100000070ABF55241000000401C73264000000000076D5FC1000000B0A2F55241000000002DBD2440
1482,CROSSING,STREET,piers.cga,Start,Pier,Major Edge,MAJOR,606.00000000,231022.00000000,8.00000000,0.00000000,1.00000000,0.00000000,3.50000000,605.00000000,0.00000000,t,01050000A0110F00000100000001020000800200000000000020C36C5FC100000010EAF4524100000000F87DF23F00000030BC6C5FC100000060E1F4524100000000F87DF23F
1483,CROSSING,STREET,roads.cga,Start,BoweryStreet,Major Edge,MAJOR,78.00000000,135581.00000000,28.00000000,0.00000000,1.00000000,0.00000000,3.50000000,77.00000000,0.00000000,t,01050000A0110F000001000000010200008002000000000000B0236C5FC1000000E012F652410000000042312C40000000901F6C5FC1000000E01CF65241000000C066AD2A40
1484,CROSSING,STREET,roads.cga,Start,AllenStreet,Major Edge,MAJOR,194.00000000,135581.00000000,14.00000000,0.00000000,1.00000000,0.00000000,3.50000000,193.00000000,0.00000000,t,01050000A0110F000001000000010200008002000000000000B0AE6B5FC1000000D011F652410000008092F2264000000030A76B5FC10000009024F65241000000C0DB162840
1485,STREET,STREET,roads.cga,Start,Broadway,Major Edge,MAJOR,260.00000000,-258260.00000000,24.00000000,0.00000000,1.00000000,0.00000000,3.50000000,259.00000000,2.00000000,t,01050000A0110F00000100000001020000800200000000000000206D5FC100000040FEF5524100000000CD8A2240000000D0196D5FC10000007008F6524100000080E3622340
1486,STREET,CROSSING,roads.cga,Start,CedarStreet,Major Edge,MAJOR,479.00000000,-258260.00000000,12.00000000,0.00000000,1.00000000,0.00000000,3.50000000,478.00000000,0.00000000,t,01050000A0110F000001000000010200008002000000000000C0CB6D5FC1000000400AF55241000000008529224000000040C06D5FC10000006003F55241000000005F7B2440
1487,STREET,CROSSING,roads.cga,Start,GravelStreet,Major Edge,MAJOR,18.00000000,135581.00000000,10.00000000,0.00000000,1.00000000,0.00000000,3.50000000,17.00000000,0.00000000,t,01050000A0110F000001000000010200008002000000000000E0DF6C5FC1000000509EF5524100000080E7082140000000B0E36C5FC100000060A8F552410000000005C72040
1488,STREET,STREET,roads.cga,Start,MurrayStreet,Major Edge,MAJOR,575.00000000,515711.00000000,12.00000000,0.00000000,1.00000000,0.00000000,3.50000000,574.00000000,0.00000000,t,01050000A0110F000001000000010200008002000000000000D07D6D5FC1000000B0B3F5524100000080E535224000000060736D5FC100000050ADF5524100000080E3622340
1489,CROSSING,CROSSING,roads.cga,Start,WaterStreet,Major Edge,MAJOR,672.00000000,417195.00000000,6.00000000,0.00000000,1.00000000,0.00000000,3.50000000,671.00000000,0.00000000,t,01050000A0110F000001000000010200008002000000000000B0C76C5FC1000000D0EFF4524100000000FC670040000000C0CD6C5FC1000000E0EBF4524100000000F87DF23F
1490,CROSSING,STREET,roads.cga,Start,LibertyStreet,Major Edge,MAJOR,316.00000000,231022.00000000,12.00000000,0.00000000,1.00000000,0.00000000,3.50000000,315.00000000,0.00000000,t,01050000A0110F00000100000001020000800200000000000080CD6D5FC1000000A01DF55241000000C03542204000000070D26D5FC1000000C020F5524100000080D85D1D40
1491,STREET,STREET,roads.cga,Start,LudlowStreet,Major Edge,MAJOR,478.00000000,135581.00000000,14.00000000,0.00000000,1.00000000,0.00000000,3.50000000,477.00000000,0.00000000,t,01050000A0110F00000100000001020000800200000000000040986B5FC1000000E0E4F55241000000C0DDE9264000000040946B5FC1000000C0EEF55241000000C07E4F2640
1492,CROSSING,STREET,roads.cga,Start,GravelStreet,Major Edge,MAJOR,64.00000000,231022.00000000,8.00000000,0.00000000,1.00000000,0.00000000,3.50000000,63.00000000,0.00000000,t,01050000A0110F00000100000001020000800200000000000010226E5FC100000090A5F4524100000000EC9B1140000000B0256E5FC1000000F09AF4524100000000E8F51340
1493,CROSSING,CROSSING,roads.cga,Start,GravelStreet,Major Edge,MAJOR,645.00000000,417195.00000000,6.00000000,0.00000000,1.00000000,0.00000000,3.50000000,644.00000000,0.00000000,t,01050000A0110F0000010000000102000080020000000000E88E296E5FC10000303E55F4524100000000E0830E4000000010356E5FC10000004052F4524100000000F87DF23F
1494,CROSSING,STREET,roads.cga,Start,LumberStreet,Major Edge,MAJOR,272.00000000,-258260.00000000,18.00000000,0.00000000,1.00000000,0.00000000,3.50000000,271.00000000,0.00000000,t,01050000A0110F000001000000010200008002000000000000A07C6D5FC100000060CFF55241000000C075F4204000000000766D5FC100000060DAF552410000008000102040
1495,STREET,CROSSING,roads.cga,Start,Ferry Street,Major Edge,MAJOR,224.00000000,487402.00000000,20.00000000,0.00000000,1.00000000,0.00000000,3.50000000,223.00000000,0.00000000,t,01050000A0110F000001000000010200008002000000000000F0CB6C5FC1000000E0F3F45241000000007AFE0440000000B0C76C5FC1000000D0EFF4524100000000FC670040
1496,STREET,STREET,roads.cga,Start,Cliff Street,Major Edge,MAJOR,119.00000000,-258260.00000000,10.00000000,0.00000000,1.00000000,0.00000000,3.50000000,118.00000000,0.00000000,t,01050000A0110F00000100000001020000800200000000000090F46C5FC1000000B007F5524100000000E1A9184000000090EC6C5FC1000000100CF5524100000000E44F1640
1497,CROSSING,STREET,roads.cga,Start,Alley,Major Edge,MAJOR,480.00000000,247456.00000000,4.00000000,0.00000000,1.00000000,0.00000000,3.50000000,479.00000000,0.00000000,t,01050000A0110F00000100000001020000800200000000000040546D5FC10000000070F4524100000000AE2B004000000040496D5FC1000000107AF4524100000000BC84F73F
1498,STREET,CROSSING,roads.cga,Start,DivisionStreet,Major Edge,MAJOR,657.00000000,135581.00000000,12.00000000,0.00000000,1.00000000,0.00000000,3.50000000,656.00000000,0.00000000,t,01050000A0110F00000100000001020000800200000000000090296C5FC1000000C0C6F55241000000C0DDE92640000000101E6C5FC100000050C8F55241000000C0DDE92640
1499,STREET,CROSSING,roads.cga,Start,WaterStreet,Major Edge,MAJOR,357.00000000,417195.00000000,6.00000000,0.00000000,1.00000000,0.00000000,3.50000000,356.00000000,0.00000000,t,01050000A0110F000001000000010200008002000000000000F0D16C5FC100000020E9F4524100000000FC670040000000C0D66C5FC1000000F0E5F45241000000001AC10140
1500,STREET,STREET,roads.cga,Start,CortlandStreet,Major Edge,MAJOR,163.00000000,-258260.00000000,16.00000000,0.00000000,1.00000000,0.00000000,3.50000000,162.00000000,0.00000000,t,01050000A0110F00000100000001020000800200000000000030B26D5FC1000000C02DF5524100000080E5352240000000C0BA6D5FC10000007032F552410000008043362140
1501,STREET,CROSSING,roads.cga,Start,Frankfort Street,Major Edge,MAJOR,295.00000000,487402.00000000,16.00000000,0.00000000,1.00000000,0.00000000,3.50000000,294.00000000,0.00000000,t,01050000A0110F00000100000001020000800200000000000080066D5FC1000000305FF55241000000004DF51940000000D00E6D5FC10000002066F55241000000807DF21E40
1502,STREET,CROSSING,roads.cga,Start,BridgeStreet,Major Edge,MAJOR,64.00000000,231022.00000000,12.00000000,0.00000000,1.00000000,0.00000000,3.50000000,63.00000000,0.00000000,t,01050000A0110F00000100000001020000800200000000000070E16D5FC10000009043F4524100000000FC670040000000E0D46D5FC10000008043F4524100000000FC670040
1503,CROSSING,CROSSING,piers.cga,Start,Pier,Major Edge,MAJOR,606.00000000,231022.00000000,6.00000000,0.00000000,1.00000000,0.00000000,3.50000000,605.00000000,0.00000000,t,01050000A0110F000001000000010200008002000000000000507F6C5FC1000000D017F5524100000000F87DF23F000000D07E6C5FC10000003015F5524100000000F87DF23F
1504,CROSSING,STREET,roads.cga,Start,Oliver Street,Major Edge,MAJOR,297.00000000,417195.00000000,12.00000000,0.00000000,1.00000000,0.00000000,3.50000000,296.00000000,0.00000000,t,01050000A0110F000001000000010200008002000000000000F04A6C5FC1000000E048F5524100000000F41B054000000080486C5FC1000000D03CF5524100000000F41B0540
1505,CROSSING,DEAD_END,roads.cga,Start,Hanover Street,Major Edge,MAJOR,42.00000000,247456.00000000,10.00000000,0.00000000,1.00000000,0.00000000,3.00000000,41.00000000,0.00000000,t,01050000A0110F000001000000010200008002000000000000F08E6D5FC1000000E086F4524100000000E8F51340000000608F6D5FC1000000B08BF452410000000014FE1540
1506,CROSSING,STREET,roads.cga,Start,LibertyStreet,Major Edge,MAJOR,498.00000000,231022.00000000,30.00000000,0.00000000,1.00000000,0.00000000,3.50000000,497.00000000,0.00000000,t,01050000A0110F000001000000010200008002000000000000A04F6D5FC100000060B7F452410000000096B30040000000504A6D5FC1000000F0B1F4524100000000FC670040
1507,STREET,STREET,roads.cga,Start,GreenwichStreet,Major Edge,MAJOR,93.00000000,515711.00000000,18.00000000,0.00000000,1.00000000,0.00000000,3.50000000,92.00000000,0.00000000,t,01050000A0110F000001000000010200008002000000000000C0D06D5FC100000060D8F5524100000000E8CF094000000030D36D5FC100000090CBF552410000000092510740
1508,CROSSING,STREET,roads.cga,Start,Alley,Major Edge,MAJOR,645.00000000,417195.00000000,12.00000000,0.00000000,1.00000000,0.00000000,3.50000000,644.00000000,0.00000000,t,01050000A0110F000001000000010200008002000000000000108C6C5FC10000002026F5524100000000E0830E40000000A08D6C5FC1000000B02FF5524100000000D5291040
1509,CROSSING,STREET,roads.cga,Start,PearlStreet,Major Edge,MAJOR,532.00000000,-365802.00000000,16.00000000,0.00000000,1.00000000,0.00000000,3.50000000,531.00000000,0.00000000,t,01050000A0110F000001000000010200008002000000000000A04F6D5FC100000060B7F452410000000096B30040000000804A6D5FC100000030BDF4524100000000FC670040
1510,STREET,DEAD_END,piers.cga,Start,Pier,Major Edge,MAJOR,606.00000000,231022.00000000,6.00000000,0.00000000,1.00000000,0.00000000,3.50000000,605.00000000,0.00000000,t,01050000A0110F00000100000001020000800200000000000050146E5FC1000000B01CF5524100000000F87DF23F00000090146E5FC1000000D01CF5524100000000F87DF23F
1511,STREET,CROSSING,roads.cga,Start,King George Street,Major Edge,MAJOR,576.00000000,135581.00000000,10.00000000,0.00000000,1.00000000,0.00000000,3.50000000,575.00000000,0.00000000,t,01050000A0110F000001000000010200008002000000000000A0CF6C5FC1000000607FF5524100000080E5352240000000A0D96C5FC1000000007CF5524100000040BEF92040
1512,CROSSING,STREET,roads.cga,Start,DeyStreet_crossing,Major Edge,MAJOR,86.00000000,-258260.00000000,14.00000000,0.00000000,1.00000000,0.00000000,3.50000000,85.00000000,0.00000000,t,01050000A0110F000001000000010200008002000000000000909A6D5FC1000000F03DF5524100000080E362234000000060A66D5FC1000000E044F5524100000080E5352240
1513,CROSSING,STREET,roads.cga,Start,CedarStreet,Major Edge,MAJOR,1.00000000,231022.00000000,12.00000000,0.00000000,1.00000000,0.00000000,3.50000000,0.00000000,0.00000000,t,01050000A0110F00000100000001020000800200000000000000A46D5FC1000000C0EAF45241000000404F672340000000D09C6D5FC100000050E4F4524100000080E5352240
1514,CROSSING,STREET,piers.cga,Start,Pier,Major Edge,MAJOR,606.00000000,231022.00000000,6.00000000,0.00000000,1.00000000,0.00000000,3.50000000,605.00000000,0.00000000,t,01050000A0110F00000100000001020000800200000000000010356E5FC10000004052F4524100000000F87DF23F00000070386E5FC1000000004FF4524100000000F87DF23F
1515,CROSSING,STREET,piers.cga,Start,Pier,Major Edge,MAJOR,606.00000000,231022.00000000,6.00000000,0.00000000,1.00000000,0.00000000,3.50000000,605.00000000,0.00000000,t,01050000A0110F000001000000010200008002000000000000C0A96C5FC1000000A0F9F4524100000000F87DF23F000000F0A66C5FC100000060FBF4524100000000F87DF23F
1516,STREET,CROSSING,roads.cga,Start,Batavia Lane,Major Edge,MAJOR,386.00000000,417195.00000000,12.00000000,0.00000000,1.00000000,0.00000000,3.50000000,385.00000000,0.00000000,t,01050000A0110F000001000000010200008002000000000000606B6C5FC10000004043F5524100000000E8CF0940000000A0636C5FC10000007044F552410000000070130740
1517,STREET,CROSSING,roads.cga,Start,Orange Street,Major Edge,MAJOR,18.00000000,135581.00000000,12.00000000,0.00000000,1.00000000,0.00000000,3.50000000,17.00000000,0.00000000,t,01050000A0110F00000100000001020000800200000000000000F36C5FC1000000E0B3F5524100000080E708214000000000EB6C5FC1000000B0BAF5524100000000D3B71F40
1518,STREET,CROSSING,piers.cga,Start,Pier,Major Edge,MAJOR,606.00000000,231022.00000000,8.00000000,0.00000000,1.00000000,0.00000000,3.50000000,605.00000000,0.00000000,t,01050000A0110F00000100000001020000800200000000000090436C5FC10000006021F5524100000000F87DF23F00000000456C5FC10000000029F5524100000000F87DF23F
1519,CROSSING,CROSSING,roads.cga,Start,GravelStreet,Major Edge,MAJOR,93.00000000,515711.00000000,6.00000000,0.00000000,1.00000000,0.00000000,3.50000000,92.00000000,0.00000000,t,01050000A0110F000001000000010200008002000000000000A0EE6D5FC10000003043F5524100000000EC9B114000000060F66D5FC10000004047F5524100000000E0830E40
1520,STREET,STREET,roads.cga,Start,ExchangePl,Major Edge,MAJOR,417.00000000,231022.00000000,12.00000000,0.00000000,1.00000000,0.00000000,3.50000000,416.00000000,0.00000000,t,01050000A0110F000001000000010200008002000000000000E0B76D5FC1000000609DF4524100000000EC9B114000000070AE6D5FC1000000D098F4524100000000E8F51340
1521,CROSSING,STREET,roads.cga,Start,GravelStreet,Major Edge,MAJOR,532.00000000,-365802.00000000,12.00000000,0.00000000,1.00000000,0.00000000,3.50000000,531.00000000,0.00000000,t,01050000A0110F000001000000010200008002000000000000D0D46D5FC1000000303EF4524100000000A8A2F73F000000C0C76D5FC10000002043F4524100000000FC670040
1522,CROSSING,STREET,roads.cga,Start,Broadway,Major Edge,MAJOR,260.00000000,-258260.00000000,24.00000000,0.00000000,1.00000000,0.00000000,3.50000000,259.00000000,-2.00000000,t,01050000A0110F00000100000001020000800200000000000040746D5FC10000005078F55241000000C0515E2540000000D07A6D5FC1000000D06DF5524100000000E28F2440
1523,STREET,CROSSING,roads.cga,Start,FultonStreet,Major Edge,MAJOR,506.00000000,-258260.00000000,14.00000000,0.00000000,1.00000000,0.00000000,3.50000000,505.00000000,0.00000000,t,01050000A0110F000001000000010200008002000000000000B0AA6D5FC10000002062F5524100000080E708214000000080B46D5FC1000000F067F5524100000000D3B71F40
1524,STREET,CROSSING,roads.cga,Start,WBroadway,Major Edge,MAJOR,70.00000000,515711.00000000,18.00000000,0.00000000,1.00000000,0.00000000,3.50000000,69.00000000,0.00000000,t,01050000A0110F000001000000010200008002000000000000609A6D5FC100000040EFF5524100000000E1A91840000000D0A06D5FC100000050E5F5524100000000E1A91840
1525,STREET,STREET,roads.cga,Start,ChrystieStreet,Major Edge,MAJOR,257.00000000,135581.00000000,14.00000000,0.00000000,1.00000000,0.00000000,3.50000000,256.00000000,0.00000000,t,01050000A0110F000001000000010200008002000000000000A0006C5FC1000000F019F6524100000080D7702A4000000060FC6B5FC10000004024F652410000000062002940
1526,STREET,CROSSING,roads.cga,Start,LibertyStreet,Major Edge,MAJOR,238.00000000,231022.00000000,12.00000000,0.00000000,1.00000000,0.00000000,3.50000000,237.00000000,0.00000000,t,01050000A0110F000001000000010200008002000000000000A0B06D5FC1000000900BF55241000000409BA9234000000070B86D5FC1000000E00FF5524100000080E3622340
1527,STREET,CROSSING,roads.cga,Start,Coentis Ally,Major Edge,MAJOR,530.00000000,231022.00000000,10.00000000,0.00000000,1.00000000,0.00000000,3.50000000,529.00000000,0.00000000,t,01050000A0110F00000100000001020000800200000000000090B96D5FC10000000054F4524100000000F41B0540000000C0B76D5FC10000005050F4524100000000F41B0540
1528,CROSSING,STREET,roads.cga,Start,John Street,Major Edge,MAJOR,660.00000000,-258260.00000000,18.00000000,0.00000000,1.00000000,0.00000000,3.50000000,659.00000000,0.00000000,t,01050000A0110F000001000000010200008002000000000000507D6D5FC1000000601EF552410000000027282140000000E0746D5FC10000003016F5524100000040CFD92140
1529,STREET,STREET,roads.cga,Start,ChrystieStreet,Major Edge,MAJOR,2.00000000,135581.00000000,14.00000000,0.00000000,1.00000000,0.00000000,3.50000000,1.00000000,0.00000000,t,01050000A0110F000001000000010200008002000000000000A0146C5FC1000000B0E5F55241000000806C612C40000000E0106C5FC1000000E0EFF5524100000000D7242F40
1530,CROSSING,STREET,roads.cga,Start,Rector Street,Major Edge,MAJOR,190.00000000,231022.00000000,6.00000000,0.00000000,1.00000000,0.00000000,3.50000000,189.00000000,0.00000000,t,01050000A0110F00000100000001020000800200000000000060F86D5FC100000070BFF4524100000080E7082140000000A0FE6D5FC1000000F0B6F4524100000080590F2040
1531,CROSSING,STREET,roads.cga,Start,LibertyStreet,Major Edge,MAJOR,177.00000000,231022.00000000,14.00000000,0.00000000,1.00000000,0.00000000,3.50000000,176.00000000,0.00000000,t,01050000A0110F00000100000001020000800200000000000090786D5FC100000030DBF4524100000000E8F51340000000C0826D5FC100000080E6F452410000000028DB1840
1532,CROSSING,STREET,piers.cga,Start,Pier,Major Edge,MAJOR,606.00000000,231022.00000000,6.00000000,0.00000000,1.00000000,0.00000000,3.50000000,605.00000000,0.00000000,t,01050000A0110F00000100000001020000800200000000000030936C5FC10000006010F5524100000000F87DF23F00000000906C5FC1000000B005F5524100000000F87DF23F
1533,STREET,STREET,roads.cga,Start,LibertyStreet,Major Edge,MAJOR,240.00000000,231022.00000000,12.00000000,0.00000000,1.00000000,0.00000000,3.50000000,239.00000000,0.00000000,t,01050000A0110F000001000000010200008002000000000000B0DE6D5FC10000003028F5524100000000D96B184000000060E56D5FC1000000302CF5524100000000E44F1640
1534,STREET,STREET,roads.cga,Start,Rector Street,Major Edge,MAJOR,190.00000000,231022.00000000,6.00000000,0.00000000,1.00000000,0.00000000,3.50000000,189.00000000,0.00000000,t,01050000A0110F000001000000010200008002000000000000A0FE6D5FC1000000F0B6F4524100000080590F204000000080046E5FC1000000E0AEF4524100000000809A1C40
1535,STREET,STREET,roads.cga,Start,StoneStreet,Major Edge,MAJOR,282.00000000,247456.00000000,12.00000000,0.00000000,1.00000000,0.00000000,3.50000000,281.00000000,0.00000000,t,01050000A0110F000001000000010200008002000000000000A0E06D5FC10000005054F45241000000007C060540000000A0EB6D5FC10000006054F4524100000000A8C40740
1536,STREET,CROSSING,roads.cga,Start,Alley,Major Edge,MAJOR,645.00000000,417195.00000000,12.00000000,0.00000000,1.00000000,0.00000000,3.50000000,644.00000000,0.00000000,t,01050000A0110F00000100000001020000800200000000000080966C5FC10000003057F5524100000000E8F51340000000C0956C5FC10000006050F5524100000000E8F51340
1537,CROSSING,STREET,roads.cga,Start,FultonStreet,Major Edge,MAJOR,390.00000000,-258260.00000000,14.00000000,0.00000000,1.00000000,0.00000000,3.50000000,389.00000000,0.00000000,t,01050000A0110F00000100000001020000800200000000000080B46D5FC1000000F067F5524100000000D3B71F4000000050C06D5FC1000000706DF55241000000007E491D40
1538,STREET,CROSSING,roads.cga,Start,GreenwichStreet,Major Edge,MAJOR,93.00000000,515711.00000000,18.00000000,0.00000000,1.00000000,0.00000000,3.50000000,92.00000000,0.00000000,t,01050000A0110F000001000000010200008002000000000000E0E96D5FC1000000B057F5524100000000EC9B114000000040EC6D5FC1000000A04DF5524100000000C0711040
1539,CROSSING,CROSSING,roads.cga,Start,WaterStreet,Major Edge,MAJOR,613.00000000,231022.00000000,16.00000000,0.00000000,1.00000000,0.00000000,3.50000000,612.00000000,0.00000000,t,01050000A0110F00000100000001020000800200000000000060AC6D5FC1000000A03BF4524100000000F87DF23F00000050A46D5FC10000004042F4524100000000FC670040
1540,CROSSING,CROSSING,piers.cga,Start,Pier,Major Edge,MAJOR,606.00000000,231022.00000000,6.00000000,0.00000000,1.00000000,0.00000000,3.50000000,605.00000000,0.00000000,t,01050000A0110F00000100000001020000800200000000000000946C5FC10000002013F5524100000000F87DF23F00000030936C5FC10000006010F5524100000000F87DF23F
1541,STREET,STREET,roads.cga,Start,MulberryStreet,Major Edge,MAJOR,326.00000000,135581.00000000,14.00000000,0.00000000,1.00000000,0.00000000,3.50000000,325.00000000,0.00000000,t,01050000A0110F00000100000001020000800200000000000020616C5FC10000007048F6524100000080E3622340000000205D6C5FC1000000C050F652410000004060D82240
1542,CROSSING,STREET,roads.cga,Start,MottStreet,Major Edge,MAJOR,372.00000000,135581.00000000,12.00000000,0.00000000,1.00000000,0.00000000,3.50000000,371.00000000,0.00000000,t,01050000A0110F00000100000001020000800200000000000050426C5FC1000000D04FF65241000000C0CDB52440000000A03D6C5FC1000000105AF65241000000805B5E2440
1543,CROSSING,STREET,roads.cga,Start,Ferry Street,Major Edge,MAJOR,224.00000000,487402.00000000,12.00000000,0.00000000,1.00000000,0.00000000,3.50000000,223.00000000,0.00000000,t,01050000A0110F00000100000001020000800200000000000030E56C5FC10000002010F5524100000000E44F164000000060E06C5FC10000009009F552410000000089C61540
1544,STREET,CROSSING,piers.cga,Start,Pier,Major Edge,MAJOR,606.00000000,231022.00000000,6.00000000,0.00000000,1.00000000,0.00000000,3.50000000,605.00000000,0.00000000,t,01050000A0110F000001000000010200008002000000000000C0FA6D5FC10000007050F5524100000000F87DF23F00000080F86D5FC10000007054F5524100000000F87DF23F
1545,CROSSING,STREET,roads.cga,Start,WBroadway,Major Edge,MAJOR,546.00000000,515711.00000000,18.00000000,0.00000000,1.00000000,0.00000000,3.50000000,545.00000000,0.00000000,t,01050000A0110F00000100000001020000800200000000000060AC6D5FC100000070D0F55241000000004EDB164000000020B36D5FC100000000C6F5524100000000E44F1640
1546,CROSSING,CROSSING,piers.cga,Start,Pier,Major Edge,MAJOR,606.00000000,231022.00000000,6.00000000,0.00000000,1.00000000,0.00000000,3.50000000,605.00000000,0.00000000,t,01050000A0110F000001000000010200008002000000000000F0ED6C5FC1000000A0C5F4524100000000F87DF23F00000060F26C5FC1000000B0C2F4524100000000F87DF23F
1547,STREET,STREET,roads.cga,Start,MarketfieldStreet,Major Edge,MAJOR,415.00000000,231022.00000000,10.00000000,0.00000000,1.00000000,0.00000000,3.50000000,414.00000000,0.00000000,t,01050000A0110F000001000000010200008002000000000000E0ED6D5FC1000000F06BF4524100000000E0830E40000000D0F86D5FC1000000C06AF4524100000000E4A60E40
1548,CROSSING,CROSSING,roads.cga,Start,GravelStreet,Major Edge,MAJOR,665.00000000,231022.00000000,6.00000000,0.00000000,1.00000000,0.00000000,3.50000000,664.00000000,0.00000000,t,01050000A0110F00000100000001020000800200000000000010116E5FC1000000201AF4524100000000FC670040000000C0186E5FC1000000A018F4524100000000F87DF23F
1549,CROSSING,STREET,roads.cga,Start,WaterStreet,Major Edge,MAJOR,171.00000000,231022.00000000,16.00000000,0.00000000,1.00000000,0.00000000,3.50000000,170.00000000,0.00000000,t,01050000A0110F00000100000001020000800200000000000070886D5FC10000001059F4524100000000806B0140000000F0836D5FC1000000105DF4524100000000FEF10340
1550,CROSSING,STREET,piers.cga,Start,Pier,Major Edge,MAJOR,606.00000000,231022.00000000,6.00000000,0.00000000,1.00000000,0.00000000,3.50000000,605.00000000,0.00000000,t,01050000A0110F000001000000010200008002000000000000C0C66C5FC100000030E1F4524100000000F87DF23F00000080C56C5FC100000030DFF4524100000000F87DF23F
1551,STREET,CROSSING,piers.cga,Start,Pier,Major Edge,MAJOR,606.00000000,231022.00000000,6.00000000,0.00000000,1.00000000,0.00000000,3.50000000,605.00000000,0.00000000,t,01050000A0110F000001000000010200008002000000000000A0996C5FC1000000300DF5524100000000F87DF23F000000E09F6C5FC1000000200AF5524100000000F87DF23F
1552,STREET,CROSSING,roads.cga,Start,gravel,Major Edge,MAJOR,415.00000000,231022.00000000,10.00000000,0.00000000,1.00000000,0.00000000,3.50000000,414.00000000,0.00000000,t,01050000A0110F000001000000010200008002000000000000001F6E5FC10000000067F4524100000000EC9B1140000000D0256E5FC10000006066F4524100000000EC9B1140
1553,STREET,STREET,roads.cga,Start,Broadway,Major Edge,MAJOR,260.00000000,-258260.00000000,24.00000000,0.00000000,1.00000000,0.00000000,3.50000000,259.00000000,2.00000000,t,01050000A0110F00000100000001020000800200000000000090066D5FC10000001028F6524100000080E3622340000000D0FF6C5FC10000002033F6524100000080E5352240
1554,CROSSING,CROSSING,roads.cga,Start,Broadway,Major Edge,MAJOR,260.00000000,-258260.00000000,6.00000000,0.00000000,1.00000000,0.00000000,3.50000000,259.00000000,0.00000000,t,01050000A0110F000001000000010200008002000000000000C0F76D5FC10000000017F4524100000000FC670040000000F0F36D5FC10000003006F4524100000000F87DF23F
1555,CROSSING,STREET,roads.cga,Start,Prince Street,Major Edge,MAJOR,540.00000000,417195.00000000,12.00000000,0.00000000,1.00000000,0.00000000,3.50000000,539.00000000,0.00000000,t,01050000A0110F00000100000001020000800200000000000030D86C5FC1000000F06BF5524100000080D85D1D4000000060E36C5FC10000007066F5524100000080D8E61C40
1556,CROSSING,STREET,roads.cga,Start,BroadStreet,Major Edge,MAJOR,101.00000000,-122417.00000000,16.00000000,0.00000000,1.00000000,0.00000000,3.50000000,100.00000000,0.00000000,t,01050000A0110F000001000000010200008002000000000000507D6D5FC1000000601EF552410000000027282140000000B0786D5FC10000009024F5524100000080E5352240
1557,STREET,CROSSING,roads.cga,Start,Stone Street,Major Edge,MAJOR,61.00000000,231022.00000000,12.00000000,0.00000000,1.00000000,0.00000000,3.50000000,60.00000000,0.00000000,t,01050000A0110F000001000000010200008002000000000000C0D06D5FC1000000F001F5524100000080E362234000000050D96D5FC10000000007F5524100000080A6C42040
1558,CROSSING,CROSSING,Landscape_Design_Greenspace/Greenspace Construction.cga,GreenSpace,greenspace,Major Edge,MAJOR,38.00000000,-258260.00000000,12.00000000,0.00000000,1.00000000,0.00000000,3.50000000,37.00000000,0.00000000,t,01050000A0110F00000100000001020000800200000000000010686D5FC1000000F08BF55241000000C0DFBC254000000090606D5FC1000000A085F55241000000C0DDE92640
1559,CROSSING,CROSSING,roads.cga,Start,DivisionStreet,Major Edge,MAJOR,338.00000000,135581.00000000,12.00000000,0.00000000,1.00000000,0.00000000,3.50000000,337.00000000,0.00000000,t,01050000A0110F00000100000001020000800200000000000000EB6B5FC1000000A0CCF55241000000C0DB16284000000010E96B5FC1000000D0CCF55241000000C0DB162840
1560,CROSSING,CROSSING,roads.cga,Start,gravel,Major Edge,MAJOR,607.00000000,231022.00000000,10.00000000,0.00000000,1.00000000,0.00000000,3.50000000,606.00000000,0.00000000,t,01050000A0110F00000100000001020000800200000000000030036E5FC10000001097F452410000000000701C40000030D6066E5FC1000000D198F45241000000802E291C40
1561,CROSSING,CROSSING,roads.cga,Start,GreenwichStreet,Major Edge,MAJOR,93.00000000,515711.00000000,18.00000000,0.00000000,1.00000000,0.00000000,3.50000000,92.00000000,0.00000000,t,01050000A0110F00000100000001020000800200000000000010E26D5FC1000000507CF5524100000000EC9B114000000050E56D5FC10000000068F5524100000000E8F51340
1562,STREET,STREET,roads.cga,Start,New Street,Major Edge,MAJOR,427.00000000,231022.00000000,14.00000000,0.00000000,1.00000000,0.00000000,3.50000000,426.00000000,0.00000000,t,01050000A0110F00000100000001020000800200000000000040D86D5FC100000000BAF4524100000000F00E1B4000000040D46D5FC100000000C2F4524100000080EF491D40
1563,CROSSING,CROSSING,roads.cga,Start,Rutgers Street,Major Edge,MAJOR,323.00000000,417195.00000000,10.00000000,0.00000000,1.00000000,0.00000000,3.50000000,322.00000000,0.00000000,t,01050000A0110F000001000000010200008002000000000000C0856C5FC10000000052F5524100000000EC9B1140000000C0956C5FC10000006050F5524100000000E8F51340
1564,CROSSING,STREET,piers.cga,Start,Pier,Major Edge,MAJOR,606.00000000,231022.00000000,6.00000000,0.00000000,1.00000000,0.00000000,3.50000000,605.00000000,0.00000000,t,01050000A0110F00000100000001020000800200000000000070876D5FC1000000B025F4524100000000F87DF23F00000040846D5FC10000002028F4524100000000F87DF23F
1565,CROSSING,STREET,piers.cga,Start,Pier,Major Edge,MAJOR,606.00000000,231022.00000000,6.00000000,0.00000000,1.00000000,0.00000000,3.50000000,605.00000000,0.00000000,t,01050000A0110F000001000000010200008002000000000000506A6C5FC10000003019F5524100000000F87DF23F000000C0646C5FC1000000501AF5524100000000F87DF23F
1566,CROSSING,CROSSING,roads.cga,Start,William Street,Major Edge,MAJOR,63.00000000,-33958.00000000,14.00000000,0.00000000,1.00000000,0.00000000,3.50000000,62.00000000,0.00000000,t,01050000A0110F00000100000001020000800200000000000080A86D5FC1000000B084F4524100000000EC9B1140000000C0A96D5FC1000000F07CF452410000000082040F40
1567,STREET,DEAD_END,piers.cga,Start,Pier,Major Edge,MAJOR,606.00000000,231022.00000000,6.00000000,0.00000000,1.00000000,0.00000000,3.50000000,605.00000000,0.00000000,t,01050000A0110F000001000000010200008002000000000000408B6D5FC1000000A022F4524100000000F87DF23F000088768B6D5FC10000D07322F4524100000000F87DF23F
1568,CROSSING,STREET,roads.cga,Start,gravel,Major Edge,MAJOR,282.00000000,247456.00000000,12.00000000,0.00000000,1.00000000,0.00000000,3.50000000,281.00000000,0.00000000,t,01050000A0110F00000100000001020000800200000000000070176E5FC1000000904CF4524100000000E8CF0940000000B0156E5FC1000000E045F4524100000000E8CF0940
1569,CROSSING,STREET,roads.cga,Start,CanalStreet,Major Edge,MAJOR,52.00000000,135581.00000000,20.00000000,0.00000000,1.00000000,0.00000000,3.50000000,51.00000000,0.00000000,t,01050000A0110F000001000000010200008002000000000000709C6B5FC1000000A0DAF55241000000C0DDE92640000000108A6B5FC100000040DCF55241000000403DB92440
1570,STREET,STREET,roads.cga,Start,Trinity PL / Lumber Street,Major Edge,MAJOR,133.00000000,231022.00000000,10.00000000,0.00000000,1.00000000,0.00000000,3.50000000,132.00000000,0.00000000,t,01050000A0110F00000100000001020000800200000000000040106E5FC100000050B4F4524100000000EDE11440000000C0146E5FC100000010ABF45241000000004EEC1340
1571,STREET,CROSSING,roads.cga,Start,William Street,Major Edge,MAJOR,503.00000000,693240.00000000,14.00000000,0.00000000,1.00000000,0.00000000,3.50000000,502.00000000,0.00000000,t,01050000A0110F000001000000010200008002000000000000704B6D5FC1000000E016F5524100000080E7082140000000F0446D5FC1000000301FF5524100000080805D2140
1572,CROSSING,CROSSING,roads.cga,Start,Orange Street,Major Edge,MAJOR,18.00000000,135581.00000000,12.00000000,0.00000000,1.00000000,0.00000000,3.50000000,17.00000000,0.00000000,t,01050000A0110F00000100000001020000800200000000000000076D5FC1000000B0A2F55241000000002DBD2440000000D0F96C5FC1000000F0ADF5524100000080E5352240
1573,STREET,CROSSING,roads.cga,Start,EldrldgStreet,Major Edge,MAJOR,20.00000000,135581.00000000,14.00000000,0.00000000,1.00000000,0.00000000,3.50000000,19.00000000,0.00000000,t,01050000A0110F00000100000001020000800200000000000090CF6B5FC10000001011F65241000000C0DB162840000000F0CA6B5FC1000000001DF65241000000C0DB162840
1574,STREET,STREET,roads.cga,Start,BridgeStreet,Major Edge,MAJOR,64.00000000,231022.00000000,12.00000000,0.00000000,1.00000000,0.00000000,3.50000000,63.00000000,0.00000000,t,01050000A0110F000001000000010200008002000000000000C0F66D5FC1000000B043F4524100000000F6D6064000000030EC6D5FC1000000A043F4524100000000F41B0540
1575,CROSSING,CROSSING,roads.cga,Start,GravelStreet,Major Edge,MAJOR,606.00000000,231022.00000000,8.00000000,0.00000000,1.00000000,0.00000000,3.50000000,605.00000000,0.00000000,t,01050000A0110F000001000000010200008002000000000000D0FB6D5FC1000000E017F5524100000000E8CF0940000000700A6E5FC10000009020F5524100000000F87DF23F
1576,CROSSING,CROSSING,roads.cga,Start,GravelStreet,Major Edge,MAJOR,64.00000000,231022.00000000,8.00000000,0.00000000,1.00000000,0.00000000,3.50000000,63.00000000,0.00000000,t,01050000A0110F000001000000010200008002000000000000A0216E5FC10000004049F4524100000000F85E0B40000000101C6E5FC1000000803CF4524100000000E8CF0940
1577,STREET,STREET,piers.cga,Start,Pier,Major Edge,MAJOR,606.00000000,231022.00000000,6.00000000,0.00000000,1.00000000,0.00000000,3.50000000,605.00000000,0.00000000,t,01050000A0110F00000100000001020000800200000000000070386E5FC1000000004FF4524100000000F87DF23F000000A0416E5FC10000005053F4524100000000F87DF23F
1578,CROSSING,STREET,roads.cga,Start,DivisionStreet,Major Edge,MAJOR,697.00000000,135581.00000000,12.00000000,0.00000000,1.00000000,0.00000000,3.50000000,696.00000000,0.00000000,t,01050000A0110F00000100000001020000800200000000000010E96B5FC1000000D0CCF55241000000C0DB16284000000080D96B5FC100000030CEF55241000000C0DB162840
1579,CROSSING,CROSSING,roads.cga,Start,gravel,Major Edge,MAJOR,665.00000000,231022.00000000,16.00000000,0.00000000,1.00000000,0.00000000,3.50000000,664.00000000,0.00000000,t,01050000A0110F00000100000001020000800200000000000040016E5FC1000000301DF4524100000000FC67004000000050096E5FC1000000A01BF4524100000000FC670040
1580,STREET,CROSSING,roads.cga,Start,PearlStreet,Major Edge,MAJOR,18.00000000,135581.00000000,14.00000000,0.00000000,1.00000000,0.00000000,3.50000000,17.00000000,0.00000000,t,01050000A0110F00000100000001020000800200000000000050CB6C5FC100000070CBF5524100000000774D164000000020D16C5FC1000000B0D3F5524100000000E44F1640
1581,CROSSING,CROSSING,piers.cga,Start,Pier,Major Edge,MAJOR,606.00000000,231022.00000000,6.00000000,0.00000000,1.00000000,0.00000000,3.50000000,605.00000000,0.00000000,t,01050000A0110F000001000000010200008002000000000000303F6D5FC1000000207CF4524100000000F87DF23F000000C03A6D5FC10000008077F4524100000000F87DF23F
1582,CROSSING,CROSSING,roads.cga,Start,GravelStreet,Major Edge,MAJOR,42.00000000,247456.00000000,10.00000000,0.00000000,1.00000000,0.00000000,3.00000000,41.00000000,0.00000000,t,01050000A0110F000001000000010200008002000000000000008C6D5FC1000000A077F4524100000000EC9B1140000000F08A6D5FC10000003072F4524100000000E0830E40
1583,CROSSING,STREET,roads.cga,Start,GravelStreet,Major Edge,MAJOR,282.00000000,247456.00000000,6.00000000,0.00000000,1.00000000,0.00000000,3.50000000,281.00000000,0.00000000,t,01050000A0110F00000100000001020000800200000000000050096E5FC1000000A01BF4524100000000FC670040000000D0096E5FC10000008011F4524100000000FC670040
1584,STREET,STREET,roads.cga,Start,FultonStreet,Major Edge,MAJOR,506.00000000,-258260.00000000,14.00000000,0.00000000,1.00000000,0.00000000,3.50000000,505.00000000,0.00000000,t,01050000A0110F000001000000010200008002000000000000B0986D5FC1000000D056F5524100000080E362234000000090A26D5FC1000000505DF5524100000080E5352240
1585,STREET,STREET,roads.cga,Start,LibertyStreet,Major Edge,MAJOR,498.00000000,231022.00000000,30.00000000,0.00000000,1.00000000,0.00000000,3.50000000,497.00000000,0.00000000,t,01050000A0110F000001000000010200008002000000000000504A6D5FC1000000F0B1F4524100000000FC670040000000F0446D5FC100000060ACF4524100000000FC670040
1586,STREET,CROSSING,roads.cga,Start,James Street,Major Edge,MAJOR,182.00000000,417195.00000000,14.00000000,0.00000000,1.00000000,0.00000000,3.50000000,181.00000000,0.00000000,t,01050000A0110F00000100000001020000800200000000000000766C5FC1000000E09BF552410000000050441B4000000030796C5FC100000000ABF5524100000080D85D1D40
1587,STREET,CROSSING,piers.cga,Start,Pier,Major Edge,MAJOR,606.00000000,231022.00000000,6.00000000,0.00000000,1.00000000,0.00000000,3.50000000,605.00000000,0.00000000,t,01050000A0110F000001000000010200008002000000000000F03A6E5FC10000005074F4524100000000F87DF23F00000010376E5FC10000008079F4524100000000F87DF23F
1588,STREET,STREET,roads.cga,Start,PearlStreet,Major Edge,MAJOR,532.00000000,-365802.00000000,16.00000000,0.00000000,1.00000000,0.00000000,3.50000000,531.00000000,0.00000000,t,01050000A0110F00000100000001020000800200000000000080AF6C5FC10000008034F5524100000000E1A9184000000060AD6C5FC1000000E038F5524100000000E1A91840
1589,CROSSING,STREET,roads.cga,Start,Bayard Street,Major Edge,MAJOR,139.00000000,135581.00000000,8.00000000,0.00000000,1.00000000,0.00000000,3.50000000,138.00000000,0.00000000,t,01050000A0110F00000100000001020000800200000000000040026C5FC100000000D5F5524100000000061A2A40000000D0F36B5FC100000070D1F55241000000C0D9432940
1590,CROSSING,CROSSING,roads.cga,Start,gravel,Major Edge,MAJOR,607.00000000,231022.00000000,10.00000000,0.00000000,1.00000000,0.00000000,3.50000000,606.00000000,0.00000000,t,01050000A0110F000001000000010200008002000000000000E0056E5FC10000004031F4524100000000F41B054000000040016E5FC1000000301DF4524100000000FC670040
