id,block_id,on_plate,alignment_class,cell_class,block_coverage_class,split,negatives_allowed_in_block
23,152,True,weak_ink_support,loose_placement,exhaustive,val,True
25,5,True,weak_ink_support,loose_placement,partial,train,False
26,88,True,weak_ink_support,loose_placement,partial,train,False
27,1,True,weak_ink_support,loose_placement,partial,val,False
28,156,True,weak_ink_support,loose_placement,partial,train,False
30,165,True,weak_ink_support,loose_placement,partial,train,False
31,2,True,weak_ink_support,loose_placement,partial,train,False
34,87,True,aligned,traced_merged_cells,partial,train,False
35,173,True,weak_ink_support,loose_placement,partial,train,False
37,180,True,aligned,loose_placement,partial,train,False
38,169,True,weak_ink_support,loose_placement,partial,train,False
39,45,True,weak_ink_support,loose_placement,partial,train,False
40,76,True,aligned,traced_merged_cells,partial,train,False
44,225,True,weak_ink_support,loose_placement,partial,train,False
45,29,True,weak_ink_support,loose_placement,partial,train,False
46,0,True,weak_ink_support,blank_plate,exhaustive,val,True
47,159,True,weak_ink_support,loose_placement,exhaustive,train,True
48,150,False,off_plate,off_plate,off_plate,excluded_off_plate,False
53,195,True,aligned,loose_placement,partial,train,False
55,259,True,weak_ink_support,loose_placement,partial,train,False
79,152,True,weak_ink_support,loose_placement,exhaustive,val,True
81,5,True,weak_ink_support,loose_placement,partial,train,False
82,88,True,weak_ink_support,loose_placement,partial,train,False
83,1,True,weak_ink_support,loose_placement,partial,val,False
84,156,True,weak_ink_support,loose_placement,partial,train,False
86,165,True,weak_ink_support,loose_placement,partial,train,False
87,2,True,weak_ink_support,loose_placement,partial,train,False
90,87,True,aligned,loose_placement,partial,train,False
94,169,True,weak_ink_support,loose_placement,partial,train,False
95,45,True,weak_ink_support,loose_placement,partial,train,False
96,76,True,weak_ink_support,loose_placement,partial,train,False
100,225,True,weak_ink_support,loose_placement,partial,train,False
101,29,True,weak_ink_support,traced_merged_cells,partial,train,False
104,150,False,off_plate,off_plate,off_plate,excluded_off_plate,False
106,55,True,aligned,traced_single_cell,partial,train,False
109,195,True,weak_ink_support,loose_placement,partial,train,False
111,259,True,weak_ink_support,loose_placement,partial,train,False
135,152,True,weak_ink_support,loose_placement,exhaustive,val,True
137,5,True,aligned,traced_single_cell,partial,train,False
138,88,True,weak_ink_support,loose_placement,partial,train,False
139,1,True,weak_ink_support,loose_placement,partial,val,False
140,156,True,aligned,loose_placement,partial,train,False
142,165,True,weak_ink_support,loose_placement,partial,train,False
143,2,True,weak_ink_support,traced_merged_cells,partial,train,False
146,87,True,weak_ink_support,loose_placement,partial,train,False
150,169,True,weak_ink_support,loose_placement,partial,train,False
151,45,True,weak_ink_support,loose_placement,partial,train,False
152,76,True,aligned,traced_single_cell,partial,train,False
156,225,True,weak_ink_support,loose_placement,partial,train,False
157,29,True,aligned,loose_placement,partial,train,False
159,85,True,aligned,loose_placement,partial,train,False
162,55,True,weak_ink_support,loose_placement,partial,train,False
163,89,True,weak_ink_support,loose_placement,partial,train,False
165,195,True,weak_ink_support,loose_placement,partial,train,False
167,259,True,weak_ink_support,traced_single_cell,partial,train,False
191,152,True,weak_ink_support,loose_placement,exhaustive,val,True
193,5,True,weak_ink_support,loose_placement,partial,train,False
194,88,True,weak_ink_support,loose_placement,partial,train,False
195,1,True,weak_ink_support,loose_placement,partial,val,False
196,156,True,weak_ink_support,loose_placement,partial,train,False
198,165,True,weak_ink_support,traced_merged_cells,partial,train,False
199,2,True,weak_ink_support,loose_placement,partial,train,False
201,96,False,off_plate,off_plate,off_plate,excluded_off_plate,False
202,87,True,weak_ink_support,traced_merged_cells,partial,train,False
206,169,True,weak_ink_support,loose_placement,partial,train,False
207,45,True,weak_ink_support,loose_placement,partial,train,False
208,76,True,weak_ink_support,loose_placement,partial,train,False
212,225,True,modern_proxy_suspect,loose_placement,partial,train,False
213,29,True,weak_ink_support,loose_placement,partial,train,False
214,10,True,aligned,loose_placement,sparse,train,False
215,85,True,aligned,loose_placement,partial,train,False
218,55,True,aligned,loose_placement,partial,train,False
221,195,True,weak_ink_support,loose_placement,partial,train,False
223,259,True,weak_ink_support,loose_placement,partial,train,False
247,152,True,weak_ink_support,loose_placement,exhaustive,val,True
248,81,True,weak_ink_support,blank_plate,no_drawn_cells,val,False
249,5,True,weak_ink_support,loose_placement,partial,train,False
251,1,True,weak_ink_support,blank_plate,partial,val,False
252,156,True,weak_ink_support,traced_merged_cells,partial,train,False
254,165,True,aligned,traced_single_cell,partial,train,False
255,2,True,weak_ink_support,loose_placement,partial,train,False
257,96,False,off_plate,off_plate,off_plate,excluded_off_plate,False
258,87,True,aligned,traced_single_cell,partial,train,False
262,169,True,weak_ink_support,loose_placement,partial,train,False
263,45,True,weak_ink_support,loose_placement,partial,train,False
264,76,True,weak_ink_support,loose_placement,partial,train,False
268,225,True,weak_ink_support,traced_merged_cells,partial,train,False
269,29,True,weak_ink_support,loose_placement,partial,train,False
271,85,True,aligned,traced_merged_cells,partial,train,False
274,55,True,aligned,loose_placement,partial,train,False
277,195,True,weak_ink_support,loose_placement,partial,train,False
278,12,True,weak_ink_support,loose_placement,partial,train,False
279,259,True,weak_ink_support,loose_placement,partial,train,False
303,152,True,weak_ink_support,loose_placement,exhaustive,val,True
304,81,True,weak_ink_support,blank_plate,no_drawn_cells,val,False
305,5,True,weak_ink_support,loose_placement,partial,train,False
306,88,True,aligned,loose_placement,partial,train,False
307,1,True,weak_ink_support,blank_plate,partial,val,False
308,156,True,weak_ink_support,traced_merged_cells,partial,train,False
309,100,True,weak_ink_support,loose_placement,sparse,train,False
310,165,True,aligned,traced_single_cell,partial,train,False
311,2,True,weak_ink_support,loose_placement,partial,train,False
313,96,False,off_plate,off_plate,off_plate,excluded_off_plate,False
314,87,True,weak_ink_support,loose_placement,partial,train,False
318,169,True,weak_ink_support,loose_placement,partial,train,False
324,225,True,weak_ink_support,traced_merged_cells,partial,train,False
325,29,True,weak_ink_support,loose_placement,partial,train,False
326,10,True,weak_ink_support,loose_placement,sparse,train,False
328,150,False,off_plate,off_plate,off_plate,excluded_off_plate,False
330,55,True,aligned,traced_merged_cells,partial,train,False
333,195,True,weak_ink_support,loose_placement,partial,train,False
334,12,True,weak_ink_support,loose_placement,partial,train,False
335,259,True,weak_ink_support,loose_placement,partial,train,False
359,152,True,weak_ink_support,loose_placement,exhaustive,val,True
360,81,True,weak_ink_support,blank_plate,no_drawn_cells,val,False
361,5,True,weak_ink_support,loose_placement,partial,train,False
362,88,True,weak_ink_support,loose_placement,partial,train,False
363,1,True,weak_ink_support,blank_plate,partial,val,False
364,156,True,weak_ink_support,traced_merged_cells,partial,train,False
365,100,True,weak_ink_support,loose_placement,sparse,train,False
366,165,True,aligned,traced_single_cell,partial,train,False
367,2,True,weak_ink_support,loose_placement,partial,train,False
369,96,False,off_plate,off_plate,off_plate,excluded_off_plate,False
370,87,True,weak_ink_support,loose_placement,partial,train,False
374,169,True,weak_ink_support,loose_placement,partial,train,False
376,118,True,weak_ink_support,loose_placement,partial,train,False
377,58,True,weak_ink_support,blank_plate,no_drawn_cells,val,False
380,225,True,aligned,loose_placement,partial,train,False
381,29,True,weak_ink_support,loose_placement,partial,train,False
384,150,False,off_plate,off_plate,off_plate,excluded_off_plate,False
385,221,False,off_plate,off_plate,off_plate,excluded_off_plate,False
386,55,True,aligned,traced_single_cell,partial,train,False
390,12,True,weak_ink_support,loose_placement,partial,train,False
391,259,True,weak_ink_support,traced_single_cell,partial,train,False
415,152,True,weak_ink_support,loose_placement,exhaustive,val,True
416,81,True,weak_ink_support,blank_plate,no_drawn_cells,val,False
417,5,True,weak_ink_support,loose_placement,partial,train,False
418,88,True,weak_ink_support,loose_placement,partial,train,False
419,1,True,weak_ink_support,loose_placement,partial,val,False
420,156,True,weak_ink_support,loose_placement,partial,train,False
421,100,True,weak_ink_support,loose_placement,sparse,train,False
422,165,True,weak_ink_support,traced_single_cell,partial,train,False
423,2,True,weak_ink_support,loose_placement,partial,train,False
426,87,True,weak_ink_support,loose_placement,partial,train,False
427,173,True,weak_ink_support,loose_placement,partial,train,False
429,72,True,weak_ink_support,loose_placement,partial,train,False
430,169,True,weak_ink_support,loose_placement,partial,train,False
432,118,True,weak_ink_support,loose_placement,partial,train,False
436,225,True,aligned,loose_placement,partial,train,False
437,29,True,weak_ink_support,loose_placement,partial,train,False
438,10,True,weak_ink_support,loose_placement,sparse,train,False
439,90,False,off_plate,off_plate,off_plate,excluded_off_plate,False
440,150,False,off_plate,off_plate,off_plate,excluded_off_plate,False
441,221,False,off_plate,off_plate,off_plate,excluded_off_plate,False
442,55,True,weak_ink_support,loose_placement,partial,train,False
446,12,True,weak_ink_support,loose_placement,partial,train,False
447,259,True,weak_ink_support,traced_merged_cells,partial,train,False
471,152,True,weak_ink_support,loose_placement,exhaustive,val,True
474,88,True,aligned,traced_merged_cells,partial,train,False
475,1,True,weak_ink_support,loose_placement,partial,val,False
476,156,True,weak_ink_support,loose_placement,partial,train,False
477,100,True,weak_ink_support,loose_placement,sparse,train,False
478,165,True,weak_ink_support,loose_placement,partial,train,False
479,2,True,weak_ink_support,loose_placement,partial,train,False
482,87,True,weak_ink_support,loose_placement,partial,train,False
483,173,True,aligned,loose_placement,partial,train,False
485,72,True,weak_ink_support,loose_placement,partial,train,False
487,27,True,aligned,loose_placement,partial,train,False
488,118,True,modern_proxy_suspect,loose_placement,partial,train,False
492,225,True,aligned,loose_placement,partial,train,False
493,29,True,weak_ink_support,loose_placement,partial,train,False
495,90,False,off_plate,off_plate,off_plate,excluded_off_plate,False
496,150,False,off_plate,off_plate,off_plate,excluded_off_plate,False
497,221,False,off_plate,off_plate,off_plate,excluded_off_plate,False
498,55,True,weak_ink_support,loose_placement,partial,train,False
502,12,True,weak_ink_support,loose_placement,partial,train,False
503,259,True,weak_ink_support,loose_placement,partial,train,False
527,152,True,weak_ink_support,loose_placement,exhaustive,val,True
529,44,True,aligned,traced_merged_cells,sparse,train,False
531,1,True,aligned,loose_placement,partial,val,False
532,156,True,weak_ink_support,loose_placement,partial,train,False
533,100,True,weak_ink_support,loose_placement,sparse,train,False
535,2,True,weak_ink_support,loose_placement,partial,train,False
538,87,True,weak_ink_support,loose_placement,partial,train,False
539,173,True,aligned,traced_merged_cells,partial,train,False
541,72,True,weak_ink_support,loose_placement,partial,train,False
543,27,True,weak_ink_support,loose_placement,partial,train,False
544,118,True,modern_proxy_suspect,loose_placement,partial,train,False
549,29,True,weak_ink_support,loose_placement,partial,train,False
550,10,True,weak_ink_support,loose_placement,sparse,train,False
552,150,False,off_plate,off_plate,off_plate,excluded_off_plate,False
553,221,False,off_plate,off_plate,off_plate,excluded_off_plate,False
554,55,True,weak_ink_support,loose_placement,partial,train,False
555,89,True,aligned,loose_placement,partial,train,False
558,12,True,weak_ink_support,loose_placement,partial,train,False
559,259,True,aligned,loose_placement,partial,train,False
583,152,True,weak_ink_support,loose_placement,exhaustive,val,True
585,44,True,aligned,loose_placement,sparse,train,False
586,88,True,aligned,loose_placement,partial,train,False
587,1,True,weak_ink_support,loose_placement,partial,val,False
588,156,True,weak_ink_support,loose_placement,partial,train,False
589,100,True,weak_ink_support,loose_placement,sparse,train,False
591,2,True,weak_ink_support,loose_placement,partial,train,False
593,96,False,off_plate,off_plate,off_plate,excluded_off_plate,False
594,87,True,weak_ink_support,loose_placement,partial,train,False
595,173,True,weak_ink_support,loose_placement,partial,train,False
597,72,True,aligned,traced_single_cell,partial,train,False
599,27,True,weak_ink_support,loose_placement,partial,train,False
600,118,True,modern_proxy_suspect,loose_placement,partial,train,False
604,252,True,weak_ink_support,traced_single_cell,exhaustive,train,True
605,29,True,weak_ink_support,loose_placement,partial,train,False
607,90,False,off_plate,off_plate,off_plate,excluded_off_plate,False
610,55,True,weak_ink_support,loose_placement,partial,train,False
614,12,True,weak_ink_support,loose_placement,partial,train,False
639,152,True,weak_ink_support,loose_placement,exhaustive,val,True
641,44,True,aligned,loose_placement,sparse,train,False
642,88,True,weak_ink_support,loose_placement,partial,train,False
643,1,True,aligned,loose_placement,partial,val,False
644,156,True,aligned,traced_merged_cells,partial,train,False
645,100,True,weak_ink_support,loose_placement,sparse,train,False
647,2,True,weak_ink_support,loose_placement,partial,train,False
649,96,False,off_plate,off_plate,off_plate,excluded_off_plate,False
650,87,True,weak_ink_support,loose_placement,partial,train,False
651,173,True,weak_ink_support,loose_placement,partial,train,False
653,72,True,weak_ink_support,loose_placement,partial,train,False
655,27,True,weak_ink_support,loose_placement,partial,train,False
656,118,True,modern_proxy_suspect,loose_placement,partial,train,False
660,252,True,weak_ink_support,loose_placement,exhaustive,train,True
661,29,True,aligned,loose_placement,partial,train,False
663,90,False,off_plate,off_plate,off_plate,excluded_off_plate,False
670,12,True,weak_ink_support,loose_placement,partial,train,False
695,152,True,weak_ink_support,loose_placement,exhaustive,val,True
697,44,True,aligned,loose_placement,sparse,train,False
698,88,True,weak_ink_support,loose_placement,partial,train,False
699,1,True,weak_ink_support,loose_placement,partial,val,False
700,156,True,aligned,loose_placement,partial,train,False
701,100,True,weak_ink_support,loose_placement,sparse,train,False
702,19,True,weak_ink_support,loose_placement,sparse,train,False
703,2,True,aligned,loose_placement,partial,train,False
705,96,False,off_plate,off_plate,off_plate,excluded_off_plate,False
706,87,True,weak_ink_support,loose_placement,partial,train,False
707,173,True,weak_ink_support,traced_merged_cells,partial,train,False
708,130,True,weak_ink_support,loose_placement,partial,train,False
709,72,True,weak_ink_support,loose_placement,partial,train,False
711,27,True,weak_ink_support,loose_placement,partial,train,False
712,118,True,weak_ink_support,loose_placement,partial,train,False
716,252,True,weak_ink_support,loose_placement,exhaustive,train,True
717,29,True,weak_ink_support,loose_placement,partial,train,False
718,10,True,weak_ink_support,loose_placement,sparse,train,False
719,90,False,off_plate,off_plate,off_plate,excluded_off_plate,False
726,12,True,weak_ink_support,loose_placement,partial,train,False
727,69,True,weak_ink_support,loose_placement,sparse,train,False
751,152,True,weak_ink_support,loose_placement,exhaustive,val,True
753,44,True,weak_ink_support,loose_placement,sparse,train,False
754,88,True,weak_ink_support,loose_placement,partial,train,False
755,1,True,weak_ink_support,loose_placement,partial,val,False
756,156,True,weak_ink_support,loose_placement,partial,train,False
757,100,True,weak_ink_support,loose_placement,sparse,train,False
758,19,True,weak_ink_support,loose_placement,sparse,train,False
759,2,True,modern_proxy_suspect,traced_merged_cells,partial,train,False
760,74,True,weak_ink_support,loose_placement,sparse,train,False
762,87,True,weak_ink_support,loose_placement,partial,train,False
763,173,True,weak_ink_support,loose_placement,partial,train,False
764,130,True,weak_ink_support,traced_single_cell,partial,train,False
765,72,True,weak_ink_support,traced_merged_cells,partial,train,False
767,27,True,weak_ink_support,loose_placement,partial,train,False
768,118,True,weak_ink_support,loose_placement,partial,train,False
771,83,False,off_plate,off_plate,off_plate,excluded_off_plate,False
772,252,True,weak_ink_support,loose_placement,exhaustive,train,True
773,29,True,weak_ink_support,loose_placement,partial,train,False
774,10,True,weak_ink_support,blank_plate,sparse,train,False
782,12,True,weak_ink_support,loose_placement,partial,train,False
783,69,True,weak_ink_support,loose_placement,sparse,train,False
807,152,True,weak_ink_support,loose_placement,exhaustive,val,True
809,44,True,weak_ink_support,loose_placement,sparse,train,False
810,88,True,weak_ink_support,loose_placement,partial,train,False
811,1,True,weak_ink_support,loose_placement,partial,val,False
812,156,True,weak_ink_support,loose_placement,partial,train,False
813,100,True,weak_ink_support,loose_placement,sparse,train,False
814,19,True,weak_ink_support,loose_placement,sparse,train,False
816,74,True,weak_ink_support,loose_placement,sparse,train,False
818,87,True,weak_ink_support,loose_placement,partial,train,False
819,173,True,weak_ink_support,loose_placement,partial,train,False
820,130,True,weak_ink_support,traced_merged_cells,partial,train,False
821,72,True,weak_ink_support,loose_placement,partial,train,False
822,99,True,weak_ink_support,loose_placement,sparse,val,False
823,27,True,aligned,loose_placement,partial,train,False
824,118,True,weak_ink_support,loose_placement,partial,train,False
827,83,False,off_plate,off_plate,off_plate,excluded_off_plate,False
828,252,True,weak_ink_support,loose_placement,exhaustive,train,True
829,29,True,weak_ink_support,traced_single_cell,partial,train,False
830,10,True,weak_ink_support,blank_plate,sparse,train,False
832,150,False,off_plate,off_plate,off_plate,excluded_off_plate,False
838,12,True,weak_ink_support,loose_placement,partial,train,False
839,69,True,weak_ink_support,loose_placement,sparse,train,False
863,152,True,weak_ink_support,loose_placement,exhaustive,val,True
866,88,True,weak_ink_support,loose_placement,partial,train,False
867,1,True,weak_ink_support,loose_placement,partial,val,False
869,100,True,weak_ink_support,loose_placement,sparse,train,False
870,19,True,weak_ink_support,loose_placement,sparse,train,False
872,74,True,weak_ink_support,loose_placement,sparse,train,False
874,87,True,weak_ink_support,traced_single_cell,partial,train,False
876,130,True,weak_ink_support,loose_placement,partial,train,False
877,72,True,weak_ink_support,loose_placement,partial,train,False
878,99,True,weak_ink_support,loose_placement,sparse,val,False
879,27,True,aligned,loose_placement,partial,train,False
880,118,True,weak_ink_support,loose_placement,partial,train,False
882,13,True,weak_ink_support,loose_placement,exhaustive,train,True
883,83,False,off_plate,off_plate,off_plate,excluded_off_plate,False
884,252,True,aligned,traced_merged_cells,exhaustive,train,True
885,29,True,weak_ink_support,traced_single_cell,partial,train,False
886,10,True,weak_ink_support,loose_placement,sparse,train,False
888,150,False,off_plate,off_plate,off_plate,excluded_off_plate,False
895,69,True,weak_ink_support,loose_placement,sparse,train,False
919,152,True,weak_ink_support,loose_placement,exhaustive,val,True
922,88,True,aligned,traced_merged_cells,partial,train,False
923,1,True,weak_ink_support,loose_placement,partial,val,False
926,19,True,weak_ink_support,loose_placement,sparse,train,False
927,26,True,weak_ink_support,loose_placement,partial,train,False
928,74,True,weak_ink_support,loose_placement,sparse,train,False
930,87,True,weak_ink_support,loose_placement,partial,train,False
932,130,True,weak_ink_support,traced_single_cell,partial,train,False
933,72,True,weak_ink_support,loose_placement,partial,train,False
934,99,True,weak_ink_support,loose_placement,sparse,val,False
935,27,True,weak_ink_support,loose_placement,partial,train,False
936,118,True,weak_ink_support,loose_placement,partial,train,False
938,13,True,weak_ink_support,loose_placement,exhaustive,train,True
940,252,True,weak_ink_support,traced_merged_cells,exhaustive,train,True
941,29,True,weak_ink_support,loose_placement,partial,train,False
942,10,True,weak_ink_support,loose_placement,sparse,train,False
944,150,False,off_plate,off_plate,off_plate,excluded_off_plate,False
946,55,True,weak_ink_support,loose_placement,partial,train,False
950,60,True,aligned,traced_single_cell,partial,train,False
951,69,True,weak_ink_support,loose_placement,sparse,train,False
975,152,True,weak_ink_support,loose_placement,exhaustive,val,True
978,88,True,weak_ink_support,traced_merged_cells,partial,train,False
979,1,True,weak_ink_support,loose_placement,partial,val,False
980,162,True,weak_ink_support,loose_placement,sparse,train,False
982,19,True,weak_ink_support,loose_placement,sparse,train,False
983,26,True,weak_ink_support,loose_placement,partial,train,False
984,74,True,weak_ink_support,loose_placement,sparse,train,False
986,87,True,weak_ink_support,loose_placement,partial,train,False
987,170,True,weak_ink_support,loose_placement,partial,train,False
988,130,True,weak_ink_support,loose_placement,partial,train,False
989,72,True,weak_ink_support,loose_placement,partial,train,False
991,27,True,weak_ink_support,loose_placement,partial,train,False
992,118,True,weak_ink_support,loose_placement,partial,train,False
994,13,True,weak_ink_support,loose_placement,exhaustive,train,True
996,252,True,weak_ink_support,loose_placement,exhaustive,train,True
997,29,True,weak_ink_support,traced_merged_cells,partial,train,False
998,10,True,weak_ink_support,loose_placement,sparse,train,False
1000,150,False,off_plate,off_plate,off_plate,excluded_off_plate,False
1002,55,True,weak_ink_support,loose_placement,partial,train,False
1004,33,False,off_plate,off_plate,off_plate,excluded_off_plate,False
1006,60,True,aligned,traced_merged_cells,partial,train,False
1007,69,True,weak_ink_support,loose_placement,sparse,train,False
1031,152,True,weak_ink_support,loose_placement,exhaustive,val,True
1034,88,True,weak_ink_support,loose_placement,partial,train,False
1035,1,True,weak_ink_support,loose_placement,partial,val,False
1037,64,True,aligned,traced_single_cell,partial,train,False
1038,19,True,weak_ink_support,loose_placement,sparse,train,False
1039,26,True,weak_ink_support,loose_placement,partial,train,False
1040,74,True,weak_ink_support,loose_placement,sparse,train,False
1042,87,True,weak_ink_support,loose_placement,partial,train,False
1043,170,True,weak_ink_support,loose_placement,partial,train,False
1044,130,True,aligned,loose_placement,partial,train,False
1045,72,True,weak_ink_support,loose_placement,partial,train,False
1047,27,True,weak_ink_support,loose_placement,partial,train,False
1048,118,True,weak_ink_support,loose_placement,partial,train,False
1050,13,True,weak_ink_support,loose_placement,exhaustive,train,True
1052,252,True,weak_ink_support,loose_placement,exhaustive,train,True
1053,29,True,weak_ink_support,loose_placement,partial,train,False
1056,150,False,off_plate,off_plate,off_plate,excluded_off_plate,False
1058,55,True,aligned,loose_placement,partial,train,False
1060,33,False,off_plate,off_plate,off_plate,excluded_off_plate,False
1062,60,True,weak_ink_support,loose_placement,partial,train,False
1063,69,True,weak_ink_support,loose_placement,sparse,train,False
1087,152,True,weak_ink_support,loose_placement,exhaustive,val,True
1090,88,True,weak_ink_support,loose_placement,partial,train,False
1091,1,True,weak_ink_support,loose_placement,partial,val,False
1093,64,True,weak_ink_support,loose_placement,partial,train,False
1094,19,True,weak_ink_support,loose_placement,sparse,train,False
1095,26,True,weak_ink_support,loose_placement,partial,train,False
1097,96,False,off_plate,off_plate,off_plate,excluded_off_plate,False
1098,87,True,weak_ink_support,traced_merged_cells,partial,train,False
1099,170,True,weak_ink_support,loose_placement,partial,train,False
1100,130,True,aligned,loose_placement,partial,train,False
1101,72,True,weak_ink_support,loose_placement,partial,train,False
1103,27,True,weak_ink_support,loose_placement,partial,train,False
1104,118,True,weak_ink_support,loose_placement,partial,train,False
1106,13,True,weak_ink_support,loose_placement,exhaustive,train,True
1108,252,True,weak_ink_support,loose_placement,exhaustive,train,True
1109,29,True,weak_ink_support,loose_placement,partial,train,False
1113,221,False,off_plate,off_plate,off_plate,excluded_off_plate,False
1114,55,True,aligned,loose_placement,partial,train,False
1116,33,False,off_plate,off_plate,off_plate,excluded_off_plate,False
1118,60,True,weak_ink_support,loose_placement,partial,train,False
1119,69,True,weak_ink_support,loose_placement,sparse,train,False
1143,152,True,weak_ink_support,loose_placement,exhaustive,val,True
1146,88,True,weak_ink_support,loose_placement,partial,train,False
1147,1,True,weak_ink_support,loose_placement,partial,val,False
1149,64,True,weak_ink_support,loose_placement,partial,train,False
1150,19,True,weak_ink_support,loose_placement,sparse,train,False
1151,26,True,weak_ink_support,loose_placement,partial,train,False
1153,96,False,off_plate,off_plate,off_plate,excluded_off_plate,False
1154,87,True,weak_ink_support,loose_placement,partial,train,False
1155,170,True,weak_ink_support,loose_placement,partial,train,False
1156,130,True,weak_ink_support,loose_placement,partial,train,False
1157,72,True,weak_ink_support,loose_placement,partial,train,False
1159,27,True,weak_ink_support,loose_placement,partial,train,False
1160,118,True,weak_ink_support,loose_placement,partial,train,False
1162,13,True,weak_ink_support,loose_placement,exhaustive,train,True
1163,83,False,off_plate,off_plate,off_plate,excluded_off_plate,False
1164,252,True,weak_ink_support,loose_placement,exhaustive,train,True
1165,29,True,weak_ink_support,loose_placement,partial,train,False
1166,10,True,weak_ink_support,loose_placement,sparse,train,False
1168,255,False,off_plate,off_plate,off_plate,excluded_off_plate,False
1169,221,False,off_plate,off_plate,off_plate,excluded_off_plate,False
1170,55,True,aligned,loose_placement,partial,train,False
1172,33,False,off_plate,off_plate,off_plate,excluded_off_plate,False
1173,105,True,weak_ink_support,blank_plate,no_drawn_cells,val,False
1174,60,True,weak_ink_support,loose_placement,partial,train,False
1175,69,True,weak_ink_support,loose_placement,sparse,train,False
1199,152,True,weak_ink_support,loose_placement,exhaustive,val,True
1202,88,True,weak_ink_support,loose_placement,partial,train,False
1203,1,True,weak_ink_support,loose_placement,partial,val,False
1204,162,True,weak_ink_support,loose_placement,sparse,train,False
1205,64,True,weak_ink_support,loose_placement,partial,train,False
1206,19,True,weak_ink_support,loose_placement,sparse,train,False
1207,26,True,weak_ink_support,loose_placement,partial,train,False
1209,96,False,off_plate,off_plate,off_plate,excluded_off_plate,False
1210,87,True,weak_ink_support,loose_placement,partial,train,False
1211,170,True,weak_ink_support,loose_placement,partial,train,False
1212,130,True,weak_ink_support,loose_placement,partial,train,False
1213,72,True,weak_ink_support,loose_placement,partial,train,False
1214,99,True,weak_ink_support,loose_placement,sparse,val,False
1215,27,True,aligned,loose_placement,partial,train,False
1216,118,True,weak_ink_support,loose_placement,partial,train,False
1218,13,True,weak_ink_support,loose_placement,exhaustive,train,True
1219,83,False,off_plate,off_plate,off_plate,excluded_off_plate,False
1220,252,True,weak_ink_support,traced_merged_cells,exhaustive,train,True
1222,10,True,weak_ink_support,loose_placement,sparse,train,False
1227,89,True,weak_ink_support,loose_placement,partial,train,False
1230,60,True,aligned,loose_placement,partial,train,False
1231,69,True,weak_ink_support,loose_placement,sparse,train,False
1255,152,True,weak_ink_support,loose_placement,exhaustive,val,True
1259,1,True,weak_ink_support,loose_placement,partial,val,False
1260,162,True,weak_ink_support,loose_placement,sparse,train,False
1261,64,True,weak_ink_support,loose_placement,partial,train,False
1262,19,True,weak_ink_support,loose_placement,sparse,train,False
1263,26,True,weak_ink_support,loose_placement,partial,train,False
1265,96,False,off_plate,off_plate,off_plate,excluded_off_plate,False
1266,87,True,weak_ink_support,loose_placement,partial,train,False
1267,170,True,weak_ink_support,loose_placement,partial,train,False
1268,130,True,weak_ink_support,loose_placement,partial,train,False
1272,118,True,weak_ink_support,loose_placement,partial,train,False
1273,67,True,weak_ink_support,loose_placement,partial,train,False
1274,13,True,weak_ink_support,loose_placement,exhaustive,train,True
1276,252,True,weak_ink_support,loose_placement,exhaustive,train,True
1278,10,True,aligned,loose_placement,sparse,train,False
1283,89,True,weak_ink_support,blank_plate,partial,train,False
1286,60,True,weak_ink_support,loose_placement,partial,train,False
1287,69,True,weak_ink_support,loose_placement,sparse,train,False
1311,152,True,weak_ink_support,loose_placement,exhaustive,val,True
1313,44,True,weak_ink_support,loose_placement,sparse,train,False
1315,1,True,weak_ink_support,loose_placement,partial,val,False
1316,162,True,weak_ink_support,loose_placement,sparse,train,False
1317,64,True,weak_ink_support,loose_placement,partial,train,False
1318,19,True,weak_ink_support,loose_placement,sparse,train,False
1319,26,True,weak_ink_support,loose_placement,partial,train,False
1320,66,True,weak_ink_support,loose_placement,partial,train,False
1321,96,False,off_plate,off_plate,off_plate,excluded_off_plate,False
1322,87,True,weak_ink_support,loose_placement,partial,train,False
1323,170,True,aligned,traced_single_cell,partial,train,False
1324,130,True,weak_ink_support,loose_placement,partial,train,False
1325,72,True,weak_ink_support,loose_placement,partial,train,False
1328,118,True,weak_ink_support,loose_placement,partial,train,False
1329,67,True,weak_ink_support,loose_placement,partial,train,False
1330,13,True,weak_ink_support,loose_placement,exhaustive,train,True
1333,29,True,weak_ink_support,loose_placement,partial,train,False
1334,10,True,aligned,loose_placement,sparse,train,False
1339,89,True,weak_ink_support,blank_plate,partial,train,False
1342,60,True,weak_ink_support,traced_merged_cells,partial,train,False
1343,69,True,weak_ink_support,loose_placement,sparse,train,False
1367,152,True,weak_ink_support,loose_placement,exhaustive,val,True
1369,44,True,weak_ink_support,loose_placement,sparse,train,False
1371,1,True,weak_ink_support,loose_placement,partial,val,False
1372,162,True,weak_ink_support,loose_placement,sparse,train,False
1373,64,True,weak_ink_support,loose_placement,partial,train,False
1374,19,True,weak_ink_support,loose_placement,sparse,train,False
1375,26,True,aligned,traced_single_cell,partial,train,False
1376,66,True,weak_ink_support,loose_placement,partial,train,False
1377,96,False,off_plate,off_plate,off_plate,excluded_off_plate,False
1378,87,True,aligned,loose_placement,partial,train,False
1379,170,True,weak_ink_support,loose_placement,partial,train,False
1381,72,True,aligned,loose_placement,partial,train,False
1383,27,True,weak_ink_support,loose_placement,partial,train,False
1384,118,True,weak_ink_support,traced_merged_cells,partial,train,False
1385,67,True,weak_ink_support,loose_placement,partial,train,False
1386,13,True,modern_proxy_suspect,loose_placement,exhaustive,train,True
1389,29,True,weak_ink_support,loose_placement,partial,train,False
1390,10,True,weak_ink_support,loose_placement,sparse,train,False
1394,59,True,weak_ink_support,blank_plate,no_drawn_cells,val,False
1395,89,True,weak_ink_support,loose_placement,partial,train,False
1399,69,True,weak_ink_support,loose_placement,sparse,train,False
1423,152,True,weak_ink_support,loose_placement,exhaustive,val,True
1425,44,True,weak_ink_support,loose_placement,sparse,train,False
1427,1,True,weak_ink_support,loose_placement,partial,val,False
1428,162,True,weak_ink_support,loose_placement,sparse,train,False
1429,64,True,weak_ink_support,loose_placement,partial,train,False
1430,19,True,aligned,loose_placement,sparse,train,False
1431,26,True,aligned,traced_single_cell,partial,train,False
1432,66,True,weak_ink_support,loose_placement,partial,train,False
1434,87,True,weak_ink_support,loose_placement,partial,train,False
1435,170,True,weak_ink_support,loose_placement,partial,train,False
1437,72,True,aligned,traced_single_cell,partial,train,False
1440,118,True,weak_ink_support,loose_placement,partial,train,False
1441,67,True,aligned,loose_placement,partial,train,False
1442,13,True,aligned,traced_single_cell,exhaustive,train,True
1445,29,True,weak_ink_support,loose_placement,partial,train,False
1446,10,True,weak_ink_support,loose_placement,sparse,train,False
1449,23,True,aligned,loose_placement,partial,train,False
1451,89,True,weak_ink_support,loose_placement,partial,train,False
1455,69,True,weak_ink_support,loose_placement,sparse,train,False
1479,152,True,weak_ink_support,loose_placement,exhaustive,val,True
1481,44,True,weak_ink_support,loose_placement,sparse,train,False
1483,1,True,weak_ink_support,loose_placement,partial,val,False
1484,162,True,weak_ink_support,loose_placement,sparse,train,False
1485,64,True,weak_ink_support,loose_placement,partial,train,False
1486,19,True,weak_ink_support,loose_placement,sparse,train,False
1487,26,True,aligned,traced_merged_cells,partial,train,False
1488,66,True,weak_ink_support,loose_placement,partial,train,False
1490,87,True,weak_ink_support,loose_placement,partial,train,False
1491,170,True,weak_ink_support,loose_placement,partial,train,False
1492,130,True,weak_ink_support,loose_placement,partial,train,False
1493,72,True,aligned,loose_placement,partial,train,False
1496,118,True,weak_ink_support,loose_placement,partial,train,False
1497,67,True,aligned,loose_placement,partial,train,False
1498,13,True,aligned,loose_placement,exhaustive,train,True
1500,252,True,weak_ink_support,loose_placement,exhaustive,train,True
1502,10,True,weak_ink_support,loose_placement,sparse,train,False
1503,90,False,off_plate,off_plate,off_plate,excluded_off_plate,False
1505,23,True,aligned,loose_placement,partial,train,False
1507,89,True,weak_ink_support,loose_placement,partial,train,False
1511,69,True,weak_ink_support,loose_placement,sparse,train,False
1535,152,True,weak_ink_support,loose_placement,exhaustive,val,True
1537,44,True,weak_ink_support,loose_placement,sparse,train,False
1538,88,True,weak_ink_support,loose_placement,partial,train,False
1539,1,True,weak_ink_support,loose_placement,partial,val,False
1540,162,True,weak_ink_support,traced_merged_cells,sparse,train,False
1541,64,True,weak_ink_support,loose_placement,partial,train,False
1542,19,True,weak_ink_support,loose_placement,sparse,train,False
1543,26,True,weak_ink_support,loose_placement,partial,train,False
1544,66,True,weak_ink_support,loose_placement,partial,train,False
1546,87,True,weak_ink_support,loose_placement,partial,train,False
1548,130,True,weak_ink_support,loose_placement,partial,train,False
1549,72,True,weak_ink_support,traced_merged_cells,partial,train,False
1552,118,True,aligned,traced_single_cell,partial,train,False
1553,67,True,weak_ink_support,loose_placement,partial,train,False
1554,13,True,weak_ink_support,loose_placement,exhaustive,train,True
1555,25,True,weak_ink_support,loose_placement,partial,train,False
1556,252,True,weak_ink_support,loose_placement,exhaustive,train,True
1558,10,True,weak_ink_support,loose_placement,sparse,train,False
1559,90,False,off_plate,off_plate,off_plate,excluded_off_plate,False
1560,255,False,off_plate,off_plate,off_plate,excluded_off_plate,False
1561,23,True,weak_ink_support,loose_placement,partial,train,False
1563,89,True,weak_ink_support,loose_placement,partial,train,False
1567,69,True,weak_ink_support,loose_placement,sparse,train,False
1593,44,True,weak_ink_support,loose_placement,sparse,train,False
1594,88,True,aligned,loose_placement,partial,train,False
1595,1,True,weak_ink_support,loose_placement,partial,val,False
1596,162,True,weak_ink_support,loose_placement,sparse,train,False
1597,64,True,weak_ink_support,loose_placement,partial,train,False
1598,19,True,aligned,loose_placement,sparse,train,False
1599,26,True,weak_ink_support,traced_single_cell,partial,train,False
1600,66,True,weak_ink_support,traced_single_cell,partial,train,False
1602,87,True,weak_ink_support,loose_placement,partial,train,False
1604,130,True,weak_ink_support,traced_merged_cells,partial,train,False
1605,72,True,weak_ink_support,loose_placement,partial,train,False
1608,118,True,weak_ink_support,traced_merged_cells,partial,train,False
1609,67,True,weak_ink_support,loose_placement,partial,train,False
1610,13,True,weak_ink_support,loose_placement,exhaustive,train,True
1611,25,True,weak_ink_support,loose_placement,partial,train,False
1612,252,True,weak_ink_support,loose_placement,exhaustive,train,True
1616,255,False,off_plate,off_plate,off_plate,excluded_off_plate,False
1617,23,True,aligned,loose_placement,partial,train,False
1619,89,True,weak_ink_support,loose_placement,partial,train,False
1622,128,False,off_plate,off_plate,off_plate,excluded_off_plate,False
1623,69,True,weak_ink_support,loose_placement,sparse,train,False
1649,44,True,weak_ink_support,loose_placement,sparse,train,False
1650,88,True,weak_ink_support,loose_placement,partial,train,False
1651,1,True,weak_ink_support,loose_placement,partial,val,False
1653,64,True,weak_ink_support,loose_placement,partial,train,False
1654,19,True,weak_ink_support,loose_placement,sparse,train,False
1655,26,True,weak_ink_support,loose_placement,partial,train,False
1656,66,True,aligned,loose_placement,partial,train,False
1658,87,True,weak_ink_support,loose_placement,partial,train,False
1659,170,True,weak_ink_support,loose_placement,partial,train,False
1660,130,True,weak_ink_support,loose_placement,partial,train,False
1661,72,True,weak_ink_support,loose_placement,partial,train,False
1664,118,True,weak_ink_support,loose_placement,partial,train,False
1665,67,True,weak_ink_support,loose_placement,partial,train,False
1667,25,True,aligned,traced_single_cell,partial,train,False
1668,252,True,weak_ink_support,loose_placement,exhaustive,train,True
1670,10,True,weak_ink_support,blank_plate,sparse,train,False
1673,23,True,weak_ink_support,loose_placement,partial,train,False
1675,89,True,weak_ink_support,loose_placement,partial,train,False
1677,53,True,weak_ink_support,loose_placement,partial,train,False
1678,128,False,off_plate,off_plate,off_plate,excluded_off_plate,False
1679,69,True,weak_ink_support,loose_placement,sparse,train,False
1705,44,True,weak_ink_support,loose_placement,sparse,train,False
1707,1,True,weak_ink_support,loose_placement,partial,val,False
1708,104,False,off_plate,off_plate,off_plate,excluded_off_plate,False
1709,64,True,aligned,loose_placement,partial,train,False
1710,19,True,weak_ink_support,loose_placement,sparse,train,False
1711,26,True,weak_ink_support,loose_placement,partial,train,False
1712,66,True,weak_ink_support,traced_single_cell,partial,train,False
1713,96,False,off_plate,off_plate,off_plate,excluded_off_plate,False
1714,87,True,weak_ink_support,loose_placement,partial,train,False
1715,170,True,weak_ink_support,loose_placement,partial,train,False
1716,130,True,weak_ink_support,traced_merged_cells,partial,train,False
1717,72,True,weak_ink_support,loose_placement,partial,train,False
1718,99,True,weak_ink_support,loose_placement,sparse,val,False
1720,118,True,weak_ink_support,loose_placement,partial,train,False
1721,67,True,weak_ink_support,traced_single_cell,partial,train,False
1723,25,True,weak_ink_support,traced_single_cell,partial,train,False
1727,90,False,off_plate,off_plate,off_plate,excluded_off_plate,False
1729,23,True,weak_ink_support,loose_placement,partial,train,False
1731,89,True,weak_ink_support,loose_placement,partial,train,False
1733,53,True,weak_ink_support,loose_placement,partial,train,False
1735,69,True,weak_ink_support,loose_placement,sparse,train,False
1760,161,True,weak_ink_support,blank_plate,no_drawn_cells,val,False
1761,44,True,weak_ink_support,loose_placement,sparse,train,False
1763,1,True,weak_ink_support,loose_placement,partial,val,False
1764,104,False,off_plate,off_plate,off_plate,excluded_off_plate,False
1765,78,True,aligned,traced_single_cell,partial,train,False
1766,19,True,weak_ink_support,loose_placement,sparse,train,False
1767,26,True,weak_ink_support,loose_placement,partial,train,False
1768,66,True,weak_ink_support,loose_placement,partial,train,False
1770,87,True,weak_ink_support,loose_placement,partial,train,False
1771,170,True,weak_ink_support,loose_placement,partial,train,False
1772,130,True,weak_ink_support,traced_single_cell,partial,train,False
1774,99,True,weak_ink_support,loose_placement,sparse,val,False
1775,30,True,weak_ink_support,loose_placement,partial,train,False
1776,118,True,weak_ink_support,traced_single_cell,partial,train,False
1777,67,True,weak_ink_support,loose_placement,partial,train,False
1779,25,True,weak_ink_support,loose_placement,partial,train,False
1781,29,True,weak_ink_support,loose_placement,partial,train,False
1785,23,True,weak_ink_support,loose_placement,partial,train,False
1787,89,True,aligned,loose_placement,partial,train,False
1789,53,True,aligned,traced_single_cell,partial,train,False
1791,69,True,weak_ink_support,loose_placement,sparse,train,False
1816,161,True,weak_ink_support,blank_plate,no_drawn_cells,val,False
1817,44,True,weak_ink_support,loose_placement,sparse,train,False
1819,1,True,weak_ink_support,loose_placement,partial,val,False
1820,104,False,off_plate,off_plate,off_plate,excluded_off_plate,False
1821,78,True,aligned,loose_placement,partial,train,False
1822,19,True,weak_ink_support,loose_placement,sparse,train,False
1823,26,True,weak_ink_support,loose_placement,partial,train,False
1824,66,True,weak_ink_support,loose_placement,partial,train,False
1826,87,True,weak_ink_support,loose_placement,partial,train,False
1827,170,True,weak_ink_support,loose_placement,partial,train,False
1828,130,True,weak_ink_support,loose_placement,partial,train,False
1829,207,True,weak_ink_support,blank_plate,no_drawn_cells,val,False
1830,99,True,weak_ink_support,loose_placement,sparse,val,False
1831,30,True,weak_ink_support,loose_placement,partial,train,False
1832,118,True,weak_ink_support,traced_single_cell,partial,train,False
1833,67,True,weak_ink_support,loose_placement,partial,train,False
1835,25,True,weak_ink_support,loose_placement,partial,train,False
1836,252,True,weak_ink_support,loose_placement,exhaustive,train,True
1837,29,True,weak_ink_support,loose_placement,partial,train,False
1838,48,True,weak_ink_support,loose_placement,sparse,val,False
1841,23,True,weak_ink_support,loose_placement,partial,train,False
1843,89,True,weak_ink_support,loose_placement,partial,train,False
1844,3,True,weak_ink_support,loose_placement,partial,train,False
1845,53,True,weak_ink_support,traced_merged_cells,partial,train,False
1847,69,True,weak_ink_support,loose_placement,sparse,train,False
1872,161,True,weak_ink_support,blank_plate,no_drawn_cells,val,False
1873,44,True,weak_ink_support,loose_placement,sparse,train,False
1875,1,True,weak_ink_support,loose_placement,partial,val,False
1876,104,False,off_plate,off_plate,off_plate,excluded_off_plate,False
1877,78,True,aligned,traced_single_cell,partial,train,False
1878,19,True,weak_ink_support,loose_placement,sparse,train,False
1879,26,True,weak_ink_support,loose_placement,partial,train,False
1880,66,True,aligned,traced_single_cell,partial,train,False
1882,87,True,weak_ink_support,loose_placement,partial,train,False
1883,170,True,weak_ink_support,loose_placement,partial,train,False
1884,130,True,weak_ink_support,loose_placement,partial,train,False
1885,207,True,weak_ink_support,blank_plate,no_drawn_cells,val,False
1887,30,True,weak_ink_support,loose_placement,partial,train,False
1888,118,True,weak_ink_support,loose_placement,partial,train,False
1889,67,True,weak_ink_support,loose_placement,partial,train,False
1891,25,True,weak_ink_support,loose_placement,partial,train,False
1892,252,True,weak_ink_support,loose_placement,exhaustive,train,True
1894,48,True,weak_ink_support,loose_placement,sparse,val,False
1897,23,True,weak_ink_support,loose_placement,partial,train,False
1900,3,True,weak_ink_support,loose_placement,partial,train,False
1901,53,True,weak_ink_support,loose_placement,partial,train,False
1903,69,True,weak_ink_support,loose_placement,sparse,train,False
1927,6,True,aligned,traced_single_cell,partial,train,False
1928,161,True,weak_ink_support,blank_plate,no_drawn_cells,val,False
1929,44,True,weak_ink_support,loose_placement,sparse,train,False
1931,1,True,weak_ink_support,loose_placement,partial,val,False
1932,104,False,off_plate,off_plate,off_plate,excluded_off_plate,False
1933,78,True,weak_ink_support,loose_placement,partial,train,False
1934,19,True,weak_ink_support,loose_placement,sparse,train,False
1935,26,True,weak_ink_support,loose_placement,partial,train,False
1936,66,True,aligned,traced_single_cell,partial,train,False
1938,87,True,weak_ink_support,loose_placement,partial,train,False
1939,170,True,weak_ink_support,loose_placement,partial,train,False
1940,130,True,weak_ink_support,loose_placement,partial,train,False
1941,207,True,weak_ink_support,blank_plate,no_drawn_cells,val,False
1943,30,True,weak_ink_support,traced_merged_cells,partial,train,False
1944,118,True,weak_ink_support,loose_placement,partial,train,False
1945,67,True,weak_ink_support,loose_placement,partial,train,False
1947,25,True,weak_ink_support,loose_placement,partial,train,False
1948,252,True,aligned,loose_placement,exhaustive,train,True
1950,48,True,weak_ink_support,loose_placement,sparse,val,False
1953,23,True,weak_ink_support,loose_placement,partial,train,False
1956,3,True,weak_ink_support,loose_placement,partial,train,False
1957,53,True,weak_ink_support,loose_placement,partial,train,False
1959,69,True,weak_ink_support,loose_placement,sparse,train,False
1983,6,True,aligned,traced_single_cell,partial,train,False
1984,161,True,weak_ink_support,blank_plate,no_drawn_cells,val,False
1985,44,True,weak_ink_support,blank_plate,sparse,train,False
1986,88,True,weak_ink_support,loose_placement,partial,train,False
1987,1,True,weak_ink_support,loose_placement,partial,val,False
1989,78,True,weak_ink_support,loose_placement,partial,train,False
1990,19,True,weak_ink_support,loose_placement,sparse,train,False
1991,26,True,aligned,loose_placement,partial,train,False
1992,66,True,weak_ink_support,loose_placement,partial,train,False
1994,87,True,weak_ink_support,traced_merged_cells,partial,train,False
1996,130,True,weak_ink_support,loose_placement,partial,train,False
1999,30,True,weak_ink_support,loose_placement,partial,train,False
2000,118,True,weak_ink_support,traced_single_cell,partial,train,False
2001,67,True,weak_ink_support,loose_placement,partial,train,False
2002,108,True,weak_ink_support,blank_plate,no_drawn_cells,val,False
2003,25,True,weak_ink_support,loose_placement,partial,train,False
2004,252,True,weak_ink_support,traced_single_cell,exhaustive,train,True
2005,22,True,weak_ink_support,loose_placement,partial,train,False
2006,48,True,weak_ink_support,loose_placement,sparse,val,False
2009,23,True,weak_ink_support,loose_placement,partial,train,False
2011,186,True,weak_ink_support,loose_placement,partial,train,False
2012,3,True,aligned,loose_placement,partial,train,False
2013,53,True,weak_ink_support,loose_placement,partial,train,False
2015,69,True,weak_ink_support,loose_placement,sparse,train,False
2040,161,True,weak_ink_support,blank_plate,no_drawn_cells,val,False
2042,88,True,weak_ink_support,loose_placement,partial,train,False
2043,1,True,weak_ink_support,loose_placement,partial,val,False
2045,78,True,weak_ink_support,loose_placement,partial,train,False
2047,26,True,weak_ink_support,loose_placement,partial,train,False
2048,66,True,weak_ink_support,loose_placement,partial,train,False
2050,87,True,weak_ink_support,loose_placement,partial,train,False
2052,130,True,weak_ink_support,loose_placement,partial,train,False
2055,30,True,weak_ink_support,loose_placement,partial,train,False
2056,118,True,aligned,loose_placement,partial,train,False
2057,67,True,weak_ink_support,loose_placement,partial,train,False
2058,108,True,modern_proxy_suspect,blank_plate,no_drawn_cells,val,False
2059,25,True,weak_ink_support,traced_merged_cells,partial,train,False
2060,252,True,weak_ink_support,traced_single_cell,exhaustive,train,True
2061,22,True,weak_ink_support,loose_placement,partial,train,False
2062,48,True,weak_ink_support,loose_placement,sparse,val,False
2065,23,True,modern_proxy_suspect,loose_placement,partial,train,False
2066,59,True,weak_ink_support,blank_plate,no_drawn_cells,val,False
2067,186,True,weak_ink_support,loose_placement,partial,train,False
2068,3,True,aligned,loose_placement,partial,train,False
2069,53,True,weak_ink_support,loose_placement,partial,train,False
2071,69,True,weak_ink_support,loose_placement,sparse,train,False
2098,88,True,weak_ink_support,loose_placement,partial,train,False
2099,1,True,weak_ink_support,loose_placement,partial,val,False
2103,26,True,weak_ink_support,loose_placement,partial,train,False
2104,66,True,weak_ink_support,loose_placement,partial,train,False
2106,87,True,weak_ink_support,loose_placement,partial,train,False
2108,130,True,aligned,loose_placement,partial,train,False
2111,30,True,weak_ink_support,loose_placement,partial,train,False
2112,118,True,weak_ink_support,loose_placement,partial,train,False
2113,67,True,weak_ink_support,loose_placement,partial,train,False
2114,108,True,weak_ink_support,blank_plate,no_drawn_cells,val,False
2115,25,True,weak_ink_support,loose_placement,partial,train,False
2116,252,True,weak_ink_support,loose_placement,exhaustive,train,True
2117,22,True,weak_ink_support,loose_placement,partial,train,False
2118,48,True,weak_ink_support,loose_placement,sparse,val,False
2121,23,True,modern_proxy_suspect,traced_single_cell,partial,train,False
2122,59,True,weak_ink_support,blank_plate,no_drawn_cells,val,False
2123,186,True,weak_ink_support,loose_placement,partial,train,False
2124,3,True,weak_ink_support,loose_placement,partial,train,False
2125,53,True,weak_ink_support,loose_placement,partial,train,False
2127,69,True,weak_ink_support,loose_placement,sparse,train,False
2151,6,True,aligned,loose_placement,partial,train,False
2154,88,True,weak_ink_support,loose_placement,partial,train,False
2155,1,True,weak_ink_support,loose_placement,partial,val,False
2158,114,True,weak_ink_support,loose_placement,partial,train,False
2159,26,True,aligned,loose_placement,partial,train,False
2160,66,True,weak_ink_support,loose_placement,partial,train,False
2162,87,True,weak_ink_support,loose_placement,partial,train,False
2164,130,True,aligned,loose_placement,partial,train,False
2167,30,True,weak_ink_support,loose_placement,partial,train,False
2168,118,True,weak_ink_support,traced_single_cell,partial,train,False
2169,67,True,weak_ink_support,loose_placement,partial,train,False
2171,25,True,weak_ink_support,loose_placement,partial,train,False
2172,252,True,weak_ink_support,traced_merged_cells,exhaustive,train,True
2173,22,True,weak_ink_support,loose_placement,partial,train,False
2174,48,True,weak_ink_support,loose_placement,sparse,val,False
2175,91,False,off_plate,off_plate,off_plate,excluded_off_plate,False
2177,23,True,weak_ink_support,loose_placement,partial,train,False
2178,59,True,weak_ink_support,blank_plate,no_drawn_cells,val,False
2179,186,True,weak_ink_support,loose_placement,partial,train,False
2181,53,True,weak_ink_support,loose_placement,partial,train,False
2183,69,True,weak_ink_support,loose_placement,sparse,train,False
2210,88,True,weak_ink_support,loose_placement,partial,train,False
2211,1,True,weak_ink_support,loose_placement,partial,val,False
2214,114,True,weak_ink_support,loose_placement,partial,train,False
2215,26,True,aligned,loose_placement,partial,train,False
2216,66,True,weak_ink_support,loose_placement,partial,train,False
2218,87,True,aligned,loose_placement,partial,train,False
2220,130,True,weak_ink_support,loose_placement,partial,train,False
2223,30,True,weak_ink_support,loose_placement,partial,train,False
2224,118,True,weak_ink_support,loose_placement,partial,train,False
2225,67,True,weak_ink_support,loose_placement,partial,train,False
2227,25,True,weak_ink_support,loose_placement,partial,train,False
2228,252,True,weak_ink_support,loose_placement,exhaustive,train,True
2229,22,True,weak_ink_support,loose_placement,partial,train,False
2230,48,True,weak_ink_support,loose_placement,sparse,val,False
2231,91,False,off_plate,off_plate,off_plate,excluded_off_plate,False
2233,23,True,weak_ink_support,traced_merged_cells,partial,train,False
2234,59,True,weak_ink_support,blank_plate,no_drawn_cells,val,False
2235,186,True,weak_ink_support,loose_placement,partial,train,False
2239,69,True,weak_ink_support,loose_placement,sparse,train,False
2265,77,False,off_plate,off_plate,off_plate,excluded_off_plate,False
2266,88,True,weak_ink_support,loose_placement,partial,train,False
2267,1,True,weak_ink_support,loose_placement,partial,val,False
2268,104,True,weak_ink_support,blank_plate,off_plate,excluded_off_plate,False
2270,114,True,weak_ink_support,loose_placement,partial,train,False
2271,26,True,weak_ink_support,loose_placement,partial,train,False
2272,66,True,weak_ink_support,loose_placement,partial,train,False
2274,87,True,weak_ink_support,loose_placement,partial,train,False
2276,130,True,weak_ink_support,loose_placement,partial,train,False
2279,30,True,weak_ink_support,traced_single_cell,partial,train,False
2280,118,True,weak_ink_support,loose_placement,partial,train,False
2281,67,True,weak_ink_support,loose_placement,partial,train,False
2283,25,True,weak_ink_support,loose_placement,partial,train,False
2284,252,True,weak_ink_support,loose_placement,exhaustive,train,True
2285,22,True,weak_ink_support,loose_placement,partial,train,False
2286,48,True,weak_ink_support,loose_placement,sparse,val,False
2287,91,False,off_plate,off_plate,off_plate,excluded_off_plate,False
2288,15,True,weak_ink_support,loose_placement,partial,train,False
2289,23,True,weak_ink_support,loose_placement,partial,train,False
2291,186,True,weak_ink_support,loose_placement,partial,train,False
2321,77,False,off_plate,off_plate,off_plate,excluded_off_plate,False
2322,88,True,weak_ink_support,loose_placement,partial,train,False
2323,1,True,weak_ink_support,loose_placement,partial,val,False
2326,114,True,weak_ink_support,loose_placement,partial,train,False
2327,26,True,weak_ink_support,loose_placement,partial,train,False
2328,66,True,weak_ink_support,traced_merged_cells,partial,train,False
2330,87,True,weak_ink_support,loose_placement,partial,train,False
2331,176,True,weak_ink_support,loose_placement,partial,train,False
2335,30,True,weak_ink_support,loose_placement,partial,train,False
2337,67,True,weak_ink_support,loose_placement,partial,train,False
2339,25,True,weak_ink_support,loose_placement,partial,train,False
2340,252,True,weak_ink_support,loose_placement,exhaustive,train,True
2341,22,True,weak_ink_support,loose_placement,partial,train,False
2342,48,True,weak_ink_support,loose_placement,sparse,val,False
2343,91,False,off_plate,off_plate,off_plate,excluded_off_plate,False
2344,15,True,weak_ink_support,traced_single_cell,partial,train,False
2345,23,True,weak_ink_support,loose_placement,partial,train,False
2347,186,True,weak_ink_support,loose_placement,partial,train,False
2348,3,True,weak_ink_support,loose_placement,partial,train,False
2351,185,True,aligned,traced_merged_cells,partial,train,False
2377,77,False,off_plate,off_plate,off_plate,excluded_off_plate,False
2378,88,True,aligned,traced_single_cell,partial,train,False
2379,1,True,weak_ink_support,loose_placement,partial,val,False
2382,114,True,weak_ink_support,loose_placement,partial,train,False
2383,26,True,aligned,loose_placement,partial,train,False
2384,66,True,weak_ink_support,loose_placement,partial,train,False
2386,87,True,weak_ink_support,loose_placement,partial,train,False
2387,176,True,weak_ink_support,loose_placement,partial,train,False
2388,212,True,aligned,loose_placement,partial,train,False
2391,30,True,weak_ink_support,loose_placement,partial,train,False
2393,67,True,weak_ink_support,loose_placement,partial,train,False
2395,25,True,weak_ink_support,loose_placement,partial,train,False
2396,252,True,weak_ink_support,loose_placement,exhaustive,train,True
2397,22,True,weak_ink_support,loose_placement,partial,train,False
2398,48,True,weak_ink_support,loose_placement,sparse,val,False
2399,91,False,off_plate,off_plate,off_plate,excluded_off_plate,False
2400,15,True,aligned,traced_single_cell,partial,train,False
2401,23,True,weak_ink_support,loose_placement,partial,train,False
2403,186,True,weak_ink_support,loose_placement,partial,train,False
2404,3,True,weak_ink_support,loose_placement,partial,train,False
2407,185,True,weak_ink_support,loose_placement,partial,train,False
2433,77,False,off_plate,off_plate,off_plate,excluded_off_plate,False
2434,88,True,aligned,traced_single_cell,partial,train,False
2435,1,True,weak_ink_support,loose_placement,partial,val,False
2440,66,True,weak_ink_support,loose_placement,partial,train,False
2441,120,False,off_plate,off_plate,off_plate,excluded_off_plate,False
2443,176,True,weak_ink_support,loose_placement,partial,train,False
2444,212,True,aligned,loose_placement,partial,train,False
2449,67,True,weak_ink_support,loose_placement,partial,train,False
2451,25,True,weak_ink_support,loose_placement,partial,train,False
2452,252,True,weak_ink_support,loose_placement,exhaustive,train,True
2453,22,True,weak_ink_support,loose_placement,partial,train,False
2454,48,True,aligned,loose_placement,sparse,val,False
2455,91,False,off_plate,off_plate,off_plate,excluded_off_plate,False
2456,15,True,weak_ink_support,loose_placement,partial,train,False
2457,23,True,weak_ink_support,traced_merged_cells,partial,train,False
2459,186,True,weak_ink_support,loose_placement,partial,train,False
2460,3,True,weak_ink_support,loose_placement,partial,train,False
2463,185,True,aligned,loose_placement,partial,train,False
2489,77,False,off_plate,off_plate,off_plate,excluded_off_plate,False
2490,88,True,weak_ink_support,traced_single_cell,partial,train,False
2491,1,True,aligned,loose_placement,partial,val,False
2493,78,True,aligned,loose_placement,partial,train,False
2495,193,True,aligned,traced_merged_cells,partial,train,False
2496,66,True,weak_ink_support,traced_merged_cells,partial,train,False
2498,9,True,weak_ink_support,loose_placement,partial,train,False
2499,176,True,weak_ink_support,loose_placement,partial,train,False
2500,212,True,aligned,loose_placement,partial,train,False
2505,67,True,weak_ink_support,loose_placement,partial,train,False
2507,25,True,weak_ink_support,loose_placement,partial,train,False
2509,22,True,weak_ink_support,loose_placement,partial,train,False
2512,15,True,weak_ink_support,loose_placement,partial,train,False
2513,23,True,weak_ink_support,loose_placement,partial,train,False
2515,186,True,weak_ink_support,loose_placement,partial,train,False
2516,3,True,weak_ink_support,loose_placement,partial,train,False
2518,52,True,aligned,loose_placement,partial,train,False
2519,185,True,weak_ink_support,loose_placement,partial,train,False
2545,77,False,off_plate,off_plate,off_plate,excluded_off_plate,False
2546,88,True,weak_ink_support,traced_merged_cells,partial,train,False
2547,1,True,weak_ink_support,loose_placement,partial,val,False
2549,78,True,aligned,traced_single_cell,partial,train,False
2552,66,True,weak_ink_support,loose_placement,partial,train,False
2554,9,True,weak_ink_support,loose_placement,partial,train,False
2555,176,True,weak_ink_support,loose_placement,partial,train,False
2559,71,True,weak_ink_support,loose_placement,partial,train,False
2561,67,True,weak_ink_support,loose_placement,partial,train,False
2563,25,True,weak_ink_support,loose_placement,partial,train,False
2565,22,True,weak_ink_support,loose_placement,partial,train,False
2566,48,True,weak_ink_support,loose_placement,sparse,val,False
2568,15,True,aligned,loose_placement,partial,train,False
2569,23,True,aligned,loose_placement,partial,train,False
2571,186,True,weak_ink_support,loose_placement,partial,train,False
2572,3,True,weak_ink_support,loose_placement,partial,train,False
2574,52,True,weak_ink_support,loose_placement,partial,train,False
2575,185,True,weak_ink_support,loose_placement,partial,train,False
2600,75,True,weak_ink_support,traced_merged_cells,partial,train,False
2601,77,False,off_plate,off_plate,off_plate,excluded_off_plate,False
2602,88,True,weak_ink_support,traced_single_cell,partial,train,False
2603,1,True,weak_ink_support,loose_placement,partial,val,False
2605,78,True,weak_ink_support,loose_placement,partial,train,False
2606,114,True,weak_ink_support,loose_placement,partial,train,False
2607,193,True,aligned,traced_single_cell,partial,train,False
2608,66,True,weak_ink_support,loose_placement,partial,train,False
2610,9,True,weak_ink_support,traced_merged_cells,partial,train,False
2611,176,True,weak_ink_support,loose_placement,partial,train,False
2612,212,True,weak_ink_support,loose_placement,partial,train,False
2615,71,True,weak_ink_support,loose_placement,partial,train,False
2616,119,True,weak_ink_support,loose_placement,partial,train,False
2617,67,True,aligned,loose_placement,partial,train,False
2619,25,True,weak_ink_support,loose_placement,partial,train,False
2621,22,True,weak_ink_support,loose_placement,partial,train,False
2622,48,True,weak_ink_support,loose_placement,sparse,val,False
2624,15,True,weak_ink_support,loose_placement,partial,train,False
2625,23,True,weak_ink_support,loose_placement,partial,train,False
2627,186,True,weak_ink_support,loose_placement,partial,train,False
2628,3,True,weak_ink_support,loose_placement,partial,train,False
2630,52,True,weak_ink_support,loose_placement,partial,train,False
2631,185,True,weak_ink_support,traced_merged_cells,partial,train,False
2656,75,True,weak_ink_support,loose_placement,partial,train,False
2657,77,False,off_plate,off_plate,off_plate,excluded_off_plate,False
2659,1,True,aligned,loose_placement,partial,val,False
2661,78,True,weak_ink_support,loose_placement,partial,train,False
2662,114,True,weak_ink_support,loose_placement,partial,train,False
2664,66,True,weak_ink_support,loose_placement,partial,train,False
2666,9,True,weak_ink_support,loose_placement,partial,train,False
2667,176,True,weak_ink_support,loose_placement,partial,train,False
2668,212,True,weak_ink_support,loose_placement,partial,train,False
2671,71,True,weak_ink_support,loose_placement,partial,train,False
2672,119,True,weak_ink_support,loose_placement,partial,train,False
2673,67,True,aligned,loose_placement,partial,train,False
2675,25,True,weak_ink_support,loose_placement,partial,train,False
2677,22,True,weak_ink_support,loose_placement,partial,train,False
2678,48,True,weak_ink_support,loose_placement,sparse,val,False
2680,15,True,weak_ink_support,loose_placement,partial,train,False
2681,23,True,weak_ink_support,loose_placement,partial,train,False
2683,186,True,weak_ink_support,loose_placement,partial,train,False
2684,3,True,weak_ink_support,loose_placement,partial,train,False
2687,185,True,weak_ink_support,traced_merged_cells,partial,train,False
2712,75,True,weak_ink_support,loose_placement,partial,train,False
2715,1,True,weak_ink_support,loose_placement,partial,val,False
2717,78,True,weak_ink_support,loose_placement,partial,train,False
2718,114,True,aligned,loose_placement,partial,train,False
2719,193,True,aligned,traced_single_cell,partial,train,False
2720,66,True,weak_ink_support,loose_placement,partial,train,False
2722,9,True,weak_ink_support,loose_placement,partial,train,False
2723,176,True,weak_ink_support,loose_placement,partial,train,False
2724,212,True,weak_ink_support,loose_placement,partial,train,False
2728,119,True,weak_ink_support,loose_placement,partial,train,False
2731,25,True,aligned,loose_placement,partial,train,False
2733,22,True,weak_ink_support,loose_placement,partial,train,False
2734,48,True,weak_ink_support,loose_placement,sparse,val,False
2736,15,True,weak_ink_support,loose_placement,partial,train,False
2737,23,True,weak_ink_support,loose_placement,partial,train,False
2738,59,True,weak_ink_support,blank_plate,no_drawn_cells,val,False
2739,186,True,weak_ink_support,loose_placement,partial,train,False
2740,3,True,weak_ink_support,traced_single_cell,partial,train,False
2743,185,True,aligned,loose_placement,partial,train,False
2768,75,True,weak_ink_support,loose_placement,partial,train,False
2770,213,True,aligned,traced_merged_cells,partial,train,False
2771,1,True,weak_ink_support,loose_placement,partial,val,False
2773,78,True,weak_ink_support,loose_placement,partial,train,False
2774,114,True,weak_ink_support,loose_placement,partial,train,False
2775,193,True,aligned,traced_single_cell,partial,train,False
2776,66,True,weak_ink_support,loose_placement,partial,train,False
2778,9,True,weak_ink_support,traced_single_cell,partial,train,False
2779,176,True,weak_ink_support,loose_placement,partial,train,False
2780,212,True,weak_ink_support,loose_placement,partial,train,False
2784,119,True,weak_ink_support,loose_placement,partial,train,False
2787,25,True,weak_ink_support,loose_placement,partial,train,False
2789,22,True,weak_ink_support,loose_placement,partial,train,False
2790,48,True,weak_ink_support,loose_placement,sparse,val,False
2792,15,True,weak_ink_support,loose_placement,partial,train,False
2793,23,True,weak_ink_support,loose_placement,partial,train,False
2794,59,True,weak_ink_support,blank_plate,no_drawn_cells,val,False
2795,186,True,weak_ink_support,loose_placement,partial,train,False
2796,3,True,aligned,traced_single_cell,partial,train,False
2799,185,True,aligned,traced_single_cell,partial,train,False
2824,75,True,weak_ink_support,traced_merged_cells,partial,train,False
2826,213,True,weak_ink_support,loose_placement,partial,train,False
2827,1,True,weak_ink_support,loose_placement,partial,val,False
2829,78,True,weak_ink_support,loose_placement,partial,train,False
2830,114,True,weak_ink_support,loose_placement,partial,train,False
2831,193,True,weak_ink_support,loose_placement,partial,train,False
2832,66,True,weak_ink_support,loose_placement,partial,train,False
2834,9,True,weak_ink_support,traced_single_cell,partial,train,False
2835,176,True,weak_ink_support,loose_placement,partial,train,False
2836,212,True,weak_ink_support,loose_placement,partial,train,False
2839,71,True,aligned,traced_merged_cells,partial,train,False
2840,119,True,weak_ink_support,loose_placement,partial,train,False
2842,108,False,off_plate,off_plate,no_drawn_cells,excluded_off_plate,False
2843,25,True,weak_ink_support,loose_placement,partial,train,False
2845,22,True,weak_ink_support,loose_placement,partial,train,False
2848,15,True,weak_ink_support,traced_single_cell,partial,train,False
2849,23,True,weak_ink_support,loose_placement,partial,train,False
2851,186,True,weak_ink_support,loose_placement,partial,train,False
2852,3,True,weak_ink_support,loose_placement,partial,train,False
2855,185,True,aligned,traced_single_cell,partial,train,False
2880,75,True,weak_ink_support,loose_placement,partial,train,False
2883,1,True,weak_ink_support,loose_placement,partial,val,False
2886,114,True,weak_ink_support,loose_placement,partial,train,False
2887,193,True,weak_ink_support,loose_placement,partial,train,False
2888,66,True,weak_ink_support,loose_placement,partial,train,False
2890,9,True,weak_ink_support,loose_placement,partial,train,False
2891,176,True,weak_ink_support,loose_placement,partial,train,False
2892,212,True,weak_ink_support,loose_placement,partial,train,False
2895,71,True,weak_ink_support,traced_single_cell,partial,train,False
2899,25,True,weak_ink_support,loose_placement,partial,train,False
2901,22,True,aligned,traced_single_cell,partial,train,False
2904,15,True,weak_ink_support,loose_placement,partial,train,False
2907,186,True,weak_ink_support,loose_placement,partial,train,False
2908,3,True,aligned,loose_placement,partial,train,False
2909,53,True,weak_ink_support,loose_placement,partial,train,False
2936,75,True,weak_ink_support,loose_placement,partial,train,False
2939,1,True,weak_ink_support,loose_placement,partial,val,False
2941,78,True,weak_ink_support,loose_placement,partial,train,False
2942,114,True,weak_ink_support,loose_placement,partial,train,False
2943,193,True,aligned,loose_placement,partial,train,False
2944,66,True,weak_ink_support,loose_placement,partial,train,False
2946,9,True,weak_ink_support,traced_single_cell,partial,train,False
2947,176,True,weak_ink_support,loose_placement,partial,train,False
2948,212,True,weak_ink_support,loose_placement,partial,train,False
2950,233,True,weak_ink_support,loose_placement,partial,val,False
2951,71,True,weak_ink_support,loose_placement,partial,train,False
2952,119,True,weak_ink_support,loose_placement,partial,train,False
2955,25,True,weak_ink_support,loose_placement,partial,train,False
2957,22,True,weak_ink_support,traced_single_cell,partial,train,False
2960,15,True,aligned,loose_placement,partial,train,False
2963,186,True,weak_ink_support,loose_placement,partial,train,False
2965,53,True,weak_ink_support,loose_placement,partial,train,False
2967,209,True,weak_ink_support,loose_placement,partial,train,False
2992,75,True,weak_ink_support,loose_placement,partial,train,False
2993,77,False,off_plate,off_plate,off_plate,excluded_off_plate,False
2994,213,True,weak_ink_support,loose_placement,partial,train,False
2995,1,True,weak_ink_support,blank_plate,partial,val,False
2997,78,True,weak_ink_support,loose_placement,partial,train,False
2998,114,True,weak_ink_support,loose_placement,partial,train,False
3000,66,True,weak_ink_support,loose_placement,partial,train,False
3001,120,False,off_plate,off_plate,off_plate,excluded_off_plate,False
3002,9,True,aligned,loose_placement,partial,train,False
3004,212,True,weak_ink_support,loose_placement,partial,train,False
3006,233,True,weak_ink_support,loose_placement,partial,val,False
3007,71,True,weak_ink_support,loose_placement,partial,train,False
3008,119,True,weak_ink_support,traced_single_cell,partial,train,False
3011,25,True,weak_ink_support,loose_placement,partial,train,False
3013,22,True,weak_ink_support,loose_placement,partial,train,False
3016,15,True,aligned,loose_placement,partial,train,False
3017,160,True,weak_ink_support,loose_placement,partial,val,False
3019,186,True,weak_ink_support,traced_merged_cells,partial,train,False
3021,53,True,weak_ink_support,loose_placement,partial,train,False
3022,84,False,off_plate,off_plate,off_plate,excluded_off_plate,False
3048,75,True,weak_ink_support,loose_placement,partial,train,False
3049,77,False,off_plate,off_plate,off_plate,excluded_off_plate,False
3050,213,True,weak_ink_support,loose_placement,partial,train,False
3051,1,True,weak_ink_support,blank_plate,partial,val,False
3052,104,False,off_plate,off_plate,off_plate,excluded_off_plate,False
3053,78,True,weak_ink_support,loose_placement,partial,train,False
3054,114,True,weak_ink_support,loose_placement,partial,train,False
3055,193,True,aligned,loose_placement,partial,train,False
3056,66,True,weak_ink_support,loose_placement,partial,train,False
3057,120,False,off_plate,off_plate,off_plate,excluded_off_plate,False
3058,9,True,aligned,traced_single_cell,partial,train,False
3060,212,True,weak_ink_support,loose_placement,partial,train,False
3063,71,True,weak_ink_support,loose_placement,partial,train,False
3064,119,True,aligned,traced_single_cell,partial,train,False
3067,25,True,weak_ink_support,loose_placement,partial,train,False
3069,22,True,weak_ink_support,loose_placement,partial,train,False
3072,15,True,weak_ink_support,loose_placement,partial,train,False
3073,160,True,weak_ink_support,loose_placement,partial,val,False
3075,186,True,weak_ink_support,traced_single_cell,partial,train,False
3076,179,True,aligned,traced_single_cell,partial,train,False
3077,53,True,weak_ink_support,loose_placement,partial,train,False
3078,84,False,off_plate,off_plate,off_plate,excluded_off_plate,False
3104,75,True,weak_ink_support,loose_placement,partial,train,False
3107,1,True,weak_ink_support,blank_plate,partial,val,False
3109,78,True,weak_ink_support,loose_placement,partial,train,False
3110,114,True,weak_ink_support,loose_placement,partial,train,False
3111,193,True,weak_ink_support,loose_placement,partial,train,False
3112,66,True,weak_ink_support,loose_placement,partial,train,False
3113,120,False,off_plate,off_plate,off_plate,excluded_off_plate,False
3114,9,True,weak_ink_support,loose_placement,partial,train,False
3115,123,True,weak_ink_support,loose_placement,partial,train,False
3119,71,True,weak_ink_support,loose_placement,partial,train,False
3120,119,True,aligned,loose_placement,partial,train,False
3123,25,True,weak_ink_support,loose_placement,partial,train,False
3125,22,True,weak_ink_support,loose_placement,partial,train,False
3129,160,True,weak_ink_support,loose_placement,partial,val,False
3131,186,True,weak_ink_support,traced_merged_cells,partial,train,False
3132,179,True,weak_ink_support,traced_merged_cells,partial,train,False
3133,53,True,weak_ink_support,loose_placement,partial,train,False
3160,75,True,weak_ink_support,loose_placement,partial,train,False
3161,77,False,off_plate,off_plate,off_plate,excluded_off_plate,False
3163,1,True,weak_ink_support,blank_plate,partial,val,False
3165,78,True,weak_ink_support,loose_placement,partial,train,False
3166,114,True,weak_ink_support,loose_placement,partial,train,False
3167,193,True,weak_ink_support,loose_placement,partial,train,False
3169,120,False,off_plate,off_plate,off_plate,excluded_off_plate,False
3170,9,True,weak_ink_support,loose_placement,partial,train,False
3171,123,True,weak_ink_support,loose_placement,partial,train,False
3175,71,True,weak_ink_support,loose_placement,partial,train,False
3176,119,True,weak_ink_support,loose_placement,partial,train,False
3179,25,True,weak_ink_support,loose_placement,partial,train,False
3181,22,True,weak_ink_support,traced_merged_cells,partial,train,False
3185,160,True,weak_ink_support,loose_placement,partial,val,False
3187,186,True,weak_ink_support,loose_placement,partial,train,False
3189,53,True,weak_ink_support,loose_placement,partial,train,False
3191,209,True,weak_ink_support,loose_placement,partial,train,False
3217,75,True,weak_ink_support,loose_placement,partial,train,False
3218,77,False,off_plate,off_plate,off_plate,excluded_off_plate,False
3219,171,False,off_plate,off_plate,off_plate,excluded_off_plate,False
3220,1,True,weak_ink_support,blank_plate,partial,val,False
3222,78,True,weak_ink_support,loose_placement,partial,train,False
3223,114,True,weak_ink_support,traced_merged_cells,partial,train,False
3224,193,True,aligned,traced_single_cell,partial,train,False
3225,66,True,weak_ink_support,loose_placement,partial,train,False
3226,120,False,off_plate,off_plate,off_plate,excluded_off_plate,False
3227,9,True,weak_ink_support,loose_placement,partial,train,False
3228,123,True,weak_ink_support,loose_placement,partial,train,False
3233,119,True,weak_ink_support,loose_placement,partial,train,False
3236,25,True,weak_ink_support,loose_placement,partial,train,False
3237,146,False,off_plate,off_plate,off_plate,excluded_off_plate,False
3238,22,True,aligned,loose_placement,partial,train,False
3242,160,True,weak_ink_support,loose_placement,partial,val,False
3244,186,True,weak_ink_support,loose_placement,partial,train,False
3246,53,True,weak_ink_support,loose_placement,partial,train,False
3248,209,True,weak_ink_support,loose_placement,partial,train,False
3274,75,True,weak_ink_support,loose_placement,partial,train,False
3275,77,False,off_plate,off_plate,off_plate,excluded_off_plate,False
3276,171,False,off_plate,off_plate,off_plate,excluded_off_plate,False
3277,1,True,weak_ink_support,blank_plate,partial,val,False
3279,78,True,weak_ink_support,loose_placement,partial,train,False
3280,114,True,aligned,traced_single_cell,partial,train,False
3281,193,True,aligned,traced_single_cell,partial,train,False
3282,66,True,weak_ink_support,loose_placement,partial,train,False
3284,9,True,weak_ink_support,traced_merged_cells,partial,train,False
3285,123,True,weak_ink_support,loose_placement,partial,train,False
3287,207,True,weak_ink_support,blank_plate,no_drawn_cells,val,False
3289,71,True,weak_ink_support,loose_placement,partial,train,False
3290,119,True,weak_ink_support,loose_placement,partial,train,False
3293,25,True,weak_ink_support,loose_placement,partial,train,False
3294,146,False,off_plate,off_plate,off_plate,excluded_off_plate,False
3295,22,True,aligned,loose_placement,partial,train,False
3299,160,True,weak_ink_support,loose_placement,partial,val,False
3301,186,True,weak_ink_support,loose_placement,partial,train,False
3303,53,True,weak_ink_support,loose_placement,partial,train,False
3305,209,True,weak_ink_support,loose_placement,partial,train,False
3306,32,True,weak_ink_support,loose_placement,sparse,val,False
3330,6,True,weak_ink_support,loose_placement,partial,train,False
3331,75,True,weak_ink_support,loose_placement,partial,train,False
3332,77,False,off_plate,off_plate,off_plate,excluded_off_plate,False
3333,171,False,off_plate,off_plate,off_plate,excluded_off_plate,False
3334,1,True,weak_ink_support,blank_plate,partial,val,False
3337,114,True,weak_ink_support,loose_placement,partial,train,False
3338,193,True,weak_ink_support,loose_placement,partial,train,False
3339,66,True,weak_ink_support,loose_placement,partial,train,False
3341,9,True,aligned,loose_placement,partial,train,False
3342,123,True,weak_ink_support,loose_placement,partial,train,False
3344,207,True,weak_ink_support,blank_plate,no_drawn_cells,val,False
3346,71,True,weak_ink_support,loose_placement,partial,train,False
3347,119,True,aligned,loose_placement,partial,train,False
3350,25,True,weak_ink_support,loose_placement,partial,train,False
3351,146,False,off_plate,off_plate,off_plate,excluded_off_plate,False
3352,22,True,weak_ink_support,loose_placement,partial,train,False
3355,20,True,weak_ink_support,loose_placement,partial,train,False
3356,160,True,weak_ink_support,blank_plate,partial,val,False
3358,186,True,weak_ink_support,loose_placement,partial,train,False
3360,53,True,weak_ink_support,loose_placement,partial,train,False
3362,209,True,weak_ink_support,loose_placement,partial,train,False
3387,6,True,weak_ink_support,loose_placement,partial,train,False
3388,75,True,weak_ink_support,loose_placement,partial,train,False
3391,1,True,weak_ink_support,blank_plate,partial,val,False
3394,114,True,weak_ink_support,loose_placement,partial,train,False
3395,193,True,weak_ink_support,loose_placement,partial,train,False
3396,66,True,weak_ink_support,loose_placement,partial,train,False
3398,9,True,weak_ink_support,loose_placement,partial,train,False
3399,123,True,weak_ink_support,loose_placement,partial,train,False
3401,207,True,weak_ink_support,blank_plate,no_drawn_cells,val,False
3402,233,True,weak_ink_support,loose_placement,partial,val,False
3403,71,True,weak_ink_support,loose_placement,partial,train,False
3404,119,True,weak_ink_support,loose_placement,partial,train,False
3407,25,True,weak_ink_support,loose_placement,partial,train,False
3409,22,True,weak_ink_support,loose_placement,partial,train,False
3412,20,True,weak_ink_support,loose_placement,partial,train,False
3413,160,True,weak_ink_support,blank_plate,partial,val,False
3415,186,True,weak_ink_support,loose_placement,partial,train,False
3417,53,True,weak_ink_support,loose_placement,partial,train,False
3419,209,True,aligned,loose_placement,partial,train,False
3444,6,True,weak_ink_support,loose_placement,partial,train,False
3445,75,True,weak_ink_support,loose_placement,partial,train,False
3447,171,False,off_plate,off_plate,off_plate,excluded_off_plate,False
3448,1,True,weak_ink_support,blank_plate,partial,val,False
3451,114,True,weak_ink_support,loose_placement,partial,train,False
3452,193,True,weak_ink_support,loose_placement,partial,train,False
3453,66,True,weak_ink_support,loose_placement,partial,train,False
3455,9,True,weak_ink_support,loose_placement,partial,train,False
3456,123,True,weak_ink_support,loose_placement,partial,train,False
3458,207,True,weak_ink_support,blank_plate,no_drawn_cells,val,False
3459,233,True,weak_ink_support,loose_placement,partial,val,False
3460,71,True,aligned,traced_single_cell,partial,train,False
3464,25,True,weak_ink_support,loose_placement,partial,train,False
3465,47,True,weak_ink_support,blank_plate,no_drawn_cells,val,False
3466,22,True,weak_ink_support,loose_placement,partial,train,False
3467,48,True,weak_ink_support,blank_plate,sparse,val,False
3469,20,True,weak_ink_support,loose_placement,partial,train,False
3470,160,True,weak_ink_support,blank_plate,partial,val,False
3476,209,True,weak_ink_support,loose_placement,partial,train,False
3501,6,True,weak_ink_support,loose_placement,partial,train,False
3502,75,True,weak_ink_support,loose_placement,partial,train,False
3504,171,False,off_plate,off_plate,off_plate,excluded_off_plate,False
3505,1,True,weak_ink_support,loose_placement,partial,val,False
3508,114,True,weak_ink_support,loose_placement,partial,train,False
3509,193,True,weak_ink_support,loose_placement,partial,train,False
3510,66,True,aligned,loose_placement,partial,train,False
3512,9,True,weak_ink_support,loose_placement,partial,train,False
3513,123,True,weak_ink_support,loose_placement,partial,train,False
3514,212,True,aligned,traced_merged_cells,partial,train,False
3515,207,True,weak_ink_support,blank_plate,no_drawn_cells,val,False
3516,233,True,aligned,traced_single_cell,partial,val,False
3517,71,True,aligned,traced_merged_cells,partial,train,False
3521,25,True,weak_ink_support,loose_placement,partial,train,False
3522,47,True,weak_ink_support,blank_plate,no_drawn_cells,val,False
3523,22,True,weak_ink_support,loose_placement,partial,train,False
3524,48,True,weak_ink_support,blank_plate,sparse,val,False
3526,20,True,weak_ink_support,loose_placement,partial,train,False
3529,186,True,weak_ink_support,loose_placement,partial,train,False
3533,209,True,weak_ink_support,loose_placement,partial,train,False
3558,6,True,weak_ink_support,traced_single_cell,partial,train,False
3559,75,True,weak_ink_support,loose_placement,partial,train,False
3562,1,True,weak_ink_support,loose_placement,partial,val,False
3565,114,True,aligned,loose_placement,partial,train,False
3566,193,True,weak_ink_support,loose_placement,partial,train,False
3569,9,True,weak_ink_support,loose_placement,partial,train,False
3570,123,True,weak_ink_support,traced_merged_cells,partial,train,False
3571,212,True,aligned,loose_placement,partial,train,False
3572,207,True,weak_ink_support,blank_plate,no_drawn_cells,val,False
3573,233,True,weak_ink_support,loose_placement,partial,val,False
3574,71,True,weak_ink_support,loose_placement,partial,train,False
3576,65,True,aligned,loose_placement,partial,train,False
3579,47,True,weak_ink_support,blank_plate,no_drawn_cells,val,False
3580,22,True,weak_ink_support,loose_placement,partial,train,False
3581,48,True,weak_ink_support,loose_placement,sparse,val,False
3583,20,True,weak_ink_support,loose_placement,partial,train,False
3586,186,True,weak_ink_support,loose_placement,partial,train,False
3587,179,True,aligned,loose_placement,partial,train,False
3588,158,False,off_plate,off_plate,off_plate,excluded_off_plate,False
3590,209,True,weak_ink_support,loose_placement,partial,train,False
3616,75,True,weak_ink_support,loose_placement,partial,train,False
3619,1,True,weak_ink_support,loose_placement,partial,val,False
3620,178,False,off_plate,off_plate,off_plate,excluded_off_plate,False
3622,114,True,weak_ink_support,loose_placement,partial,train,False
3626,9,True,weak_ink_support,loose_placement,partial,train,False
3627,123,True,weak_ink_support,loose_placement,partial,train,False
3628,212,True,aligned,loose_placement,partial,train,False
3629,207,True,weak_ink_support,blank_plate,no_drawn_cells,val,False
3630,233,True,weak_ink_support,loose_placement,partial,val,False
3631,71,True,weak_ink_support,loose_placement,partial,train,False
3633,65,True,weak_ink_support,loose_placement,partial,train,False
3635,218,False,off_plate,off_plate,off_plate,excluded_off_plate,False
3636,47,True,weak_ink_support,blank_plate,no_drawn_cells,val,False
3638,48,True,weak_ink_support,loose_placement,sparse,val,False
3640,20,True,weak_ink_support,loose_placement,partial,train,False
3641,160,True,weak_ink_support,blank_plate,partial,val,False
3642,122,True,aligned,loose_placement,partial,train,False
3643,186,True,weak_ink_support,loose_placement,partial,train,False
3644,179,True,weak_ink_support,traced_single_cell,partial,train,False
3647,209,True,weak_ink_support,loose_placement,partial,train,False
3673,75,True,weak_ink_support,loose_placement,partial,train,False
3676,1,True,aligned,traced_single_cell,partial,val,False
3682,149,True,weak_ink_support,loose_placement,partial,train,False
3683,9,True,weak_ink_support,loose_placement,partial,train,False
3684,123,True,weak_ink_support,loose_placement,partial,train,False
3686,207,True,weak_ink_support,blank_plate,no_drawn_cells,val,False
3687,233,True,weak_ink_support,loose_placement,partial,val,False
3688,71,True,weak_ink_support,loose_placement,partial,train,False
3689,119,True,weak_ink_support,loose_placement,partial,train,False
3690,65,True,aligned,traced_single_cell,partial,train,False
3692,218,False,off_plate,off_plate,off_plate,excluded_off_plate,False
3693,47,True,weak_ink_support,blank_plate,no_drawn_cells,val,False
3695,48,True,weak_ink_support,loose_placement,sparse,val,False
3697,20,True,weak_ink_support,loose_placement,partial,train,False
3698,160,True,weak_ink_support,blank_plate,partial,val,False
3699,122,True,weak_ink_support,loose_placement,partial,train,False
3700,186,True,weak_ink_support,loose_placement,partial,train,False
3701,179,True,weak_ink_support,traced_single_cell,partial,train,False
3730,75,True,weak_ink_support,loose_placement,partial,train,False
3733,1,True,weak_ink_support,loose_placement,partial,val,False
3736,121,True,weak_ink_support,loose_placement,partial,train,False
3737,193,True,weak_ink_support,loose_placement,partial,train,False
3739,149,True,weak_ink_support,loose_placement,partial,train,False
3740,9,True,weak_ink_support,loose_placement,partial,train,False
3741,123,True,weak_ink_support,loose_placement,partial,train,False
3743,207,True,weak_ink_support,blank_plate,no_drawn_cells,val,False
3744,233,True,weak_ink_support,loose_placement,partial,val,False
3745,71,True,weak_ink_support,loose_placement,partial,train,False
3746,119,True,weak_ink_support,loose_placement,partial,train,False
3747,65,True,aligned,traced_single_cell,partial,train,False
3749,218,False,off_plate,off_plate,off_plate,excluded_off_plate,False
3750,47,True,weak_ink_support,blank_plate,no_drawn_cells,val,False
3752,48,True,weak_ink_support,loose_placement,sparse,val,False
3753,0,True,weak_ink_support,blank_plate,exhaustive,val,True
3754,20,True,weak_ink_support,loose_placement,partial,train,False
3755,160,True,weak_ink_support,blank_plate,partial,val,False
3756,122,True,weak_ink_support,loose_placement,partial,train,False
3757,186,True,weak_ink_support,loose_placement,partial,train,False
3758,179,True,weak_ink_support,loose_placement,partial,train,False
3787,75,True,weak_ink_support,loose_placement,partial,train,False
3790,1,True,weak_ink_support,loose_placement,partial,val,False
3793,121,True,weak_ink_support,loose_placement,partial,train,False
3794,193,True,weak_ink_support,loose_placement,partial,train,False
3796,149,True,weak_ink_support,loose_placement,partial,train,False
3797,9,True,weak_ink_support,loose_placement,partial,train,False
3798,123,True,weak_ink_support,loose_placement,partial,train,False
3799,86,True,weak_ink_support,loose_placement,partial,train,False
3800,207,True,weak_ink_support,blank_plate,no_drawn_cells,val,False
3801,233,True,weak_ink_support,loose_placement,partial,val,False
3803,119,True,weak_ink_support,loose_placement,partial,train,False
3804,65,True,weak_ink_support,loose_placement,partial,train,False
3806,218,False,off_plate,off_plate,off_plate,excluded_off_plate,False
3807,47,True,weak_ink_support,loose_placement,no_drawn_cells,val,False
3809,48,True,weak_ink_support,loose_placement,sparse,val,False
3810,0,True,weak_ink_support,blank_plate,exhaustive,val,True
3812,160,True,weak_ink_support,blank_plate,partial,val,False
3813,122,True,weak_ink_support,loose_placement,partial,train,False
3814,186,True,weak_ink_support,loose_placement,partial,train,False
3815,179,True,aligned,loose_placement,partial,train,False
3818,125,True,weak_ink_support,loose_placement,partial,train,False
3844,75,True,weak_ink_support,loose_placement,partial,train,False
3847,1,True,aligned,loose_placement,partial,val,False
3850,121,True,weak_ink_support,loose_placement,partial,train,False
3851,193,True,weak_ink_support,loose_placement,partial,train,False
3853,149,True,weak_ink_support,loose_placement,partial,train,False
3854,9,True,weak_ink_support,loose_placement,partial,train,False
3855,123,True,weak_ink_support,loose_placement,partial,train,False
3856,86,True,weak_ink_support,loose_placement,partial,train,False
3857,207,True,weak_ink_support,blank_plate,no_drawn_cells,val,False
3858,233,True,weak_ink_support,loose_placement,partial,val,False
3861,65,True,weak_ink_support,loose_placement,partial,train,False
3864,47,True,weak_ink_support,loose_placement,no_drawn_cells,val,False
3866,48,True,weak_ink_support,loose_placement,sparse,val,False
3867,0,True,weak_ink_support,traced_merged_cells,exhaustive,val,True
3868,20,True,weak_ink_support,traced_single_cell,partial,train,False
3869,160,True,weak_ink_support,blank_plate,partial,val,False
3870,122,True,aligned,loose_placement,partial,train,False
3871,186,True,weak_ink_support,loose_placement,partial,train,False
3872,179,True,aligned,traced_merged_cells,partial,train,False
3875,125,True,weak_ink_support,loose_placement,partial,train,False
3901,75,True,weak_ink_support,loose_placement,partial,train,False
3904,1,True,aligned,loose_placement,partial,val,False
3907,121,True,aligned,loose_placement,partial,train,False
3908,193,True,weak_ink_support,loose_placement,partial,train,False
3910,149,True,weak_ink_support,loose_placement,partial,train,False
3911,9,True,weak_ink_support,loose_placement,partial,train,False
3912,123,True,weak_ink_support,loose_placement,partial,train,False
3913,86,True,weak_ink_support,loose_placement,partial,train,False
3914,207,True,weak_ink_support,blank_plate,no_drawn_cells,val,False
3915,233,True,weak_ink_support,loose_placement,partial,val,False
3917,119,True,weak_ink_support,loose_placement,partial,train,False
3918,65,True,weak_ink_support,loose_placement,partial,train,False
3921,47,True,weak_ink_support,loose_placement,no_drawn_cells,val,False
3922,134,True,weak_ink_support,loose_placement,sparse,train,False
3923,48,True,weak_ink_support,loose_placement,sparse,val,False
3924,0,True,weak_ink_support,loose_placement,exhaustive,val,True
3925,20,True,weak_ink_support,loose_placement,partial,train,False
3926,160,True,weak_ink_support,blank_plate,partial,val,False
3927,122,True,aligned,loose_placement,partial,train,False
3928,186,True,weak_ink_support,loose_placement,partial,train,False
3929,179,True,aligned,traced_merged_cells,partial,train,False
3932,125,True,weak_ink_support,loose_placement,partial,train,False
3958,75,True,weak_ink_support,loose_placement,partial,train,False
3961,1,True,weak_ink_support,loose_placement,partial,val,False
3964,121,True,weak_ink_support,loose_placement,partial,train,False
3967,149,True,aligned,loose_placement,partial,train,False
3969,123,True,weak_ink_support,loose_placement,partial,train,False
3970,86,True,weak_ink_support,loose_placement,partial,train,False
3971,207,True,weak_ink_support,blank_plate,no_drawn_cells,val,False
3974,119,True,weak_ink_support,loose_placement,partial,train,False
3975,65,True,weak_ink_support,loose_placement,partial,train,False
3976,4,True,weak_ink_support,loose_placement,partial,train,False
3978,47,True,weak_ink_support,loose_placement,no_drawn_cells,val,False
3980,48,True,weak_ink_support,loose_placement,sparse,val,False
3981,0,True,weak_ink_support,loose_placement,exhaustive,val,True
3982,20,True,aligned,traced_merged_cells,partial,train,False
3984,122,True,weak_ink_support,loose_placement,partial,train,False
3986,179,True,weak_ink_support,traced_single_cell,partial,train,False
3989,125,True,weak_ink_support,loose_placement,partial,train,False
4014,28,False,off_plate,off_plate,off_plate,excluded_off_plate,False
4015,75,True,weak_ink_support,loose_placement,partial,train,False
4018,1,True,weak_ink_support,loose_placement,partial,val,False
4020,50,True,weak_ink_support,blank_plate,no_drawn_cells,val,False
4021,121,True,weak_ink_support,loose_placement,partial,train,False
4023,21,True,weak_ink_support,loose_placement,partial,train,False
4024,149,True,aligned,loose_placement,partial,train,False
4026,123,True,aligned,traced_single_cell,partial,train,False
4027,86,True,weak_ink_support,loose_placement,partial,train,False
4028,207,True,weak_ink_support,blank_plate,no_drawn_cells,val,False
4031,119,True,weak_ink_support,loose_placement,partial,train,False
4032,65,True,weak_ink_support,loose_placement,partial,train,False
4033,4,True,aligned,traced_single_cell,partial,train,False
4035,47,True,weak_ink_support,blank_plate,no_drawn_cells,val,False
4037,48,True,aligned,loose_placement,sparse,val,False
4038,0,True,weak_ink_support,loose_placement,exhaustive,val,True
4041,122,True,weak_ink_support,loose_placement,partial,train,False
4043,179,True,weak_ink_support,traced_single_cell,partial,train,False
4046,125,True,weak_ink_support,loose_placement,partial,train,False
4071,28,False,off_plate,off_plate,off_plate,excluded_off_plate,False
4072,75,True,aligned,loose_placement,partial,train,False
4075,1,True,weak_ink_support,loose_placement,partial,val,False
4078,121,True,weak_ink_support,loose_placement,partial,train,False
4080,21,True,weak_ink_support,loose_placement,partial,train,False
4081,149,True,weak_ink_support,loose_placement,partial,train,False
4084,86,True,weak_ink_support,loose_placement,partial,train,False
4085,207,True,weak_ink_support,blank_plate,no_drawn_cells,val,False
4089,65,True,weak_ink_support,loose_placement,partial,train,False
4090,4,True,aligned,traced_single_cell,partial,train,False
4092,47,True,weak_ink_support,blank_plate,no_drawn_cells,val,False
4094,48,True,weak_ink_support,loose_placement,sparse,val,False
4095,0,True,weak_ink_support,loose_placement,exhaustive,val,True
4098,122,True,weak_ink_support,loose_placement,partial,train,False
4103,125,True,weak_ink_support,loose_placement,partial,train,False
4129,75,True,aligned,loose_placement,partial,train,False
4132,1,True,weak_ink_support,loose_placement,partial,val,False
4135,121,True,weak_ink_support,loose_placement,partial,train,False
4137,21,True,weak_ink_support,loose_placement,partial,train,False
4138,149,True,weak_ink_support,loose_placement,partial,train,False
4140,39,True,weak_ink_support,loose_placement,partial,train,False
4141,86,True,weak_ink_support,loose_placement,partial,train,False
4142,207,True,weak_ink_support,blank_plate,no_drawn_cells,val,False
4145,206,True,aligned,loose_placement,partial,train,False
4146,65,True,weak_ink_support,loose_placement,partial,train,False
4147,4,True,aligned,traced_single_cell,partial,train,False
4148,218,False,off_plate,off_plate,off_plate,excluded_off_plate,False
4149,47,True,weak_ink_support,blank_plate,no_drawn_cells,val,False
4151,48,True,weak_ink_support,loose_placement,sparse,val,False
4152,0,True,weak_ink_support,loose_placement,exhaustive,val,True
4153,20,True,weak_ink_support,loose_placement,partial,train,False
4155,122,True,aligned,traced_merged_cells,partial,train,False
4157,179,True,weak_ink_support,loose_placement,partial,train,False
4160,125,True,weak_ink_support,loose_placement,partial,train,False
4186,75,True,weak_ink_support,loose_placement,partial,train,False
4187,181,False,off_plate,off_plate,no_drawn_cells,excluded_off_plate,False
4189,1,True,weak_ink_support,blank_plate,partial,val,False
4192,121,True,weak_ink_support,loose_placement,partial,train,False
4194,21,True,weak_ink_support,loose_placement,partial,train,False
4195,149,True,weak_ink_support,loose_placement,partial,train,False
4197,39,True,aligned,traced_merged_cells,partial,train,False
4198,86,True,weak_ink_support,loose_placement,partial,train,False
4202,206,True,aligned,loose_placement,partial,train,False
4203,65,True,aligned,loose_placement,partial,train,False
4204,4,True,aligned,loose_placement,partial,train,False
4205,218,False,off_plate,off_plate,off_plate,excluded_off_plate,False
4206,47,True,weak_ink_support,blank_plate,no_drawn_cells,val,False
4207,134,True,weak_ink_support,loose_placement,sparse,train,False
4208,48,True,weak_ink_support,loose_placement,sparse,val,False
4209,0,True,weak_ink_support,loose_placement,exhaustive,val,True
4210,20,True,weak_ink_support,loose_placement,partial,train,False
4212,122,True,weak_ink_support,loose_placement,partial,train,False
4213,107,True,weak_ink_support,loose_placement,partial,train,False
4214,179,True,aligned,loose_placement,partial,train,False
4215,158,False,off_plate,off_plate,off_plate,excluded_off_plate,False
4217,125,True,weak_ink_support,loose_placement,partial,train,False
4242,28,False,off_plate,off_plate,off_plate,excluded_off_plate,False
4243,75,True,weak_ink_support,loose_placement,partial,train,False
4244,181,False,off_plate,off_plate,no_drawn_cells,excluded_off_plate,False
4246,1,True,weak_ink_support,blank_plate,partial,val,False
4249,121,True,weak_ink_support,loose_placement,partial,train,False
4251,21,True,weak_ink_support,loose_placement,partial,train,False
4252,149,True,aligned,traced_merged_cells,partial,train,False
4255,86,True,weak_ink_support,loose_placement,partial,train,False
4259,206,True,weak_ink_support,loose_placement,partial,train,False
4260,65,True,aligned,loose_placement,partial,train,False
4261,4,True,weak_ink_support,traced_merged_cells,partial,train,False
4263,47,True,weak_ink_support,blank_plate,no_drawn_cells,val,False
4264,134,True,weak_ink_support,loose_placement,sparse,train,False
4265,48,True,weak_ink_support,loose_placement,sparse,val,False
4266,0,True,aligned,traced_single_cell,exhaustive,val,True
4267,20,True,weak_ink_support,loose_placement,partial,train,False
4269,122,True,weak_ink_support,loose_placement,partial,train,False
4270,107,True,weak_ink_support,loose_placement,partial,train,False
4271,179,True,weak_ink_support,loose_placement,partial,train,False
4272,158,False,off_plate,off_plate,off_plate,excluded_off_plate,False
4274,125,True,aligned,loose_placement,partial,train,False
4275,219,True,weak_ink_support,loose_placement,partial,train,False
4299,28,False,off_plate,off_plate,off_plate,excluded_off_plate,False
4300,75,True,weak_ink_support,loose_placement,partial,train,False
4301,181,False,off_plate,off_plate,no_drawn_cells,excluded_off_plate,False
4303,1,True,weak_ink_support,blank_plate,partial,val,False
4306,121,True,weak_ink_support,loose_placement,partial,train,False
4308,21,True,weak_ink_support,loose_placement,partial,train,False
4312,86,True,weak_ink_support,loose_placement,partial,train,False
4314,115,True,weak_ink_support,loose_placement,partial,train,False
4316,206,True,weak_ink_support,loose_placement,partial,train,False
4317,65,True,aligned,loose_placement,partial,train,False
4318,4,True,aligned,loose_placement,partial,train,False
4320,47,True,weak_ink_support,blank_plate,no_drawn_cells,val,False
4321,134,True,weak_ink_support,loose_placement,sparse,train,False
4322,48,True,weak_ink_support,loose_placement,sparse,val,False
4323,0,True,weak_ink_support,loose_placement,exhaustive,val,True
4324,20,True,weak_ink_support,loose_placement,partial,train,False
4326,122,True,weak_ink_support,loose_placement,partial,train,False
4327,107,True,weak_ink_support,loose_placement,partial,train,False
4328,179,True,weak_ink_support,loose_placement,partial,train,False
4329,158,False,off_plate,off_plate,off_plate,excluded_off_plate,False
4331,125,True,weak_ink_support,loose_placement,partial,train,False
4332,219,True,weak_ink_support,loose_placement,partial,train,False
4356,28,False,off_plate,off_plate,off_plate,excluded_off_plate,False
4357,75,True,weak_ink_support,loose_placement,partial,train,False
4358,181,False,off_plate,off_plate,no_drawn_cells,excluded_off_plate,False
4359,171,False,off_plate,off_plate,off_plate,excluded_off_plate,False
4360,1,True,weak_ink_support,loose_placement,partial,val,False
4361,11,True,weak_ink_support,loose_placement,partial,train,False
4363,121,True,weak_ink_support,loose_placement,partial,train,False
4365,21,True,weak_ink_support,loose_placement,partial,train,False
4369,86,True,weak_ink_support,loose_placement,partial,train,False
4371,115,True,weak_ink_support,loose_placement,partial,train,False
4373,206,True,weak_ink_support,loose_placement,partial,train,False
4374,65,True,weak_ink_support,loose_placement,partial,train,False
4375,4,True,aligned,traced_single_cell,partial,train,False
4377,47,True,weak_ink_support,blank_plate,no_drawn_cells,val,False
4379,48,True,weak_ink_support,loose_placement,sparse,val,False
4380,0,True,weak_ink_support,loose_placement,exhaustive,val,True
4381,20,True,weak_ink_support,loose_placement,partial,train,False
4383,122,True,weak_ink_support,loose_placement,partial,train,False
4384,107,True,weak_ink_support,loose_placement,partial,train,False
4385,179,True,aligned,loose_placement,partial,train,False
4386,158,False,off_plate,off_plate,off_plate,excluded_off_plate,False
4388,125,True,weak_ink_support,loose_placement,partial,train,False
4389,219,True,weak_ink_support,loose_placement,partial,train,False
4413,28,False,off_plate,off_plate,off_plate,excluded_off_plate,False
4414,75,True,aligned,loose_placement,partial,train,False
4415,181,False,off_plate,off_plate,no_drawn_cells,excluded_off_plate,False
4416,171,False,off_plate,off_plate,off_plate,excluded_off_plate,False
4417,1,True,weak_ink_support,loose_placement,partial,val,False
4418,11,True,weak_ink_support,loose_placement,partial,train,False
4420,121,True,weak_ink_support,loose_placement,partial,train,False
4422,21,True,weak_ink_support,loose_placement,partial,train,False
4426,86,True,weak_ink_support,loose_placement,partial,train,False
4428,115,True,weak_ink_support,loose_placement,partial,train,False
4430,206,True,weak_ink_support,loose_placement,partial,train,False
4432,4,True,aligned,traced_single_cell,partial,train,False
4435,62,True,weak_ink_support,loose_placement,sparse,val,False
4436,48,True,weak_ink_support,loose_placement,sparse,val,False
4437,0,True,weak_ink_support,traced_single_cell,exhaustive,val,True
4438,18,True,weak_ink_support,traced_single_cell,partial,train,False
4440,122,True,weak_ink_support,loose_placement,partial,train,False
4441,107,True,weak_ink_support,traced_merged_cells,partial,train,False
4445,125,True,weak_ink_support,loose_placement,partial,train,False
4446,219,True,weak_ink_support,loose_placement,partial,train,False
4470,28,False,off_plate,off_plate,off_plate,excluded_off_plate,False
4472,181,False,off_plate,off_plate,no_drawn_cells,excluded_off_plate,False
4473,171,False,off_plate,off_plate,off_plate,excluded_off_plate,False
4474,1,True,weak_ink_support,loose_placement,partial,val,False
4475,11,True,weak_ink_support,loose_placement,partial,train,False
4477,121,True,weak_ink_support,loose_placement,partial,train,False
4479,21,True,aligned,loose_placement,partial,train,False
4482,39,True,weak_ink_support,loose_placement,partial,train,False
4483,86,True,weak_ink_support,loose_placement,partial,train,False
4485,115,True,weak_ink_support,loose_placement,partial,train,False
4486,80,True,aligned,loose_placement,partial,train,False
4487,206,True,weak_ink_support,loose_placement,partial,train,False
4488,65,True,weak_ink_support,loose_placement,partial,train,False
4489,4,True,weak_ink_support,loose_placement,partial,train,False
4492,62,True,weak_ink_support,loose_placement,sparse,val,False
4493,48,True,weak_ink_support,loose_placement,sparse,val,False
4494,0,True,aligned,loose_placement,exhaustive,val,True
4497,122,True,weak_ink_support,loose_placement,partial,train,False
4498,107,True,weak_ink_support,loose_placement,partial,train,False
4499,40,True,weak_ink_support,loose_placement,partial,train,False
4502,125,True,weak_ink_support,loose_placement,partial,train,False
4503,219,True,aligned,loose_placement,partial,train,False
4527,28,False,off_plate,off_plate,off_plate,excluded_off_plate,False
4528,38,True,weak_ink_support,traced_merged_cells,exhaustive,train,True
4529,181,False,off_plate,off_plate,no_drawn_cells,excluded_off_plate,False
4530,171,False,off_plate,off_plate,off_plate,excluded_off_plate,False
4531,1,True,weak_ink_support,loose_placement,partial,val,False
4532,11,True,weak_ink_support,loose_placement,partial,train,False
4534,121,True,weak_ink_support,loose_placement,partial,train,False
4536,21,True,weak_ink_support,loose_placement,partial,train,False
4539,39,True,weak_ink_support,loose_placement,partial,train,False
4540,86,True,weak_ink_support,loose_placement,partial,train,False
4542,115,True,weak_ink_support,loose_placement,partial,train,False
4543,80,True,weak_ink_support,loose_placement,partial,train,False
4544,206,True,weak_ink_support,loose_placement,partial,train,False
4545,65,True,weak_ink_support,loose_placement,partial,train,False
4546,4,True,weak_ink_support,loose_placement,partial,train,False
4548,194,True,weak_ink_support,blank_plate,partial,val,False
4550,48,True,weak_ink_support,loose_placement,sparse,val,False
4551,0,True,weak_ink_support,blank_plate,exhaustive,val,True
4553,160,True,weak_ink_support,loose_placement,partial,val,False
4554,122,True,weak_ink_support,loose_placement,partial,train,False
4555,107,True,weak_ink_support,loose_placement,partial,train,False
4556,40,True,weak_ink_support,loose_placement,partial,train,False
4559,125,True,weak_ink_support,loose_placement,partial,train,False
4560,219,True,aligned,traced_single_cell,partial,train,False
4584,28,False,off_plate,off_plate,off_plate,excluded_off_plate,False
4585,38,True,aligned,traced_single_cell,exhaustive,train,True
4586,181,False,off_plate,off_plate,no_drawn_cells,excluded_off_plate,False
4588,1,True,weak_ink_support,loose_placement,partial,val,False
4589,11,True,weak_ink_support,loose_placement,partial,train,False
4591,121,True,weak_ink_support,loose_placement,partial,train,False
4593,21,True,weak_ink_support,loose_placement,partial,train,False
4594,149,True,weak_ink_support,loose_placement,partial,train,False
4596,39,True,weak_ink_support,loose_placement,partial,train,False
4597,86,True,weak_ink_support,loose_placement,partial,train,False
4599,115,True,weak_ink_support,loose_placement,partial,train,False
4601,206,True,modern_proxy_suspect,loose_placement,partial,train,False
4602,65,True,weak_ink_support,loose_placement,partial,train,False
4603,4,True,weak_ink_support,loose_placement,partial,train,False
4605,194,True,weak_ink_support,blank_plate,partial,val,False
4607,48,True,weak_ink_support,loose_placement,sparse,val,False
4608,0,True,weak_ink_support,loose_placement,exhaustive,val,True
4610,160,True,weak_ink_support,loose_placement,partial,val,False
4611,122,True,weak_ink_support,loose_placement,partial,train,False
4613,40,True,weak_ink_support,loose_placement,partial,train,False
4615,200,False,off_plate,off_plate,off_plate,excluded_off_plate,False
4616,125,True,weak_ink_support,loose_placement,partial,train,False
4617,219,True,weak_ink_support,loose_placement,partial,train,False
4642,38,True,weak_ink_support,traced_single_cell,exhaustive,train,True
4643,181,False,off_plate,off_plate,no_drawn_cells,excluded_off_plate,False
4645,1,True,weak_ink_support,loose_placement,partial,val,False
4646,11,True,weak_ink_support,loose_placement,partial,train,False
4648,121,True,weak_ink_support,loose_placement,partial,train,False
4650,21,True,weak_ink_support,loose_placement,partial,train,False
4651,149,True,weak_ink_support,loose_placement,partial,train,False
4653,39,True,weak_ink_support,loose_placement,partial,train,False
4654,86,True,weak_ink_support,loose_placement,partial,train,False
4656,115,True,weak_ink_support,loose_placement,partial,train,False
4657,80,True,aligned,loose_placement,partial,train,False
4659,65,True,weak_ink_support,loose_placement,partial,train,False
4660,4,True,weak_ink_support,loose_placement,partial,train,False
4662,194,True,weak_ink_support,blank_plate,partial,val,False
4664,48,True,weak_ink_support,loose_placement,sparse,val,False
4665,0,True,weak_ink_support,loose_placement,exhaustive,val,True
4666,18,True,aligned,traced_single_cell,partial,train,False
4668,122,True,weak_ink_support,loose_placement,partial,train,False
4670,40,True,weak_ink_support,loose_placement,partial,train,False
4671,158,False,off_plate,off_plate,off_plate,excluded_off_plate,False
4672,200,False,off_plate,off_plate,off_plate,excluded_off_plate,False
4673,125,True,weak_ink_support,loose_placement,partial,train,False
4699,38,True,weak_ink_support,loose_placement,exhaustive,train,True
4700,181,False,off_plate,off_plate,no_drawn_cells,excluded_off_plate,False
4702,1,True,weak_ink_support,loose_placement,partial,val,False
4703,11,True,weak_ink_support,loose_placement,partial,train,False
4704,50,True,weak_ink_support,blank_plate,no_drawn_cells,val,False
4705,121,True,weak_ink_support,loose_placement,partial,train,False
4707,21,True,weak_ink_support,loose_placement,partial,train,False
4708,149,True,weak_ink_support,loose_placement,partial,train,False
4710,39,True,aligned,loose_placement,partial,train,False
4711,86,True,weak_ink_support,loose_placement,partial,train,False
4713,115,True,weak_ink_support,loose_placement,partial,train,False
4714,80,True,weak_ink_support,loose_placement,partial,train,False
4716,65,True,aligned,traced_single_cell,partial,train,False
4717,4,True,weak_ink_support,traced_single_cell,partial,train,False
4719,194,True,aligned,traced_merged_cells,partial,val,False
4721,48,True,weak_ink_support,loose_placement,sparse,val,False
4722,0,True,weak_ink_support,loose_placement,exhaustive,val,True
4723,18,True,weak_ink_support,traced_single_cell,partial,train,False
4725,122,True,weak_ink_support,loose_placement,partial,train,False
4727,40,True,weak_ink_support,loose_placement,partial,train,False
4728,158,False,off_plate,off_plate,off_plate,excluded_off_plate,False
4729,200,False,off_plate,off_plate,off_plate,excluded_off_plate,False
4730,125,True,weak_ink_support,loose_placement,partial,train,False
4756,38,True,weak_ink_support,traced_single_cell,exhaustive,train,True
4759,1,True,weak_ink_support,loose_placement,partial,val,False
4760,11,True,weak_ink_support,loose_placement,partial,train,False
4762,121,True,weak_ink_support,loose_placement,partial,train,False
4763,193,True,weak_ink_support,loose_placement,partial,train,False
4764,21,True,weak_ink_support,loose_placement,partial,train,False
4765,149,True,weak_ink_support,loose_placement,partial,train,False
4767,39,True,weak_ink_support,loose_placement,partial,train,False
4768,86,True,weak_ink_support,loose_placement,partial,train,False
4770,115,True,weak_ink_support,loose_placement,partial,train,False
4771,80,True,weak_ink_support,loose_placement,partial,train,False
4773,65,True,aligned,loose_placement,partial,train,False
4774,4,True,aligned,loose_placement,partial,train,False
4776,194,True,weak_ink_support,traced_single_cell,partial,val,False
4778,48,True,weak_ink_support,loose_placement,sparse,val,False
4779,0,True,weak_ink_support,loose_placement,exhaustive,val,True
4780,18,True,weak_ink_support,loose_placement,partial,train,False
4784,40,True,weak_ink_support,loose_placement,partial,train,False
4785,158,False,off_plate,off_plate,off_plate,excluded_off_plate,False
4786,200,False,off_plate,off_plate,off_plate,excluded_off_plate,False
4787,125,True,weak_ink_support,loose_placement,partial,train,False
4813,38,True,weak_ink_support,loose_placement,exhaustive,train,True
4815,171,False,off_plate,off_plate,off_plate,excluded_off_plate,False
4816,1,True,weak_ink_support,loose_placement,partial,val,False
4817,11,True,weak_ink_support,loose_placement,partial,train,False
4818,50,True,weak_ink_support,blank_plate,no_drawn_cells,val,False
4819,121,True,aligned,loose_placement,partial,train,False
4820,193,True,weak_ink_support,loose_placement,partial,train,False
4821,21,True,weak_ink_support,loose_placement,partial,train,False
4822,149,True,weak_ink_support,loose_placement,partial,train,False
4824,39,True,weak_ink_support,loose_placement,partial,train,False
4825,86,True,weak_ink_support,loose_placement,partial,train,False
4827,115,True,weak_ink_support,loose_placement,partial,train,False
4828,80,True,weak_ink_support,loose_placement,partial,train,False
4830,65,True,aligned,loose_placement,partial,train,False
4831,4,True,weak_ink_support,loose_placement,partial,train,False
4833,194,True,weak_ink_support,traced_single_cell,partial,val,False
4835,48,True,weak_ink_support,loose_placement,sparse,val,False
4836,0,True,aligned,loose_placement,exhaustive,val,True
4837,18,True,weak_ink_support,loose_placement,partial,train,False
4839,122,True,weak_ink_support,loose_placement,partial,train,False
4840,97,False,off_plate,off_plate,off_plate,excluded_off_plate,False
4841,40,True,weak_ink_support,loose_placement,partial,train,False
4843,200,False,off_plate,off_plate,off_plate,excluded_off_plate,False
4844,125,True,weak_ink_support,loose_placement,partial,train,False
4869,28,False,off_plate,off_plate,off_plate,excluded_off_plate,False
4870,38,True,weak_ink_support,loose_placement,exhaustive,train,True
4873,1,True,weak_ink_support,loose_placement,partial,val,False
4874,11,True,weak_ink_support,loose_placement,partial,train,False
4876,121,True,weak_ink_support,loose_placement,partial,train,False
4877,193,True,weak_ink_support,loose_placement,partial,train,False
4878,21,True,weak_ink_support,loose_placement,partial,train,False
4879,149,True,weak_ink_support,loose_placement,partial,train,False
4881,39,True,aligned,traced_merged_cells,partial,train,False
4882,86,True,weak_ink_support,loose_placement,partial,train,False
4883,238,True,weak_ink_support,blank_plate,partial,val,False
4885,80,True,weak_ink_support,loose_placement,partial,train,False
4887,65,True,weak_ink_support,loose_placement,partial,train,False
4888,4,True,weak_ink_support,loose_placement,partial,train,False
4890,194,True,aligned,traced_single_cell,partial,val,False
4891,62,True,weak_ink_support,loose_placement,sparse,val,False
4893,0,True,weak_ink_support,loose_placement,exhaustive,val,True
4894,18,True,weak_ink_support,loose_placement,partial,train,False
4895,216,True,weak_ink_support,loose_placement,partial,train,False
4896,122,True,weak_ink_support,loose_placement,partial,train,False
4897,97,False,off_plate,off_plate,off_plate,excluded_off_plate,False
4898,40,True,weak_ink_support,loose_placement,partial,train,False
4900,200,False,off_plate,off_plate,off_plate,excluded_off_plate,False
4901,125,True,weak_ink_support,loose_placement,partial,train,False
4926,28,False,off_plate,off_plate,off_plate,excluded_off_plate,False
4927,38,True,weak_ink_support,loose_placement,exhaustive,train,True
4930,1,True,weak_ink_support,loose_placement,partial,val,False
4931,11,True,weak_ink_support,loose_placement,partial,train,False
4933,121,True,weak_ink_support,loose_placement,partial,train,False
4934,193,True,weak_ink_support,loose_placement,partial,train,False
4935,21,True,weak_ink_support,loose_placement,partial,train,False
4936,149,True,weak_ink_support,loose_placement,partial,train,False
4938,39,True,weak_ink_support,loose_placement,partial,train,False
4939,86,True,weak_ink_support,loose_placement,partial,train,False
4940,238,True,weak_ink_support,blank_plate,partial,val,False
4941,115,True,weak_ink_support,loose_placement,partial,train,False
4942,80,True,weak_ink_support,loose_placement,partial,train,False
4944,65,True,aligned,loose_placement,partial,train,False
4945,4,True,weak_ink_support,loose_placement,partial,train,False
4947,194,True,aligned,traced_single_cell,partial,val,False
4948,62,True,modern_proxy_suspect,loose_placement,sparse,val,False
4950,0,True,weak_ink_support,loose_placement,exhaustive,val,True
4951,18,True,weak_ink_support,loose_placement,partial,train,False
4952,216,True,weak_ink_support,loose_placement,partial,train,False
4953,122,True,weak_ink_support,loose_placement,partial,train,False
4954,97,False,off_plate,off_plate,off_plate,excluded_off_plate,False
4955,40,True,weak_ink_support,loose_placement,partial,train,False
4957,200,False,off_plate,off_plate,off_plate,excluded_off_plate,False
4958,125,True,weak_ink_support,loose_placement,partial,train,False
4959,219,True,weak_ink_support,loose_placement,partial,train,False
4984,38,True,weak_ink_support,traced_single_cell,exhaustive,train,True
4987,1,True,weak_ink_support,loose_placement,partial,val,False
4988,11,True,weak_ink_support,loose_placement,partial,train,False
4989,50,True,weak_ink_support,blank_plate,no_drawn_cells,val,False
4990,121,True,weak_ink_support,loose_placement,partial,train,False
4991,193,True,weak_ink_support,loose_placement,partial,train,False
4992,21,True,weak_ink_support,loose_placement,partial,train,False
4995,39,True,weak_ink_support,loose_placement,partial,train,False
4998,115,True,weak_ink_support,loose_placement,partial,train,False
4999,80,True,weak_ink_support,loose_placement,partial,train,False
5001,65,True,weak_ink_support,loose_placement,partial,train,False
5004,194,True,weak_ink_support,traced_single_cell,partial,val,False
5005,62,True,weak_ink_support,traced_single_cell,sparse,val,False
5006,48,True,weak_ink_support,loose_placement,sparse,val,False
5007,0,True,weak_ink_support,loose_placement,exhaustive,val,True
5009,216,True,weak_ink_support,loose_placement,partial,train,False
5010,122,True,weak_ink_support,loose_placement,partial,train,False
5011,97,False,off_plate,off_plate,off_plate,excluded_off_plate,False
5012,40,True,weak_ink_support,loose_placement,partial,train,False
5014,200,False,off_plate,off_plate,off_plate,excluded_off_plate,False
5015,125,True,weak_ink_support,loose_placement,partial,train,False
5016,219,True,weak_ink_support,loose_placement,partial,train,False
5041,38,True,weak_ink_support,loose_placement,exhaustive,train,True
5044,1,True,weak_ink_support,loose_placement,partial,val,False
5045,11,True,aligned,loose_placement,partial,train,False
5046,50,True,weak_ink_support,blank_plate,no_drawn_cells,val,False
5047,121,True,weak_ink_support,loose_placement,partial,train,False
5048,193,True,weak_ink_support,loose_placement,partial,train,False
5049,21,True,weak_ink_support,loose_placement,partial,train,False
5052,39,True,aligned,loose_placement,partial,train,False
5053,35,False,off_plate,off_plate,off_plate,excluded_off_plate,False
5055,115,True,weak_ink_support,loose_placement,partial,train,False
5056,80,True,weak_ink_support,loose_placement,partial,train,False
5057,206,True,aligned,traced_single_cell,partial,train,False
5058,65,True,weak_ink_support,loose_placement,partial,train,False
5059,144,True,weak_ink_support,loose_placement,partial,val,False
5061,194,True,weak_ink_support,loose_placement,partial,val,False
5062,62,True,weak_ink_support,loose_placement,sparse,val,False
5063,48,True,weak_ink_support,loose_placement,sparse,val,False
5064,0,True,weak_ink_support,loose_placement,exhaustive,val,True
5066,216,True,weak_ink_support,loose_placement,partial,train,False
5067,122,True,weak_ink_support,loose_placement,partial,train,False
5068,97,False,off_plate,off_plate,off_plate,excluded_off_plate,False
5069,40,True,weak_ink_support,loose_placement,partial,train,False
5071,200,False,off_plate,off_plate,off_plate,excluded_off_plate,False
5073,219,True,weak_ink_support,loose_placement,partial,train,False
5098,38,True,weak_ink_support,loose_placement,exhaustive,train,True
5101,1,True,weak_ink_support,loose_placement,partial,val,False
5102,11,True,weak_ink_support,loose_placement,partial,train,False
5104,121,True,weak_ink_support,traced_merged_cells,partial,train,False
5105,193,True,weak_ink_support,loose_placement,partial,train,False
5106,21,True,weak_ink_support,loose_placement,partial,train,False
5109,39,True,aligned,loose_placement,partial,train,False
5110,35,False,off_plate,off_plate,off_plate,excluded_off_plate,False
5112,115,True,weak_ink_support,loose_placement,partial,train,False
5113,80,True,weak_ink_support,loose_placement,partial,train,False
5114,206,True,weak_ink_support,traced_merged_cells,partial,train,False
5115,65,True,weak_ink_support,loose_placement,partial,train,False
5118,194,True,weak_ink_support,loose_placement,partial,val,False
5119,62,True,weak_ink_support,loose_placement,sparse,val,False
5120,48,True,weak_ink_support,loose_placement,sparse,val,False
5121,0,True,weak_ink_support,loose_placement,exhaustive,val,True
5123,216,True,aligned,loose_placement,partial,train,False
5126,40,True,weak_ink_support,loose_placement,partial,train,False
5128,200,False,off_plate,off_plate,off_plate,excluded_off_plate,False
5130,219,True,weak_ink_support,loose_placement,partial,train,False
5155,38,True,weak_ink_support,loose_placement,exhaustive,train,True
5158,1,True,weak_ink_support,loose_placement,partial,val,False
5159,11,True,weak_ink_support,loose_placement,partial,train,False
5161,121,True,weak_ink_support,loose_placement,partial,train,False
5162,193,True,weak_ink_support,loose_placement,partial,train,False
5163,21,True,weak_ink_support,loose_placement,partial,train,False
5164,149,True,weak_ink_support,loose_placement,partial,train,False
5166,39,True,weak_ink_support,loose_placement,partial,train,False
5167,35,False,off_plate,off_plate,off_plate,excluded_off_plate,False
5168,238,True,weak_ink_support,blank_plate,partial,val,False
5169,115,True,weak_ink_support,loose_placement,partial,train,False
5170,80,True,weak_ink_support,loose_placement,partial,train,False
5171,206,True,aligned,loose_placement,partial,train,False
5172,65,True,weak_ink_support,loose_placement,partial,train,False
5176,62,True,weak_ink_support,loose_placement,sparse,val,False
5177,48,True,weak_ink_support,loose_placement,sparse,val,False
5178,0,True,weak_ink_support,loose_placement,exhaustive,val,True
5180,216,True,weak_ink_support,loose_placement,partial,train,False
5183,40,True,weak_ink_support,loose_placement,partial,train,False
5185,200,False,off_plate,off_plate,off_plate,excluded_off_plate,False
5212,38,True,weak_ink_support,loose_placement,exhaustive,train,True
5215,1,True,weak_ink_support,loose_placement,partial,val,False
5216,11,True,weak_ink_support,loose_placement,partial,train,False
5218,121,True,weak_ink_support,loose_placement,partial,train,False
5220,21,True,weak_ink_support,loose_placement,partial,train,False
5221,149,True,weak_ink_support,loose_placement,partial,train,False
5223,39,True,weak_ink_support,loose_placement,partial,train,False
5224,35,False,off_plate,off_plate,off_plate,excluded_off_plate,False
5225,238,True,weak_ink_support,loose_placement,partial,val,False
5226,115,True,weak_ink_support,loose_placement,partial,train,False
5227,80,True,weak_ink_support,loose_placement,partial,train,False
5228,206,True,weak_ink_support,loose_placement,partial,train,False
5229,65,True,aligned,loose_placement,partial,train,False
5233,62,True,weak_ink_support,loose_placement,sparse,val,False
5235,0,True,weak_ink_support,loose_placement,exhaustive,val,True
5237,216,True,weak_ink_support,loose_placement,partial,train,False
5240,40,True,weak_ink_support,loose_placement,partial,train,False
5244,214,True,weak_ink_support,loose_placement,partial,train,False
5269,38,True,weak_ink_support,loose_placement,exhaustive,train,True
5271,139,False,off_plate,off_plate,off_plate,excluded_off_plate,False
5272,1,True,weak_ink_support,loose_placement,partial,val,False
5273,11,True,weak_ink_support,loose_placement,partial,train,False
5275,121,True,weak_ink_support,loose_placement,partial,train,False
5277,21,True,weak_ink_support,loose_placement,partial,train,False
5280,39,True,weak_ink_support,loose_placement,partial,train,False
5282,238,True,weak_ink_support,loose_placement,partial,val,False
5283,115,True,weak_ink_support,loose_placement,partial,train,False
5284,80,True,weak_ink_support,loose_placement,partial,train,False
5285,206,True,aligned,loose_placement,partial,train,False
5286,65,True,aligned,loose_placement,partial,train,False
5287,144,True,weak_ink_support,loose_placement,partial,val,False
5290,62,True,weak_ink_support,loose_placement,sparse,val,False
5291,157,False,off_plate,off_plate,off_plate,excluded_off_plate,False
5292,0,True,weak_ink_support,loose_placement,exhaustive,val,True
5294,216,True,weak_ink_support,loose_placement,partial,train,False
5297,40,True,weak_ink_support,loose_placement,partial,train,False
5301,214,True,weak_ink_support,loose_placement,partial,train,False
5326,38,True,weak_ink_support,traced_merged_cells,exhaustive,train,True
5328,139,False,off_plate,off_plate,off_plate,excluded_off_plate,False
5329,1,True,weak_ink_support,loose_placement,partial,val,False
5330,11,True,weak_ink_support,loose_placement,partial,train,False
5332,121,True,weak_ink_support,loose_placement,partial,train,False
5333,165,True,weak_ink_support,loose_placement,partial,train,False
5334,21,True,weak_ink_support,loose_placement,partial,train,False
5337,39,True,weak_ink_support,loose_placement,partial,train,False
5339,238,True,weak_ink_support,loose_placement,partial,val,False
5340,115,True,weak_ink_support,loose_placement,partial,train,False
5341,80,True,weak_ink_support,loose_placement,partial,train,False
5342,206,True,weak_ink_support,loose_placement,partial,train,False
5343,65,True,aligned,loose_placement,partial,train,False
5344,144,True,weak_ink_support,loose_placement,partial,val,False
5347,62,True,weak_ink_support,blank_plate,sparse,val,False
5348,157,False,off_plate,off_plate,off_plate,excluded_off_plate,False
5349,0,True,weak_ink_support,loose_placement,exhaustive,val,True
5351,216,True,weak_ink_support,loose_placement,partial,train,False
5352,242,True,weak_ink_support,loose_placement,partial,train,False
5354,40,True,weak_ink_support,loose_placement,partial,train,False
5357,127,True,weak_ink_support,loose_placement,sparse,train,False
5383,38,True,weak_ink_support,loose_placement,exhaustive,train,True
5385,139,False,off_plate,off_plate,off_plate,excluded_off_plate,False
5386,1,True,weak_ink_support,loose_placement,partial,val,False
5387,11,True,weak_ink_support,loose_placement,partial,train,False
5389,121,True,weak_ink_support,loose_placement,partial,train,False
5391,21,True,weak_ink_support,loose_placement,partial,train,False
5394,39,True,weak_ink_support,loose_placement,partial,train,False
5396,238,True,weak_ink_support,loose_placement,partial,val,False
5397,115,True,aligned,loose_placement,partial,train,False
5398,80,True,aligned,traced_merged_cells,partial,train,False
5399,206,True,aligned,loose_placement,partial,train,False
5404,62,True,weak_ink_support,loose_placement,sparse,val,False
5405,157,False,off_plate,off_plate,off_plate,excluded_off_plate,False
5406,0,True,weak_ink_support,loose_placement,exhaustive,val,True
5408,216,True,weak_ink_support,traced_merged_cells,partial,train,False
5409,242,True,weak_ink_support,loose_placement,partial,train,False
5411,40,True,weak_ink_support,loose_placement,partial,train,False
5414,127,True,weak_ink_support,loose_placement,sparse,train,False
5415,214,True,weak_ink_support,loose_placement,partial,train,False
5440,38,True,modern_proxy_suspect,loose_placement,exhaustive,train,True
5441,181,True,weak_ink_support,blank_plate,no_drawn_cells,val,False
5443,1,True,weak_ink_support,loose_placement,partial,val,False
5444,11,True,weak_ink_support,loose_placement,partial,train,False
5446,121,True,weak_ink_support,loose_placement,partial,train,False
5447,165,True,weak_ink_support,loose_placement,partial,train,False
5448,21,True,weak_ink_support,loose_placement,partial,train,False
5451,39,True,weak_ink_support,loose_placement,partial,train,False
5453,238,True,weak_ink_support,loose_placement,partial,val,False
5455,80,True,aligned,traced_merged_cells,partial,train,False
5456,206,True,weak_ink_support,loose_placement,partial,train,False
5457,65,True,aligned,loose_placement,partial,train,False
5463,0,True,weak_ink_support,loose_placement,exhaustive,val,True
5465,216,True,weak_ink_support,traced_merged_cells,partial,train,False
5468,40,True,weak_ink_support,loose_placement,partial,train,False
5472,214,True,weak_ink_support,loose_placement,partial,train,False
5497,38,True,weak_ink_support,loose_placement,exhaustive,train,True
5498,181,True,weak_ink_support,blank_plate,no_drawn_cells,val,False
5500,1,True,weak_ink_support,loose_placement,partial,val,False
5501,11,True,weak_ink_support,loose_placement,partial,train,False
5503,121,True,weak_ink_support,loose_placement,partial,train,False
5504,165,True,weak_ink_support,loose_placement,partial,train,False
5505,21,True,weak_ink_support,loose_placement,partial,train,False
5508,39,True,aligned,loose_placement,partial,train,False
5510,238,True,weak_ink_support,loose_placement,partial,val,False
5512,80,True,aligned,loose_placement,partial,train,False
5513,206,True,weak_ink_support,loose_placement,partial,train,False
5514,65,True,aligned,loose_placement,partial,train,False
5520,0,True,weak_ink_support,loose_placement,exhaustive,val,True
5522,216,True,aligned,traced_single_cell,partial,train,False
5524,97,False,off_plate,off_plate,off_plate,excluded_off_plate,False
5525,40,True,weak_ink_support,loose_placement,partial,train,False
5526,124,False,off_plate,off_plate,off_plate,excluded_off_plate,False
5527,200,False,off_plate,off_plate,off_plate,excluded_off_plate,False
5528,127,True,weak_ink_support,loose_placement,sparse,train,False
5529,214,True,weak_ink_support,loose_placement,partial,train,False
5554,38,True,weak_ink_support,loose_placement,exhaustive,train,True
5555,181,True,weak_ink_support,blank_plate,no_drawn_cells,val,False
5557,1,True,weak_ink_support,loose_placement,partial,val,False
5560,121,True,aligned,loose_placement,partial,train,False
5561,165,True,weak_ink_support,loose_placement,partial,train,False
5563,149,True,weak_ink_support,traced_merged_cells,partial,train,False
5565,39,True,aligned,traced_merged_cells,partial,train,False
5567,238,True,weak_ink_support,blank_plate,partial,val,False
5569,80,True,aligned,loose_placement,partial,train,False
5570,206,True,weak_ink_support,loose_placement,partial,train,False
5571,65,True,weak_ink_support,loose_placement,partial,train,False
5577,0,True,weak_ink_support,loose_placement,exhaustive,val,True
5579,216,True,weak_ink_support,traced_single_cell,partial,train,False
5582,40,True,weak_ink_support,loose_placement,partial,train,False
5583,124,False,off_plate,off_plate,off_plate,excluded_off_plate,False
5585,127,True,weak_ink_support,loose_placement,sparse,train,False
5586,214,True,weak_ink_support,loose_placement,partial,train,False
5610,28,False,off_plate,off_plate,off_plate,excluded_off_plate,False
5611,38,True,weak_ink_support,loose_placement,exhaustive,train,True
5613,139,False,off_plate,off_plate,off_plate,excluded_off_plate,False
5614,1,True,weak_ink_support,loose_placement,partial,val,False
5617,121,True,aligned,traced_single_cell,partial,train,False
5618,165,True,weak_ink_support,loose_placement,partial,train,False
5619,2,True,weak_ink_support,loose_placement,partial,train,False
5620,149,True,weak_ink_support,loose_placement,partial,train,False
5622,39,True,weak_ink_support,traced_merged_cells,partial,train,False
5624,238,True,weak_ink_support,blank_plate,partial,val,False
5626,80,True,weak_ink_support,loose_placement,partial,train,False
5634,0,True,weak_ink_support,loose_placement,exhaustive,val,True
5636,216,True,weak_ink_support,loose_placement,partial,train,False
5639,40,True,weak_ink_support,traced_merged_cells,partial,train,False
5642,127,True,weak_ink_support,loose_placement,sparse,train,False
5643,214,True,weak_ink_support,loose_placement,partial,train,False
5667,28,False,off_plate,off_plate,off_plate,excluded_off_plate,False
5668,38,True,weak_ink_support,loose_placement,exhaustive,train,True
5670,139,False,off_plate,off_plate,off_plate,excluded_off_plate,False
5671,1,True,weak_ink_support,loose_placement,partial,val,False
5672,1,True,weak_ink_support,loose_placement,partial,val,False
5674,121,True,aligned,traced_merged_cells,partial,train,False
5677,149,True,aligned,loose_placement,partial,train,False
5680,35,False,off_plate,off_plate,off_plate,excluded_off_plate,False
5681,238,True,weak_ink_support,loose_placement,partial,val,False
5683,80,True,weak_ink_support,loose_placement,partial,train,False
5684,106,True,weak_ink_support,loose_placement,sparse,train,False
5688,194,False,off_plate,off_plate,partial,excluded_off_plate,False
5691,0,True,weak_ink_support,loose_placement,exhaustive,val,True
5693,216,True,weak_ink_support,loose_placement,partial,train,False
5695,97,False,off_plate,off_plate,off_plate,excluded_off_plate,False
5696,40,True,weak_ink_support,traced_merged_cells,partial,train,False
5699,127,True,weak_ink_support,loose_placement,sparse,train,False
5700,214,True,weak_ink_support,loose_placement,partial,train,False
5724,28,False,off_plate,off_plate,off_plate,excluded_off_plate,False
5725,38,True,weak_ink_support,loose_placement,exhaustive,train,True
5727,139,False,off_plate,off_plate,off_plate,excluded_off_plate,False
5728,1,True,weak_ink_support,loose_placement,partial,val,False
5729,1,True,weak_ink_support,loose_placement,partial,val,False
5731,121,True,weak_ink_support,traced_single_cell,partial,train,False
5734,149,True,aligned,loose_placement,partial,train,False
5735,129,False,off_plate,off_plate,off_plate,excluded_off_plate,False
5737,35,False,off_plate,off_plate,off_plate,excluded_off_plate,False
5738,238,True,weak_ink_support,loose_placement,partial,val,False
5741,106,True,weak_ink_support,loose_placement,sparse,train,False
5742,76,True,weak_ink_support,loose_placement,partial,train,False
5745,194,False,off_plate,off_plate,partial,excluded_off_plate,False
5748,0,True,weak_ink_support,loose_placement,exhaustive,val,True
5750,216,True,weak_ink_support,loose_placement,partial,train,False
5752,97,False,off_plate,off_plate,off_plate,excluded_off_plate,False
5753,40,True,aligned,traced_merged_cells,partial,train,False
5756,127,True,weak_ink_support,loose_placement,sparse,train,False
5757,214,True,weak_ink_support,loose_placement,partial,train,False
5782,38,True,weak_ink_support,loose_placement,exhaustive,train,True
5785,1,True,weak_ink_support,loose_placement,partial,val,False
5786,1,True,weak_ink_support,loose_placement,partial,val,False
5791,149,True,aligned,loose_placement,partial,train,False
5792,129,False,off_plate,off_plate,off_plate,excluded_off_plate,False
5793,136,True,aligned,loose_placement,partial,train,False
5794,35,False,off_plate,off_plate,off_plate,excluded_off_plate,False
5795,238,True,weak_ink_support,loose_placement,partial,val,False
5798,106,True,weak_ink_support,loose_placement,sparse,train,False
5799,76,True,weak_ink_support,loose_placement,partial,train,False
5802,194,False,off_plate,off_plate,partial,excluded_off_plate,False
5803,62,True,weak_ink_support,loose_placement,sparse,val,False
5805,0,True,weak_ink_support,blank_plate,exhaustive,val,True
5807,216,True,weak_ink_support,loose_placement,partial,train,False
5808,242,True,weak_ink_support,loose_placement,partial,train,False
5810,40,True,weak_ink_support,loose_placement,partial,train,False
5839,38,True,weak_ink_support,loose_placement,exhaustive,train,True
5842,1,True,weak_ink_support,loose_placement,partial,val,False
5843,1,True,weak_ink_support,loose_placement,partial,val,False
5846,165,True,weak_ink_support,loose_placement,partial,train,False
5848,149,True,aligned,loose_placement,partial,train,False
5849,129,False,off_plate,off_plate,off_plate,excluded_off_plate,False
5850,136,True,weak_ink_support,loose_placement,partial,train,False
5851,35,False,off_plate,off_plate,off_plate,excluded_off_plate,False
5852,238,True,weak_ink_support,loose_placement,partial,val,False
5853,180,True,weak_ink_support,loose_placement,partial,train,False
5856,76,True,weak_ink_support,loose_placement,partial,train,False
5858,190,False,off_plate,off_plate,off_plate,excluded_off_plate,False
5859,194,False,off_plate,off_plate,partial,excluded_off_plate,False
5860,62,True,weak_ink_support,loose_placement,sparse,val,False
5862,0,True,weak_ink_support,blank_plate,exhaustive,val,True
5864,216,True,weak_ink_support,loose_placement,partial,train,False
5865,242,True,weak_ink_support,loose_placement,partial,train,False
5867,40,True,weak_ink_support,loose_placement,partial,train,False
5900,1,True,weak_ink_support,loose_placement,partial,val,False
5901,1,True,weak_ink_support,loose_placement,partial,val,False
5902,156,True,weak_ink_support,loose_placement,partial,train,False
5904,165,True,weak_ink_support,loose_placement,partial,train,False
5905,2,True,weak_ink_support,traced_single_cell,partial,train,False
5906,149,True,aligned,loose_placement,partial,train,False
5908,136,True,weak_ink_support,loose_placement,partial,train,False
5909,35,False,off_plate,off_plate,off_plate,excluded_off_plate,False
5910,238,True,weak_ink_support,loose_placement,partial,val,False
5911,180,True,aligned,traced_single_cell,partial,train,False
5914,76,True,weak_ink_support,loose_placement,partial,train,False
5917,194,False,off_plate,off_plate,partial,excluded_off_plate,False
5918,62,True,weak_ink_support,loose_placement,sparse,val,False
5920,0,True,weak_ink_support,blank_plate,exhaustive,val,True
5922,216,True,aligned,loose_placement,partial,train,False
5923,242,True,weak_ink_support,loose_placement,partial,train,False
5925,40,True,weak_ink_support,loose_placement,partial,train,False
5929,214,True,weak_ink_support,loose_placement,partial,train,False
5958,1,True,weak_ink_support,loose_placement,partial,val,False
5959,1,True,aligned,traced_merged_cells,partial,val,False
5960,156,True,weak_ink_support,traced_merged_cells,partial,train,False
5961,100,True,weak_ink_support,loose_placement,sparse,train,False
5962,165,True,weak_ink_support,loose_placement,partial,train,False
5963,2,True,weak_ink_support,loose_placement,partial,train,False
5964,149,True,weak_ink_support,loose_placement,partial,train,False
5966,136,True,weak_ink_support,traced_merged_cells,partial,train,False
5967,35,False,off_plate,off_plate,off_plate,excluded_off_plate,False
5968,238,True,weak_ink_support,loose_placement,partial,val,False
5969,180,True,weak_ink_support,loose_placement,partial,train,False
5971,106,True,weak_ink_support,loose_placement,sparse,train,False
5972,76,True,aligned,loose_placement,partial,train,False
5975,194,False,off_plate,off_plate,partial,excluded_off_plate,False
5976,62,True,weak_ink_support,loose_placement,sparse,val,False
5978,0,True,weak_ink_support,blank_plate,exhaustive,val,True
5980,216,True,weak_ink_support,loose_placement,partial,train,False
5983,40,True,weak_ink_support,loose_placement,partial,train,False
5987,214,True,weak_ink_support,loose_placement,partial,train,False
6016,1,True,weak_ink_support,loose_placement,partial,val,False
6017,1,True,weak_ink_support,loose_placement,partial,val,False
6018,156,True,aligned,loose_placement,partial,train,False
6019,100,True,weak_ink_support,loose_placement,sparse,train,False
6020,165,True,weak_ink_support,loose_placement,partial,train,False
6021,2,True,weak_ink_support,loose_placement,partial,train,False
6022,149,True,weak_ink_support,traced_merged_cells,partial,train,False
6024,136,True,weak_ink_support,traced_single_cell,partial,train,False
6025,35,False,off_plate,off_plate,off_plate,excluded_off_plate,False
6026,238,True,weak_ink_support,loose_placement,partial,val,False
6027,180,True,weak_ink_support,loose_placement,partial,train,False
6029,106,True,weak_ink_support,loose_placement,sparse,train,False
6030,76,True,weak_ink_support,loose_placement,partial,train,False
6033,194,False,off_plate,off_plate,partial,excluded_off_plate,False
6034,62,True,weak_ink_support,loose_placement,sparse,val,False
6036,0,True,weak_ink_support,blank_plate,exhaustive,val,True
6037,46,True,weak_ink_support,loose_placement,sparse,train,False
6038,216,True,weak_ink_support,loose_placement,partial,train,False
6039,242,True,weak_ink_support,loose_placement,partial,train,False
6041,40,True,weak_ink_support,loose_placement,partial,train,False
6074,1,True,weak_ink_support,loose_placement,partial,val,False
6075,1,True,weak_ink_support,loose_placement,partial,val,False
6076,156,True,aligned,loose_placement,partial,train,False
6077,100,True,weak_ink_support,loose_placement,sparse,train,False
6078,165,True,weak_ink_support,loose_placement,partial,train,False
6079,2,True,weak_ink_support,traced_single_cell,partial,train,False
6080,149,True,weak_ink_support,loose_placement,partial,train,False
6082,136,True,weak_ink_support,loose_placement,partial,train,False
6083,35,False,off_plate,off_plate,off_plate,excluded_off_plate,False
6084,238,True,weak_ink_support,loose_placement,partial,val,False
6085,180,True,weak_ink_support,loose_placement,partial,train,False
6087,106,True,weak_ink_support,loose_placement,sparse,train,False
6088,76,True,weak_ink_support,loose_placement,partial,train,False
6091,194,False,off_plate,off_plate,partial,excluded_off_plate,False
6094,0,True,weak_ink_support,blank_plate,exhaustive,val,True
6095,46,True,weak_ink_support,loose_placement,sparse,train,False
6096,216,True,weak_ink_support,loose_placement,partial,train,False
6097,242,True,weak_ink_support,loose_placement,partial,train,False
6099,40,True,weak_ink_support,loose_placement,partial,train,False
6102,127,True,weak_ink_support,loose_placement,sparse,train,False
6103,214,True,aligned,traced_merged_cells,partial,train,False
6129,152,True,weak_ink_support,loose_placement,exhaustive,val,True
6132,1,True,weak_ink_support,loose_placement,partial,val,False
6133,1,True,weak_ink_support,loose_placement,partial,val,False
6134,156,True,aligned,traced_merged_cells,partial,train,False
6135,100,True,weak_ink_support,loose_placement,sparse,train,False
6136,165,True,weak_ink_support,loose_placement,partial,train,False
6137,2,True,aligned,loose_placement,partial,train,False
6138,149,True,weak_ink_support,loose_placement,partial,train,False
6140,136,True,weak_ink_support,loose_placement,partial,train,False
6143,180,True,weak_ink_support,loose_placement,partial,train,False
6145,106,True,weak_ink_support,loose_placement,sparse,train,False
6146,76,True,weak_ink_support,loose_placement,partial,train,False
6149,194,False,off_plate,off_plate,partial,excluded_off_plate,False
6152,0,True,weak_ink_support,blank_plate,exhaustive,val,True
6153,46,True,weak_ink_support,loose_placement,sparse,train,False
6154,216,True,weak_ink_support,loose_placement,partial,train,False
6155,242,True,weak_ink_support,loose_placement,partial,train,False
6157,40,True,weak_ink_support,loose_placement,partial,train,False
6158,124,False,off_plate,off_plate,off_plate,excluded_off_plate,False
6160,127,True,weak_ink_support,loose_placement,sparse,train,False
6161,214,True,weak_ink_support,loose_placement,partial,train,False
6186,175,True,aligned,traced_single_cell,partial,train,False
6187,152,True,weak_ink_support,loose_placement,exhaustive,val,True
6190,1,True,weak_ink_support,loose_placement,partial,val,False
6191,1,True,weak_ink_support,loose_placement,partial,val,False
6192,156,True,aligned,loose_placement,partial,train,False
6193,100,True,weak_ink_support,loose_placement,sparse,train,False
6194,165,True,weak_ink_support,loose_placement,partial,train,False
6195,2,True,weak_ink_support,loose_placement,partial,train,False
6198,136,True,weak_ink_support,loose_placement,partial,train,False
6201,180,True,aligned,loose_placement,partial,train,False
6203,106,True,weak_ink_support,loose_placement,sparse,train,False
6204,76,True,weak_ink_support,loose_placement,partial,train,False
6207,194,False,off_plate,off_plate,partial,excluded_off_plate,False
6208,62,True,weak_ink_support,loose_placement,sparse,val,False
6210,0,True,weak_ink_support,blank_plate,exhaustive,val,True
6211,46,True,weak_ink_support,loose_placement,sparse,train,False
6214,97,False,off_plate,off_plate,off_plate,excluded_off_plate,False
6215,40,True,weak_ink_support,loose_placement,partial,train,False
6216,124,False,off_plate,off_plate,off_plate,excluded_off_plate,False
6218,127,True,weak_ink_support,loose_placement,sparse,train,False
6219,214,True,weak_ink_support,loose_placement,partial,train,False
6244,175,True,aligned,traced_merged_cells,partial,train,False
6245,152,True,weak_ink_support,loose_placement,exhaustive,val,True
6248,1,True,weak_ink_support,loose_placement,partial,val,False
6249,1,True,weak_ink_support,loose_placement,partial,val,False
6250,156,True,weak_ink_support,loose_placement,partial,train,False
6251,100,True,weak_ink_support,loose_placement,sparse,train,False
6252,165,True,weak_ink_support,loose_placement,partial,train,False
6253,2,True,weak_ink_support,loose_placement,partial,train,False
6256,136,True,weak_ink_support,loose_placement,partial,train,False
6258,172,True,weak_ink_support,loose_placement,partial,train,False
6259,180,True,aligned,loose_placement,partial,train,False
6261,106,True,weak_ink_support,loose_placement,sparse,train,False
6262,76,True,weak_ink_support,loose_placement,partial,train,False
6265,194,False,off_plate,off_plate,partial,excluded_off_plate,False
6266,62,True,weak_ink_support,loose_placement,sparse,val,False
6268,0,True,weak_ink_support,blank_plate,exhaustive,val,True
6269,46,True,weak_ink_support,loose_placement,sparse,train,False
6273,40,True,weak_ink_support,loose_placement,partial,train,False
6274,124,False,off_plate,off_plate,off_plate,excluded_off_plate,False
6276,127,True,weak_ink_support,loose_placement,sparse,train,False
6277,214,True,weak_ink_support,loose_placement,partial,train,False
6302,175,True,weak_ink_support,loose_placement,partial,train,False
6303,152,True,weak_ink_support,loose_placement,exhaustive,val,True
6306,1,True,weak_ink_support,loose_placement,partial,val,False
6307,1,True,weak_ink_support,loose_placement,partial,val,False
6308,156,True,weak_ink_support,loose_placement,partial,train,False
6309,100,True,weak_ink_support,loose_placement,sparse,train,False
6310,165,True,weak_ink_support,loose_placement,partial,train,False
6311,2,True,aligned,traced_single_cell,partial,train,False
6314,136,True,weak_ink_support,traced_merged_cells,partial,train,False
6316,172,True,weak_ink_support,loose_placement,partial,train,False
6317,180,True,weak_ink_support,loose_placement,partial,train,False
6320,76,True,weak_ink_support,loose_placement,partial,train,False
6323,194,False,off_plate,off_plate,partial,excluded_off_plate,False
6324,62,True,weak_ink_support,loose_placement,sparse,val,False
6326,0,True,weak_ink_support,blank_plate,exhaustive,val,True
6327,46,True,weak_ink_support,loose_placement,sparse,train,False
6331,40,True,weak_ink_support,loose_placement,partial,train,False
6332,124,False,off_plate,off_plate,off_plate,excluded_off_plate,False
6334,127,True,weak_ink_support,loose_placement,sparse,train,False
6335,214,True,weak_ink_support,loose_placement,partial,train,False
6360,175,True,weak_ink_support,loose_placement,partial,train,False
6361,152,True,weak_ink_support,loose_placement,exhaustive,val,True
6364,1,True,aligned,loose_placement,partial,val,False
6365,1,True,weak_ink_support,loose_placement,partial,val,False
6366,156,True,aligned,loose_placement,partial,train,False
6367,100,True,weak_ink_support,loose_placement,sparse,train,False
6368,165,True,weak_ink_support,loose_placement,partial,train,False
6369,2,True,weak_ink_support,traced_merged_cells,partial,train,False
6372,136,True,weak_ink_support,traced_merged_cells,partial,train,False
6374,172,True,weak_ink_support,loose_placement,partial,train,False
6375,180,True,weak_ink_support,loose_placement,partial,train,False
6378,76,True,weak_ink_support,loose_placement,partial,train,False
6381,194,False,off_plate,off_plate,partial,excluded_off_plate,False
6383,157,False,off_plate,off_plate,off_plate,excluded_off_plate,False
6385,46,True,weak_ink_support,loose_placement,sparse,train,False
6387,242,True,weak_ink_support,traced_merged_cells,partial,train,False
6388,54,True,weak_ink_support,loose_placement,partial,train,False
6389,40,True,weak_ink_support,loose_placement,partial,train,False
6393,214,True,aligned,loose_placement,partial,train,False
6418,175,True,weak_ink_support,loose_placement,partial,train,False
6419,152,True,weak_ink_support,loose_placement,exhaustive,val,True
6422,1,True,weak_ink_support,loose_placement,partial,val,False
6423,1,True,weak_ink_support,loose_placement,partial,val,False
6424,156,True,weak_ink_support,loose_placement,partial,train,False
6425,100,True,weak_ink_support,loose_placement,sparse,train,False
6426,165,True,weak_ink_support,loose_placement,partial,train,False
6427,2,True,weak_ink_support,loose_placement,partial,train,False
6430,136,True,weak_ink_support,loose_placement,partial,train,False
6432,172,True,weak_ink_support,loose_placement,partial,train,False
6433,180,True,weak_ink_support,loose_placement,partial,train,False
6435,45,True,weak_ink_support,loose_placement,partial,train,False
6436,76,True,weak_ink_support,loose_placement,partial,train,False
6439,194,True,weak_ink_support,loose_placement,partial,val,False
6441,157,False,off_plate,off_plate,off_plate,excluded_off_plate,False
6443,46,True,weak_ink_support,loose_placement,sparse,train,False
6444,133,False,off_plate,off_plate,off_plate,excluded_off_plate,False
6446,54,True,weak_ink_support,loose_placement,partial,train,False
6447,40,True,weak_ink_support,loose_placement,partial,train,False
6449,49,True,weak_ink_support,loose_placement,partial,train,False
6450,168,True,weak_ink_support,loose_placement,partial,train,False
6451,214,True,aligned,loose_placement,partial,train,False
6476,175,True,weak_ink_support,blank_plate,partial,train,False
6477,152,True,weak_ink_support,loose_placement,exhaustive,val,True
6480,1,True,weak_ink_support,loose_placement,partial,val,False
6481,1,True,weak_ink_support,loose_placement,partial,val,False
6482,156,True,weak_ink_support,loose_placement,partial,train,False
6483,100,True,weak_ink_support,traced_merged_cells,sparse,train,False
6484,165,True,weak_ink_support,loose_placement,partial,train,False
6485,2,True,aligned,traced_merged_cells,partial,train,False
6488,136,True,aligned,loose_placement,partial,train,False
6489,173,True,weak_ink_support,loose_placement,partial,train,False
6490,172,True,weak_ink_support,loose_placement,partial,train,False
6491,180,True,weak_ink_support,loose_placement,partial,train,False
6493,45,True,weak_ink_support,loose_placement,partial,train,False
6494,76,True,weak_ink_support,loose_placement,partial,train,False
6495,144,True,weak_ink_support,blank_plate,partial,val,False
6497,194,True,weak_ink_support,loose_placement,partial,val,False
6498,225,True,weak_ink_support,loose_placement,partial,train,False
6499,157,False,off_plate,off_plate,off_plate,excluded_off_plate,False
6501,46,True,modern_proxy_suspect,loose_placement,sparse,train,False
6502,133,False,off_plate,off_plate,off_plate,excluded_off_plate,False
6504,54,True,weak_ink_support,loose_placement,partial,train,False
6505,40,True,weak_ink_support,loose_placement,partial,train,False
6507,49,True,weak_ink_support,loose_placement,partial,train,False
6508,168,True,weak_ink_support,loose_placement,partial,train,False
6509,214,True,weak_ink_support,loose_placement,partial,train,False
6534,175,True,weak_ink_support,blank_plate,partial,train,False
6535,152,True,weak_ink_support,loose_placement,exhaustive,val,True
6538,1,True,weak_ink_support,loose_placement,partial,val,False
6539,1,True,weak_ink_support,loose_placement,partial,val,False
6540,156,True,weak_ink_support,loose_placement,partial,train,False
6541,100,True,weak_ink_support,loose_placement,sparse,train,False
6542,165,True,weak_ink_support,loose_placement,partial,train,False
6543,2,True,aligned,loose_placement,partial,train,False
6546,136,True,weak_ink_support,traced_merged_cells,partial,train,False
6547,173,True,weak_ink_support,loose_placement,partial,train,False
6548,172,True,weak_ink_support,loose_placement,partial,train,False
6549,180,True,weak_ink_support,loose_placement,partial,train,False
6551,45,True,weak_ink_support,loose_placement,partial,train,False
6552,76,True,weak_ink_support,loose_placement,partial,train,False
6555,194,True,weak_ink_support,loose_placement,partial,val,False
6556,225,True,weak_ink_support,loose_placement,partial,train,False
6557,157,False,off_plate,off_plate,off_plate,excluded_off_plate,False
6559,46,True,weak_ink_support,loose_placement,sparse,train,False
6560,133,False,off_plate,off_plate,off_plate,excluded_off_plate,False
6561,242,True,aligned,traced_single_cell,partial,train,False
6562,54,True,weak_ink_support,loose_placement,partial,train,False
6563,40,True,weak_ink_support,loose_placement,partial,train,False
6565,49,True,weak_ink_support,loose_placement,partial,train,False
6566,168,True,weak_ink_support,loose_placement,partial,train,False
6567,214,True,aligned,traced_single_cell,partial,train,False
6592,175,True,weak_ink_support,blank_plate,partial,train,False
6593,152,True,aligned,loose_placement,exhaustive,val,True
6596,1,True,weak_ink_support,loose_placement,partial,val,False
6597,1,True,weak_ink_support,loose_placement,partial,val,False
6598,156,True,aligned,loose_placement,partial,train,False
6599,100,True,weak_ink_support,loose_placement,sparse,train,False
6600,165,True,weak_ink_support,loose_placement,partial,train,False
6601,2,True,weak_ink_support,loose_placement,partial,train,False
6604,136,True,weak_ink_support,loose_placement,partial,train,False
6605,173,True,weak_ink_support,loose_placement,partial,train,False
6606,172,True,weak_ink_support,loose_placement,partial,train,False
6607,180,True,aligned,loose_placement,partial,train,False
6609,45,True,weak_ink_support,loose_placement,partial,train,False
6610,76,True,aligned,loose_placement,partial,train,False
6614,225,True,weak_ink_support,loose_placement,partial,train,False
6615,157,False,off_plate,off_plate,off_plate,excluded_off_plate,False
6617,46,True,weak_ink_support,loose_placement,sparse,train,False
6620,54,True,weak_ink_support,loose_placement,partial,train,False
6621,40,True,weak_ink_support,blank_plate,partial,train,False
6623,49,True,weak_ink_support,traced_merged_cells,partial,train,False
6624,168,True,weak_ink_support,loose_placement,partial,train,False
6625,214,True,aligned,loose_placement,partial,train,False
6650,175,True,weak_ink_support,blank_plate,partial,train,False
6651,152,True,weak_ink_support,loose_placement,exhaustive,val,True
6653,5,True,weak_ink_support,loose_placement,partial,train,False
6654,1,True,weak_ink_support,loose_placement,partial,val,False
6655,1,True,weak_ink_support,loose_placement,partial,val,False
6656,156,True,weak_ink_support,loose_placement,partial,train,False
6658,165,True,weak_ink_support,loose_placement,partial,train,False
6659,2,True,aligned,loose_placement,partial,train,False
6662,136,True,weak_ink_support,loose_placement,partial,train,False
6663,173,True,weak_ink_support,traced_merged_cells,partial,train,False
6664,172,True,weak_ink_support,loose_placement,partial,train,False
6665,180,True,aligned,loose_placement,partial,train,False
6667,45,True,weak_ink_support,loose_placement,partial,train,False
6668,76,True,weak_ink_support,loose_placement,partial,train,False
6671,194,True,aligned,loose_placement,partial,val,False
6672,225,True,weak_ink_support,loose_placement,partial,train,False
6673,157,False,off_plate,off_plate,off_plate,excluded_off_plate,False
6675,46,True,weak_ink_support,loose_placement,sparse,train,False
6678,54,True,weak_ink_support,loose_placement,partial,train,False
6679,40,True,weak_ink_support,loose_placement,partial,train,False
6681,49,True,weak_ink_support,loose_placement,partial,train,False
6682,168,True,aligned,loose_placement,partial,train,False
6683,214,True,weak_ink_support,loose_placement,partial,train,False
6708,175,True,weak_ink_support,blank_plate,partial,train,False
6709,152,True,weak_ink_support,loose_placement,exhaustive,val,True
6712,1,True,weak_ink_support,loose_placement,partial,val,False
6713,1,True,weak_ink_support,loose_placement,partial,val,False
6714,156,True,weak_ink_support,loose_placement,partial,train,False
6715,100,True,weak_ink_support,loose_placement,sparse,train,False
6716,165,True,weak_ink_support,loose_placement,partial,train,False
6717,2,True,aligned,loose_placement,partial,train,False
6721,173,True,aligned,traced_merged_cells,partial,train,False
6722,172,True,aligned,loose_placement,partial,train,False
6723,180,True,aligned,loose_placement,partial,train,False
6725,45,True,weak_ink_support,loose_placement,partial,train,False
6726,76,True,weak_ink_support,loose_placement,partial,train,False
6729,194,True,weak_ink_support,loose_placement,partial,val,False
6730,225,True,weak_ink_support,traced_merged_cells,partial,train,False
6736,54,True,weak_ink_support,loose_placement,partial,train,False
6737,40,True,weak_ink_support,loose_placement,partial,train,False
6740,168,True,weak_ink_support,loose_placement,partial,train,False
6766,175,True,weak_ink_support,loose_placement,partial,train,False
6767,152,True,weak_ink_support,loose_placement,exhaustive,val,True
6769,5,True,weak_ink_support,loose_placement,partial,train,False
6770,1,True,weak_ink_support,loose_placement,partial,val,False
6771,1,True,aligned,loose_placement,partial,val,False
6772,156,True,weak_ink_support,loose_placement,partial,train,False
6773,100,True,weak_ink_support,loose_placement,sparse,train,False
6774,165,True,weak_ink_support,loose_placement,partial,train,False
6775,2,True,weak_ink_support,loose_placement,partial,train,False
6778,87,True,weak_ink_support,loose_placement,partial,train,False
6779,173,True,weak_ink_support,loose_placement,partial,train,False
6780,172,True,weak_ink_support,loose_placement,partial,train,False
6781,180,True,aligned,loose_placement,partial,train,False
6782,80,True,aligned,loose_placement,partial,train,False
6783,45,True,weak_ink_support,loose_placement,partial,train,False
6784,76,True,weak_ink_support,loose_placement,partial,train,False
6787,194,True,weak_ink_support,loose_placement,partial,val,False
6788,225,True,aligned,loose_placement,partial,train,False
6789,157,False,off_plate,off_plate,off_plate,excluded_off_plate,False
6794,54,True,weak_ink_support,loose_placement,partial,train,False
6795,40,True,weak_ink_support,loose_placement,partial,train,False
6798,168,True,weak_ink_support,loose_placement,partial,train,False
6824,175,True,aligned,traced_merged_cells,partial,train,False
6825,152,True,weak_ink_support,loose_placement,exhaustive,val,True
6827,5,True,weak_ink_support,loose_placement,partial,train,False
6828,1,True,weak_ink_support,loose_placement,partial,val,False
6829,1,True,aligned,loose_placement,partial,val,False
6830,156,True,weak_ink_support,loose_placement,partial,train,False
6832,165,True,weak_ink_support,loose_placement,partial,train,False
6833,2,True,weak_ink_support,loose_placement,partial,train,False
6836,87,True,weak_ink_support,loose_placement,partial,train,False
6837,173,True,weak_ink_support,loose_placement,partial,train,False
6838,172,True,aligned,loose_placement,partial,train,False
6839,180,True,aligned,loose_placement,partial,train,False
6841,45,True,weak_ink_support,blank_plate,partial,train,False
6842,76,True,weak_ink_support,loose_placement,partial,train,False
6845,194,True,weak_ink_support,loose_placement,partial,val,False
6846,225,True,aligned,traced_merged_cells,partial,train,False
6847,157,False,off_plate,off_plate,off_plate,excluded_off_plate,False
6848,0,True,weak_ink_support,blank_plate,exhaustive,val,True
6851,221,False,off_plate,off_plate,off_plate,excluded_off_plate,False
6852,54,True,weak_ink_support,loose_placement,partial,train,False
6853,40,True,weak_ink_support,loose_placement,partial,train,False
6855,49,True,weak_ink_support,loose_placement,partial,train,False
6856,168,True,weak_ink_support,loose_placement,partial,train,False
6857,259,True,aligned,loose_placement,partial,train,False
6882,175,True,weak_ink_support,loose_placement,partial,train,False
6883,152,True,weak_ink_support,loose_placement,exhaustive,val,True
6885,5,True,weak_ink_support,loose_placement,partial,train,False
6887,1,True,weak_ink_support,loose_placement,partial,val,False
6888,156,True,aligned,loose_placement,partial,train,False
6890,165,True,weak_ink_support,loose_placement,partial,train,False
6891,2,True,modern_proxy_suspect,loose_placement,partial,train,False
6894,87,True,weak_ink_support,loose_placement,partial,train,False
6895,173,True,weak_ink_support,loose_placement,partial,train,False
6897,180,True,aligned,loose_placement,partial,train,False
6898,169,True,weak_ink_support,loose_placement,partial,train,False
6899,45,True,weak_ink_support,loose_placement,partial,train,False
6900,76,True,weak_ink_support,loose_placement,partial,train,False
6903,194,True,weak_ink_support,loose_placement,partial,val,False
6904,225,True,weak_ink_support,loose_placement,partial,train,False
6906,0,True,weak_ink_support,blank_plate,exhaustive,val,True
6907,159,True,aligned,loose_placement,exhaustive,train,True
6909,221,False,off_plate,off_plate,off_plate,excluded_off_plate,False
6910,54,True,weak_ink_support,loose_placement,partial,train,False
6911,40,True,weak_ink_support,loose_placement,partial,train,False
6913,49,True,weak_ink_support,loose_placement,partial,train,False
6914,168,True,weak_ink_support,blank_plate,partial,train,False
6915,259,True,aligned,loose_placement,partial,train,False
6940,152,True,weak_ink_support,loose_placement,exhaustive,val,True
6942,5,True,weak_ink_support,loose_placement,partial,train,False
6944,1,True,aligned,traced_merged_cells,partial,val,False
6945,156,True,aligned,loose_placement,partial,train,False
6946,100,True,weak_ink_support,loose_placement,sparse,train,False
6947,165,True,weak_ink_support,loose_placement,partial,train,False
6948,2,True,weak_ink_support,loose_placement,partial,train,False
6951,87,True,weak_ink_support,loose_placement,partial,train,False
6952,173,True,aligned,loose_placement,partial,train,False
6954,180,True,weak_ink_support,loose_placement,partial,train,False
6955,169,True,weak_ink_support,loose_placement,partial,train,False
6957,76,True,weak_ink_support,loose_placement,partial,train,False
6959,111,False,off_plate,off_plate,no_drawn_cells,excluded_off_plate,False
6960,194,True,weak_ink_support,loose_placement,partial,val,False
6961,225,True,aligned,loose_placement,partial,train,False
6963,0,True,weak_ink_support,blank_plate,exhaustive,val,True
6964,159,True,aligned,loose_placement,exhaustive,train,True
6966,221,False,off_plate,off_plate,off_plate,excluded_off_plate,False
6967,54,True,weak_ink_support,loose_placement,partial,train,False
6970,49,True,weak_ink_support,loose_placement,partial,train,False
6971,168,True,weak_ink_support,blank_plate,partial,train,False
6972,259,True,weak_ink_support,traced_single_cell,partial,train,False
6996,152,True,weak_ink_support,loose_placement,exhaustive,val,True
6998,5,True,weak_ink_support,loose_placement,partial,train,False
7000,1,True,weak_ink_support,loose_placement,partial,val,False
7001,156,True,aligned,traced_single_cell,partial,train,False
7003,165,True,weak_ink_support,loose_placement,partial,train,False
7004,2,True,weak_ink_support,loose_placement,partial,train,False
7005,74,True,weak_ink_support,loose_placement,sparse,train,False
7007,87,True,weak_ink_support,loose_placement,partial,train,False
7008,173,True,weak_ink_support,loose_placement,partial,train,False
7010,180,True,weak_ink_support,loose_placement,partial,train,False
7011,169,True,weak_ink_support,traced_single_cell,partial,train,False
7013,76,True,weak_ink_support,loose_placement,partial,train,False
7015,111,True,weak_ink_support,blank_plate,no_drawn_cells,val,False
7016,194,True,weak_ink_support,loose_placement,partial,val,False
7017,225,True,weak_ink_support,loose_placement,partial,train,False
7019,0,True,weak_ink_support,blank_plate,exhaustive,val,True
7020,159,True,aligned,loose_placement,exhaustive,train,True
7022,221,False,off_plate,off_plate,off_plate,excluded_off_plate,False
7023,54,True,weak_ink_support,loose_placement,partial,train,False
7026,49,True,weak_ink_support,loose_placement,partial,train,False
7027,168,True,weak_ink_support,loose_placement,partial,train,False
7028,259,True,weak_ink_support,loose_placement,partial,train,False
7052,152,True,weak_ink_support,loose_placement,exhaustive,val,True
7054,5,True,aligned,loose_placement,partial,train,False
7056,1,True,weak_ink_support,loose_placement,partial,val,False
7057,156,True,aligned,loose_placement,partial,train,False
7059,165,True,weak_ink_support,loose_placement,partial,train,False
7060,2,True,weak_ink_support,loose_placement,partial,train,False
7061,74,True,weak_ink_support,loose_placement,sparse,train,False
7063,87,True,aligned,traced_merged_cells,partial,train,False
7064,173,True,weak_ink_support,loose_placement,partial,train,False
7066,180,True,weak_ink_support,loose_placement,partial,train,False
7067,169,True,weak_ink_support,loose_placement,partial,train,False
7069,76,True,weak_ink_support,loose_placement,partial,train,False
7073,225,True,weak_ink_support,loose_placement,partial,train,False
7074,29,True,weak_ink_support,loose_placement,partial,train,False
7075,0,True,weak_ink_support,blank_plate,exhaustive,val,True
7076,159,True,aligned,loose_placement,exhaustive,train,True
7078,221,False,off_plate,off_plate,off_plate,excluded_off_plate,False
7079,54,True,weak_ink_support,loose_placement,partial,train,False
7084,259,True,weak_ink_support,loose_placement,partial,train,False
7108,152,True,weak_ink_support,loose_placement,exhaustive,val,True
7110,5,True,aligned,loose_placement,partial,train,False
7112,1,True,weak_ink_support,loose_placement,partial,val,False
7113,156,True,weak_ink_support,loose_placement,partial,train,False
7115,165,True,weak_ink_support,loose_placement,partial,train,False
7116,2,True,weak_ink_support,loose_placement,partial,train,False
7117,74,True,weak_ink_support,loose_placement,sparse,train,False
7119,87,True,weak_ink_support,loose_placement,partial,train,False
7122,180,True,weak_ink_support,loose_placement,partial,train,False
7123,169,True,weak_ink_support,loose_placement,partial,train,False
7125,76,True,weak_ink_support,loose_placement,partial,train,False
7129,225,True,weak_ink_support,loose_placement,partial,train,False
7130,29,True,weak_ink_support,loose_placement,partial,train,False
7131,0,True,weak_ink_support,blank_plate,exhaustive,val,True
7132,159,True,weak_ink_support,loose_placement,exhaustive,train,True
7135,54,True,aligned,loose_placement,partial,train,False
7136,89,True,weak_ink_support,loose_placement,partial,train,False
7139,12,True,weak_ink_support,loose_placement,partial,train,False
7164,152,True,weak_ink_support,loose_placement,exhaustive,val,True
7166,5,True,aligned,loose_placement,partial,train,False
7168,1,True,weak_ink_support,loose_placement,partial,val,False
7169,156,True,weak_ink_support,loose_placement,partial,train,False
7171,165,True,weak_ink_support,loose_placement,partial,train,False
7172,2,True,weak_ink_support,loose_placement,partial,train,False
7175,87,True,weak_ink_support,loose_placement,partial,train,False
7178,180,True,weak_ink_support,loose_placement,partial,train,False
7179,169,True,weak_ink_support,loose_placement,partial,train,False
7181,76,True,weak_ink_support,loose_placement,partial,train,False
7185,225,True,weak_ink_support,loose_placement,partial,train,False
7186,29,True,weak_ink_support,loose_placement,partial,train,False
7187,0,True,weak_ink_support,blank_plate,exhaustive,val,True
7188,159,True,weak_ink_support,loose_placement,exhaustive,train,True
7192,89,True,weak_ink_support,loose_placement,partial,train,False
7195,12,True,weak_ink_support,loose_placement,partial,train,False
7220,152,True,weak_ink_support,loose_placement,exhaustive,val,True
7222,5,True,weak_ink_support,loose_placement,partial,train,False
7223,88,True,weak_ink_support,traced_merged_cells,partial,train,False
7224,1,True,weak_ink_support,loose_placement,partial,val,False
7225,156,True,weak_ink_support,loose_placement,partial,train,False
7227,165,True,weak_ink_support,loose_placement,partial,train,False
7228,2,True,aligned,traced_merged_cells,partial,train,False
7231,87,True,weak_ink_support,loose_placement,partial,train,False
7234,180,True,aligned,loose_placement,partial,train,False
7235,169,True,weak_ink_support,loose_placement,partial,train,False
7237,76,True,weak_ink_support,loose_placement,partial,train,False
7241,225,True,weak_ink_support,loose_placement,partial,train,False
7242,29,True,weak_ink_support,loose_placement,partial,train,False
7243,0,True,weak_ink_support,blank_plate,exhaustive,val,True
7244,159,True,aligned,loose_placement,exhaustive,train,True
7245,150,False,off_plate,off_plate,off_plate,excluded_off_plate,False
7247,55,True,weak_ink_support,loose_placement,partial,train,False
7248,89,True,weak_ink_support,loose_placement,partial,train,False
7251,12,True,weak_ink_support,loose_placement,partial,train,False
7252,259,True,weak_ink_support,loose_placement,partial,train,False
7276,152,True,weak_ink_support,loose_placement,exhaustive,val,True
7278,5,True,weak_ink_support,loose_placement,partial,train,False
7279,88,True,weak_ink_support,loose_placement,partial,train,False
7280,1,True,weak_ink_support,loose_placement,partial,val,False
7281,156,True,weak_ink_support,loose_placement,partial,train,False
7283,165,True,weak_ink_support,loose_placement,partial,train,False
7284,2,True,aligned,loose_placement,partial,train,False
7287,87,True,weak_ink_support,traced_single_cell,partial,train,False
7288,173,True,weak_ink_support,loose_placement,partial,train,False
7290,180,True,aligned,loose_placement,partial,train,False
7291,169,True,weak_ink_support,loose_placement,partial,train,False
7293,76,True,weak_ink_support,loose_placement,partial,train,False
7296,83,False,off_plate,off_plate,off_plate,excluded_off_plate,False
7297,225,True,weak_ink_support,loose_placement,partial,train,False
7298,29,True,weak_ink_support,loose_placement,partial,train,False
7299,0,True,weak_ink_support,blank_plate,exhaustive,val,True
7300,159,True,weak_ink_support,loose_placement,exhaustive,train,True
7301,150,False,off_plate,off_plate,off_plate,excluded_off_plate,False
7306,195,True,weak_ink_support,traced_single_cell,partial,train,False
7307,12,True,weak_ink_support,loose_placement,partial,train,False
7308,259,True,weak_ink_support,loose_placement,partial,train,False
7309,231,True,weak_ink_support,blank_plate,no_drawn_cells,train,False
7310,142,True,weak_ink_support,blank_plate,sparse,train,False
7311,142,True,weak_ink_support,loose_placement,sparse,train,False
7312,246,True,weak_ink_support,loose_placement,sparse,train,False
7313,142,True,weak_ink_support,loose_placement,sparse,train,False
7314,243,True,weak_ink_support,loose_placement,sparse,train,False
7315,224,True,weak_ink_support,loose_placement,no_drawn_cells,train,False
7316,82,True,aligned,loose_placement,sparse,train,False
7317,179,True,weak_ink_support,traced_merged_cells,partial,train,False
7318,179,True,aligned,traced_single_cell,partial,train,False
7319,179,True,aligned,loose_placement,partial,train,False
7320,179,True,weak_ink_support,loose_placement,partial,train,False
7321,179,True,weak_ink_support,loose_placement,partial,train,False
7322,179,True,aligned,loose_placement,partial,train,False
7323,242,True,weak_ink_support,loose_placement,partial,train,False
7324,89,True,weak_ink_support,loose_placement,partial,train,False
7325,89,True,weak_ink_support,loose_placement,partial,train,False
7326,89,True,weak_ink_support,loose_placement,partial,train,False
7327,147,True,weak_ink_support,loose_placement,sparse,train,False
7328,147,True,weak_ink_support,loose_placement,sparse,train,False
7329,147,True,weak_ink_support,loose_placement,sparse,train,False
7330,147,True,weak_ink_support,loose_placement,sparse,train,False
7331,147,True,weak_ink_support,loose_placement,sparse,train,False
7332,254,True,weak_ink_support,loose_placement,partial,train,False
7333,254,True,weak_ink_support,loose_placement,partial,train,False
7334,254,True,weak_ink_support,loose_placement,partial,train,False
7335,254,True,weak_ink_support,loose_placement,partial,train,False
7336,254,True,weak_ink_support,loose_placement,partial,train,False
7337,229,True,aligned,loose_placement,partial,train,False
7338,229,True,aligned,traced_merged_cells,partial,train,False
7339,229,True,weak_ink_support,loose_placement,partial,train,False
7340,229,True,weak_ink_support,loose_placement,partial,train,False
7341,254,True,weak_ink_support,loose_placement,partial,train,False
7342,229,True,weak_ink_support,loose_placement,partial,train,False
7343,229,True,weak_ink_support,loose_placement,partial,train,False
7344,229,True,weak_ink_support,loose_placement,partial,train,False
7345,229,True,weak_ink_support,loose_placement,partial,train,False
7346,239,True,weak_ink_support,loose_placement,sparse,train,False
7347,187,True,weak_ink_support,loose_placement,partial,train,False
7348,187,True,weak_ink_support,loose_placement,partial,train,False
7349,187,True,weak_ink_support,loose_placement,partial,train,False
7350,187,True,weak_ink_support,loose_placement,partial,train,False
7351,187,True,weak_ink_support,loose_placement,partial,train,False
7352,187,True,weak_ink_support,loose_placement,partial,train,False
7353,199,True,weak_ink_support,loose_placement,partial,train,False
7354,199,True,weak_ink_support,loose_placement,partial,train,False
7355,199,True,weak_ink_support,loose_placement,partial,train,False
7356,199,True,weak_ink_support,loose_placement,partial,train,False
7357,199,True,weak_ink_support,loose_placement,partial,train,False
7358,228,True,weak_ink_support,loose_placement,sparse,train,False
7359,228,True,weak_ink_support,loose_placement,sparse,train,False
7360,228,True,weak_ink_support,loose_placement,sparse,train,False
7361,228,True,weak_ink_support,loose_placement,sparse,train,False
7362,153,True,weak_ink_support,loose_placement,exhaustive,val,True
7363,153,True,weak_ink_support,loose_placement,exhaustive,val,True
7364,153,True,weak_ink_support,loose_placement,exhaustive,val,True
7365,153,True,weak_ink_support,loose_placement,exhaustive,val,True
7366,153,True,weak_ink_support,loose_placement,exhaustive,val,True
7367,223,True,weak_ink_support,loose_placement,exhaustive,val,True
7368,223,True,weak_ink_support,loose_placement,exhaustive,val,True
7369,223,True,weak_ink_support,loose_placement,exhaustive,val,True
7370,223,True,weak_ink_support,loose_placement,exhaustive,val,True
7371,223,True,weak_ink_support,loose_placement,exhaustive,val,True
7372,223,True,weak_ink_support,loose_placement,exhaustive,val,True
7373,223,True,weak_ink_support,loose_placement,exhaustive,val,True
7374,109,True,aligned,traced_single_cell,exhaustive,train,True
7375,109,True,weak_ink_support,loose_placement,exhaustive,train,True
7376,109,True,aligned,loose_placement,exhaustive,train,True
7377,41,True,weak_ink_support,loose_placement,sparse,train,False
7378,41,True,weak_ink_support,loose_placement,sparse,train,False
7379,41,True,weak_ink_support,loose_placement,sparse,train,False
7380,41,True,aligned,traced_single_cell,sparse,train,False
7381,100,True,weak_ink_support,traced_merged_cells,sparse,train,False
7382,100,True,weak_ink_support,loose_placement,sparse,train,False
7383,100,True,weak_ink_support,loose_placement,sparse,train,False
7384,100,True,weak_ink_support,loose_placement,sparse,train,False
7385,100,True,weak_ink_support,loose_placement,sparse,train,False
7386,100,True,weak_ink_support,loose_placement,sparse,train,False
7387,236,True,weak_ink_support,loose_placement,sparse,train,False
7388,236,True,weak_ink_support,loose_placement,sparse,train,False
7389,236,True,aligned,loose_placement,sparse,train,False
7390,237,True,weak_ink_support,loose_placement,partial,train,False
7391,237,True,weak_ink_support,loose_placement,partial,train,False
7392,237,True,weak_ink_support,loose_placement,partial,train,False
7393,237,True,weak_ink_support,loose_placement,partial,train,False
7394,237,True,weak_ink_support,loose_placement,partial,train,False
7395,237,True,weak_ink_support,loose_placement,partial,train,False
7396,237,True,weak_ink_support,loose_placement,partial,train,False
7397,237,True,weak_ink_support,loose_placement,partial,train,False
7398,237,True,weak_ink_support,loose_placement,partial,train,False
7399,237,True,weak_ink_support,loose_placement,partial,train,False
7400,237,True,weak_ink_support,loose_placement,partial,train,False
7401,236,True,weak_ink_support,loose_placement,sparse,train,False
7402,202,True,weak_ink_support,loose_placement,partial,train,False
7403,202,True,weak_ink_support,loose_placement,partial,train,False
7404,202,True,weak_ink_support,loose_placement,partial,train,False
7405,202,True,weak_ink_support,loose_placement,partial,train,False
7406,202,True,weak_ink_support,loose_placement,partial,train,False
7407,202,True,weak_ink_support,loose_placement,partial,train,False
7408,202,True,weak_ink_support,loose_placement,partial,train,False
7409,202,True,weak_ink_support,loose_placement,partial,train,False
7410,202,True,weak_ink_support,loose_placement,partial,train,False
7411,202,True,weak_ink_support,loose_placement,partial,train,False
7412,202,True,aligned,loose_placement,partial,train,False
7413,202,True,weak_ink_support,loose_placement,partial,train,False
