id,on_plate,near3px,near6px,gain,median_offset_px,median_offset_m,p90_offset_px,osm_iou,osm_idx,area_m2_ground,qa_class
23,True,0.5315457413249212,0.580441640378549,-0.05638801261829651,2.2360680103302,0.49035728135730183,11.661903381347656,0.00929437539498601,3214.0,301.428520570503,weak_ink_support
25,True,0.36363636363636365,0.4797979797979798,-0.0612373737373737,6.7082037925720215,1.471071791788037,28.284271240234375,0.0200097016546713,4.0,99.37633297994181,weak_ink_support
26,True,0.505091649694501,0.7026476578411406,-0.14307535641547853,3.0,0.657883318966972,9.05538558959961,0.04796686534940013,2025.0,159.2662813707064,weak_ink_support
27,True,0.2761904761904762,0.4031746031746032,-0.02857142857142858,12.083045959472656,2.6497447930161107,37.531252288818365,0.010577786184540179,3141.0,62.87421326071114,weak_ink_support
28,True,0.37531172069825436,0.43516209476309226,-0.052369077306733236,8.485280990600586,1.8607749401545566,21.260292053222656,0.034855873311014536,2011.0,469.58740961122436,weak_ink_support
30,True,0.29608938547486036,0.4106145251396648,-0.04120111731843573,8.485280990600586,1.8607749401545566,24.0,0.030383626579127486,2212.0,68.20490358872622,weak_ink_support
31,True,0.24169741697416974,0.45018450184501846,-0.14206642066420666,7.8102498054504395,1.7127443546569612,14.142135620117188,0.15884532888752717,2194.0,180.8824105787055,weak_ink_support
34,True,0.7941176470588235,0.9007352941176471,0.15395220588235292,0.0,0.0,6.0,0.0,,212.4227716194746,aligned
35,True,0.30814639905548996,0.43919716646989376,-0.026269185360094482,7.8102498054504395,1.7127443546569612,21.217889404296873,0.0,,497.0842246587721,weak_ink_support
37,True,0.5718918918918919,0.6810810810810811,0.11810810810810818,2.8284270763397217,0.6202583308128085,15.55634880065918,0.2861497556230489,3437.0,592.5261731536006,aligned
38,True,0.2413793103448276,0.43103448275862066,-0.0879310344827586,7.245606422424316,1.5889212003709725,19.209373474121094,0.002138588853140023,2211.0,62.08370231482707,weak_ink_support
39,True,0.1431924882629108,0.20187793427230047,-0.03286384976525819,14.142135620117188,3.1012917063479106,20.2237491607666,0.021797534998045986,3098.0,124.89177755005477,weak_ink_support
40,True,0.7295825771324864,0.7731397459165155,0.10435571687840295,0.0,0.0,10.630146026611328,0.0120226823401449,2422.0,219.3451944440512,aligned
44,True,0.39660056657223797,0.45609065155807366,0.17422096317280455,7.8102498054504395,1.7127443546569612,22.627416610717773,0.1996429825511035,2004.0,63.728964751841914,weak_ink_support
45,True,0.5509803921568628,0.6882352941176471,0.03431372549019618,2.2360680103302,0.49035728135730183,22.803508758544922,0.14389424646662458,3446.0,177.81501127331282,weak_ink_support
46,True,0.0,0.0,0.0,108.8369140625,23.86733008318687,128.39002990722656,0.016328492313497818,2615.0,115.03278236837605,weak_ink_support
47,True,0.3879668049792531,0.43775933609958506,-0.11151452282157676,11.247024536132812,2.4664099434446745,14.866068840026855,0.07447824623508167,2013.0,126.09313156957062,weak_ink_support
48,False,,,,,,,,,,off_plate
53,True,0.5692771084337349,0.6385542168674698,0.16566265060240964,1.4142135381698608,0.31012916540640423,18.384777069091797,0.1012386279741786,2228.0,79.69941706636246,aligned
55,True,0.5679611650485437,0.9635922330097088,-0.13895631067961167,2.2360680103302,0.49035728135730183,5.656854152679443,0.06583063420071851,2431.0,113.26467427060766,weak_ink_support
79,True,0.45276292335115864,0.5098039215686274,-0.1292335115864528,5.830951690673828,1.278695283665525,13.45362377166748,0.014682518125988548,3214.0,229.51296716696217,weak_ink_support
81,True,0.598014888337469,0.6625310173697271,0.07568238213399503,0.0,0.0,23.17261047363282,0.07971880952378246,3339.0,105.93897826651437,weak_ink_support
82,True,0.5454545454545454,0.7813852813852814,-0.14177489177489178,2.8284270763397217,0.6202583308128085,8.246211051940918,0.00802547024993439,3181.0,129.96775223840498,weak_ink_support
83,True,0.2684563758389262,0.3087248322147651,0.059563758389261756,19.32593536376953,4.238070166419292,44.777225494384766,0.008648391618309758,3141.0,51.40591892153017,weak_ink_support
84,True,0.7161172161172161,0.8406593406593407,0.07509157509157505,0.0,0.0,9.899495124816895,0.01732075335194963,2011.0,214.15497148369084,weak_ink_support
86,True,0.274442538593482,0.3653516295025729,-0.07547169811320759,8.246211051940918,1.8083482319176725,17.804492950439453,0.22122966823206144,2208.0,254.78333098991683,weak_ink_support
87,True,0.23880597014925373,0.3302238805970149,-0.14085820895522386,7.8102498054504395,1.7127443546569612,14.21267032623291,0.10478841246609041,2194.0,174.16594831581952,weak_ink_support
90,True,0.7668845315904139,0.9389978213507625,0.12309368191721126,0.0,0.0,5.385164737701416,0.001402849267546554,3181.0,127.14062715491943,aligned
94,True,0.4075471698113208,0.4981132075471698,-0.010377358490566091,6.4031243324279785,1.4041695625252986,19.58522491455078,0.0016542566585763775,2211.0,49.534731055198655,weak_ink_support
95,True,0.19103773584905662,0.29009433962264153,-0.054834905660377325,10.816654205322266,2.3720321229051557,16.36450023651123,0.021493352870282343,3098.0,123.09588138408729,weak_ink_support
96,True,0.6938110749185668,0.7882736156351792,-0.041530944625407185,2.2360680103302,0.49035728135730183,10.0,0.01346047705569859,2422.0,57.097709945513245,weak_ink_support
100,True,0.3971830985915493,0.4591549295774648,0.08239436619718316,7.8102498054504395,1.7127443546569612,21.21320343017578,0.08540119257114603,2016.0,65.48741492068179,weak_ink_support
101,True,0.5471311475409836,0.7090163934426229,-0.05379098360655743,2.8284270763397217,0.6202583308128085,11.246764183044435,0.2676212699900445,2293.0,156.18282577768133,weak_ink_support
104,False,,,,,,,,,,off_plate
106,True,1.0,1.0,0.17314189189189189,0.0,0.0,2.2360680103302,0.04599093615049633,2113.0,60.077911286524284,aligned
109,True,0.3707165109034268,0.5451713395638629,-0.18302180685358255,5.0,1.0964721982782868,12.206555366516113,0.09621908906750945,2228.0,75.74781941229811,weak_ink_support
111,True,0.6926952141057935,0.8387909319899244,-0.030226700251889227,1.0,0.21929443965565734,7.211102485656738,0.05822654906392861,2431.0,100.32171005468598,weak_ink_support
135,True,0.5440180586907449,0.636568848758465,-0.07618510158013547,2.0,0.4385888793113147,15.264337539672852,0.0,,111.78834820313287,weak_ink_support
137,True,0.7075,0.735,0.15625,0.0,0.0,15.620499610900879,0.019268203087330852,4.0,103.18302104278432,aligned
138,True,0.5443037974683544,0.8137432188065099,-0.12341772151898733,3.0,0.657883318966972,8.062257766723633,0.013648533391847373,3181.0,221.02993980990937,weak_ink_support
139,True,0.15878378378378377,0.20608108108108109,0.017736486486486458,25.719493865966797,5.6401419955643055,51.034284591674805,0.008476477757520105,3141.0,50.38406533542172,weak_ink_support
140,True,0.7866449511400652,0.8338762214983714,0.14332247557003253,0.0,0.0,10.45606479644778,0.025227485090399064,2011.0,282.34380863865573,aligned
142,True,0.3044496487119438,0.36533957845433257,-0.14227166276346603,8.602325439453125,1.8864421369804794,21.02379608154297,0.10908802734348741,2208.0,125.63328960263236,weak_ink_support
143,True,0.3154034229828851,0.5256723716381418,-0.030867970660146682,5.656854152679443,1.240516661625617,17.804492950439453,0.19399468963187733,2197.0,501.85810689334255,weak_ink_support
146,True,0.6645299145299145,0.8675213675213675,0.04006410256410253,1.0,0.21929443965565734,6.324555397033691,0.008434542664087255,3181.0,136.5924384579596,weak_ink_support
150,True,0.4827586206896552,0.5900383141762452,0.019157088122605415,3.1622776985168457,0.6934699159318334,19.84943389892578,0.0015431079056995001,2211.0,47.78108931240374,weak_ink_support
151,True,0.30793650793650795,0.3634920634920635,-0.11547619047619051,8.062257766723633,1.7680082993131305,14.317821502685547,0.05004727864044527,3098.0,294.2959840525663,weak_ink_support
152,True,0.8746081504702194,1.0,0.2586206896551724,1.0,0.21929443965565734,3.1622776985168457,0.015205900498110513,2422.0,65.33334361473537,aligned
156,True,0.3538767395626243,0.4274353876739563,-0.0392644135188866,7.8102498054504395,1.7127443546569612,19.10497283935547,0.438770870485425,2006.0,188.8440731048894,weak_ink_support
157,True,0.6444954128440367,0.7247706422018348,0.11639908256880727,1.4142135381698608,0.31012916540640423,17.492855072021484,0.19169159454230508,2293.0,103.91302337802558,aligned
159,True,0.9142857142857143,0.963265306122449,0.23469387755102045,0.0,0.0,2.8284270763397217,0.0764198178651634,2013.0,130.22101896804156,aligned
162,True,0.775438596491228,0.8982456140350877,-0.04561403508771933,0.0,0.0,6.599999999999994,0.025870729458109493,2065.0,53.72359195394856,weak_ink_support
163,True,0.3515527950310559,0.4496894409937888,-0.04844720496894411,7.8102498054504395,1.7127443546569612,22.337700271606455,0.1753594388258852,1919.0,472.0184711232652,weak_ink_support
165,True,0.3808139534883721,0.48546511627906974,-0.07049418604651159,6.324555397033691,1.3869398318636668,18.439088821411133,0.005585615950138849,2228.0,88.7642668174831,weak_ink_support
167,True,0.7350427350427351,0.7628205128205128,0.07692307692307698,1.0,0.21929443965565734,10.630146026611328,0.09171017187342323,2431.0,159.71038220504627,weak_ink_support
191,True,0.22016129032258064,0.4153225806451613,-0.1598790322580645,9.433980941772461,2.0688195643481424,17.804492950439453,0.0,,906.8149566971946,weak_ink_support
193,True,0.4641975308641975,0.6987654320987654,-0.14444444444444443,3.605551242828369,0.7906773394458062,12.041594505310059,0.019454695403598687,4.0,107.46813372062581,weak_ink_support
194,True,0.6307129798903108,0.8848263254113345,-0.05164533820840944,2.0,0.4385888793113147,6.824922275543223,0.006198158513185183,28.0,215.0443489217572,weak_ink_support
195,True,0.0,0.05501618122977346,-0.09223300970873786,33.83784866333008,7.420452061777904,58.87098999023437,0.009890920772970862,3141.0,58.79149485300373,weak_ink_support
196,True,0.6537678207739308,0.7556008146639511,-0.03309572301425656,1.4142135381698608,0.31012916540640423,9.899495124816895,0.015916729560898766,2011.0,159.3143125287999,weak_ink_support
198,True,0.55858310626703,0.6730245231607629,-0.029291553133514947,2.2360680103302,0.49035728135730183,9.219544410705566,0.19069811688674587,2208.0,380.91911885498877,weak_ink_support
199,True,0.43902439024390244,0.6416510318949343,0.06050656660412762,4.123105525970459,0.9041741159588362,25.45584487915039,0.07377466548796904,2197.0,165.45517876445203,weak_ink_support
201,False,,,,,,,,,,off_plate
202,True,0.6745283018867925,0.8411949685534591,0.07350628930817615,1.0,0.21929443965565734,7.071067810058594,0.01453423033329786,3181.0,303.65731065334853,weak_ink_support
206,True,0.2752941176470588,0.3788235294117647,-0.12823529411764711,8.485280990600586,1.8607749401545566,21.260292053222656,0.022322036873383508,2211.0,129.3154836098104,weak_ink_support
207,True,0.7772151898734178,0.8025316455696202,0.09240506329113929,0.0,0.0,9.848857879638672,0.020466850875567294,3098.0,98.93415502969067,weak_ink_support
208,True,0.81875,1.0,0.03749999999999998,0.0,0.0,4.4721360206604,0.0553632807881318,2381.0,66.27016320456237,weak_ink_support
212,True,0.648729446935725,0.8295964125560538,0.07959641255605376,1.4142135381698608,0.31012916540640423,10.630146026611328,0.563509031159248,2026.0,326.9201947468429,modern_proxy_suspect
213,True,0.5513626834381551,0.6142557651991615,0.050838574423480054,2.0,0.4385888793113147,17.94422874450684,0.13742332760622855,2308.0,145.65626796229847,weak_ink_support
214,True,0.6658163265306123,0.6938775510204082,0.18494897959183676,1.0,0.21929443965565734,20.51828384399414,0.0,,96.6784605807934,aligned
215,True,0.873046875,0.935546875,0.2080078125,0.0,0.0,4.0,0.090314751605545,2013.0,155.35715894869236,aligned
218,True,0.8514492753623188,0.894927536231884,0.10778985507246375,0.0,0.0,7.0,0.024765175052315958,2065.0,48.464285379901746,aligned
221,True,0.41012658227848103,0.5139240506329114,0.010759493670886078,5.830951690673828,1.278695283665525,24.75883674621582,0.14896033574959391,2228.0,117.26800493859213,weak_ink_support
223,True,0.5649038461538461,0.6923076923076923,0.014423076923076983,2.0,0.4385888793113147,13.03840446472168,0.06723162232186951,2431.0,115.92640389794406,weak_ink_support
247,True,0.3804100227790433,0.44646924829157175,0.05808656036446469,8.9442720413208,1.9614291254292073,21.095022201538086,0.0,,106.97885107800754,weak_ink_support
248,True,0.0,0.0,0.0,926.1214599609375,203.0932866152131,962.8255126953125,0.03639553993775153,19.0,173.4022759017377,weak_ink_support
249,True,0.4076923076923077,0.7692307692307693,-0.21666666666666667,3.605551242828369,0.7906773394458062,8.485280990600586,0.01669143254996756,4.0,94.74789555559927,weak_ink_support
251,True,0.0,0.0,-0.020833333333333332,41.309608459472656,9.058967439514658,66.13470840454102,0.008874876804463234,3141.0,52.75214370298945,weak_ink_support
252,True,0.7479406919275123,0.8813838550247117,0.07372322899505757,1.0,0.21929443965565734,7.028427124023436,0.029287190259996407,2011.0,275.36975802878777,weak_ink_support
254,True,0.8891566265060241,1.0,0.3042168674698795,0.0,0.0,3.1622776985168457,0.0011067627734874228,2219.0,115.3428716114367,aligned
255,True,0.4693446088794926,0.5454545454545454,0.1215644820295983,3.605551242828369,0.7906773394458062,23.919453811645514,0.04794470546165356,2197.0,100.39964850764673,weak_ink_support
257,False,,,,,,,,,,off_plate
258,True,0.708411214953271,0.9046728971962616,0.1014018691588785,1.0,0.21929443965565734,5.830951690673828,0.012625137630349772,2010.0,203.10360426518173,aligned
262,True,0.37,0.5166666666666667,-0.24749999999999994,5.656854152679443,1.240516661625617,11.401754379272461,0.043058519351855305,2211.0,66.87681361290063,weak_ink_support
263,True,0.7463054187192119,0.7807881773399015,0.09298029556650256,0.0,0.0,12.124074935913086,0.021743818290219225,3098.0,108.03342518515436,weak_ink_support
264,True,0.7841269841269841,0.8476190476190476,-0.10952380952380958,0.0,0.0,7.155088615417483,0.08134132085958017,2381.0,62.404880356427874,weak_ink_support
268,True,0.6713709677419355,1.0,0.014112903225806495,1.4142135381698608,0.31012916540640423,4.4721360206604,0.25601727784012535,2008.0,182.83090195581516,weak_ink_support
269,True,0.6,0.75,0.012499999999999956,1.0,0.21929443965565734,12.083045959472656,0.43652143323828746,2308.0,485.21519788488814,weak_ink_support
271,True,0.898635477582846,0.9532163742690059,0.24366471734892792,0.0,0.0,3.484440994262702,0.057684650403040244,2013.0,155.8732527328457,aligned
274,True,0.8795986622073578,0.9230769230769231,0.1112040133779264,0.0,0.0,4.123105525970459,0.03130637682992741,2065.0,61.58463020749431,aligned
277,True,0.7317880794701986,0.8079470198675497,0.07781456953642374,0.5,0.10964721982782867,9.219544410705566,0.08345428541700868,2228.0,65.69881509182306,weak_ink_support
278,True,0.5109034267912772,0.8411214953271028,-0.1370716510903427,3.0,0.657883318966972,7.0,0.019276554963861797,3189.0,66.68287449305632,weak_ink_support
279,True,0.23310344827586207,0.3255172413793103,-0.15137931034482757,8.485280990600586,1.8607749401545566,15.81138801574707,0.21378133101425534,2431.0,373.06566951205804,weak_ink_support
303,True,0.45622119815668205,0.5921658986175116,0.06970046082949316,3.605551242828369,0.7906773394458062,16.428341484069822,0.0,,102.0585553561614,weak_ink_support
304,True,0.0,0.0,0.0,947.7853393554688,207.84405490780458,980.9872436523438,0.004521281529442311,3354.0,119.4073428911535,weak_ink_support
305,True,0.4963144963144963,0.85995085995086,-0.16953316953316955,3.1622776985168457,0.6934699159318334,6.4031243324279785,0.018546810201470202,4.0,108.91056763318645,weak_ink_support
306,True,0.6373626373626373,0.8131868131868132,0.11420722135007844,1.0,0.21929443965565734,8.024903106689452,0.02891241381522199,28.0,305.1487482882593,aligned
307,True,0.0,0.0,0.0,48.91830062866211,10.727511325269449,67.08203887939453,0.010905010750987541,3141.0,64.81923151084601,weak_ink_support
308,True,0.7412844036697248,0.9211009174311927,0.050458715596330306,1.0,0.21929443965565734,5.656854152679443,0.015616188404981309,2011.0,213.40827706242118,weak_ink_support
309,True,0.5789473684210527,0.6403508771929824,0.0603070175438597,2.0,0.4385888793113147,20.124610900878906,0.0,,124.05068441814036,weak_ink_support
310,True,0.771689497716895,0.9954337899543378,0.19006849315068497,0.0,0.0,5.0,0.13661405158732173,2219.0,134.44903629577303,aligned
311,True,0.43917525773195876,0.5525773195876289,0.09329896907216495,4.4721360206604,0.9807145627146037,23.76307220458986,0.05599974971802156,2197.0,114.32318350892619,weak_ink_support
313,False,,,,,,,,,,off_plate
314,True,0.5545112781954887,0.7481203007518797,0.024906015037594043,2.0,0.4385888793113147,8.9442720413208,0.2121704928344146,3131.0,200.52053365433022,weak_ink_support
318,True,0.35034013605442177,0.5204081632653061,-0.2525510204081633,5.656854152679443,1.240516661625617,9.899495124816895,0.04138686059757151,2211.0,64.28045840567509,weak_ink_support
324,True,0.7940797940797941,0.8906048906048906,0.08815958815958824,0.0,0.0,7.8102498054504395,0.3183919179665333,2020.0,415.7844625135976,weak_ink_support
325,True,0.6327433628318584,0.7610619469026548,0.0165929203539823,1.4142135381698608,0.31012916540640423,19.406160545349124,0.11172220297332706,2308.0,119.90270841208051,weak_ink_support
326,True,0.3908872901678657,0.5539568345323741,-0.036570743405275774,4.4721360206604,0.9807145627146037,28.42534065246582,0.0,,117.56839301394679,weak_ink_support
328,False,,,,,,,,,,off_plate
330,True,0.9278350515463918,0.9525773195876288,0.2190721649484536,0.0,0.0,0.0,0.08431043735941887,2065.0,169.74048827719562,aligned
333,True,0.26878612716763006,0.41329479768786126,-0.16184971098265893,9.666738510131836,2.1198620048771253,24.413110733032227,0.11211883255711694,2228.0,88.26478366777592,weak_ink_support
334,True,0.6508196721311476,0.8704918032786885,-0.027459016393442615,2.0,0.4385888793113147,7.0,0.08514963729009846,3189.0,259.0561297519714,weak_ink_support
335,True,0.4543147208121827,0.6218274111675127,-0.09961928934010156,3.605551242828369,0.7906773394458062,8.567212104797362,0.05606585165335099,2431.0,98.31343037359368,weak_ink_support
359,True,0.33705357142857145,0.5491071428571429,-0.038504464285714246,4.123105525970459,0.9041741159588362,18.511824607849125,0.0,,116.63884442269362,weak_ink_support
360,True,0.0,0.0,0.0,966.2630615234375,211.8961166367422,999.2249816894531,0.061468680260044616,3354.0,117.280833130405,weak_ink_support
361,True,0.5583333333333333,0.9527777777777777,-0.10416666666666663,2.8284270763397217,0.6202583308128085,5.656854152679443,0.011655129168898295,4.0,69.7649770633935,weak_ink_support
362,True,0.6049180327868853,0.759016393442623,0.03155737704918038,1.2071068286895752,0.26471181560199797,8.6365200996399,0.02769838183457504,28.0,277.496048098017,weak_ink_support
363,True,0.0,0.0,0.0,34.01470184326172,7.459234980772334,52.695053100585945,0.00944321622782318,3141.0,56.130345293132116,weak_ink_support
364,True,0.6932849364791288,0.9147005444646098,0.009528130671506374,1.4142135381698608,0.31012916540640423,6.0,0.0,,218.87599452683565,weak_ink_support
365,True,0.5844444444444444,0.6377777777777778,0.05111111111111111,2.2360680103302,0.49035728135730183,20.615528106689453,0.0,,118.44688003384033,weak_ink_support
366,True,0.7597911227154047,0.9686684073107049,0.1344647519582246,0.0,0.0,4.4721360206604,0.11831934444140858,2219.0,88.56835071798642,aligned
367,True,0.4364754098360656,0.6188524590163934,0.03534836065573771,4.182872772216797,0.9172807407341885,24.041629791259766,0.051217027333807064,2197.0,117.97857521925373,weak_ink_support
369,False,,,,,,,,,,off_plate
370,True,0.4088495575221239,0.6336283185840708,-0.09070796460176994,4.4721360206604,0.9807145627146037,9.348206329345707,0.049054410858321136,2010.0,232.6078714978041,weak_ink_support
374,True,0.42857142857142855,0.6872586872586872,-0.12837837837837834,4.242640495300293,0.9303874700772783,10.630146026611328,0.030085748443385664,2211.0,46.72801158375697,weak_ink_support
376,True,0.4155005382131324,0.49730893433799783,-0.06646932185145321,6.324555397033691,1.3869398318636668,26.07680892944336,0.36246838013686555,2255.0,595.6095297683547,weak_ink_support
377,True,0.0,0.0,0.0,106.48004150390625,23.35048103611026,155.05160522460938,0.27978638507830833,1625.0,478.7017283681895,weak_ink_support
380,True,0.6619718309859155,0.704225352112676,0.13873239436619722,0.0,0.0,21.63330841064453,0.10960247338990672,2005.0,65.33017476888422,aligned
381,True,0.4885844748858447,0.545662100456621,0.00285388127853875,3.605551242828369,0.7906773394458062,28.160255432128906,0.07269501738944431,2308.0,106.50048852991905,weak_ink_support
384,False,,,,,,,,,,off_plate
385,False,,,,,,,,,,off_plate
386,True,0.8877551020408163,0.9770408163265306,0.13456632653061218,0.0,0.0,3.561223888397232,0.06311939153399014,2065.0,115.55149653803399,aligned
390,True,0.8105590062111802,0.922360248447205,0.06832298136645965,0.0,0.0,5.099019527435303,0.0635623027036008,3189.0,67.31957977320616,weak_ink_support
391,True,0.46634615384615385,0.7403846153846154,-0.09435096153846156,3.605551242828369,0.7906773394458062,7.6157732009887695,0.16459951637672843,2425.0,116.44998885595109,weak_ink_support
415,True,0.34705882352941175,0.5607843137254902,0.014215686274509809,4.0,0.8771777586226294,29.0,0.0,,177.97791049918374,weak_ink_support
416,True,0.0,0.0,0.0,983.7088012695312,215.72187035874026,1015.3633056640625,0.0,,99.17771588244746,weak_ink_support
417,True,0.6705069124423964,0.9308755760368663,-0.027649769585253337,2.2360680103302,0.49035728135730183,5.830951690673828,0.01788097596820837,4.0,131.15234902261363,weak_ink_support
418,True,0.6872659176029963,0.8202247191011236,0.09082397003745324,1.0,0.21929443965565734,7.6157732009887695,0.02106821967154853,28.0,202.234275783461,weak_ink_support
419,True,0.10410094637223975,0.22397476340694006,-0.09542586750788641,17.8885440826416,3.9228582508584147,32.4499626159668,0.01010599371622123,3141.0,63.91810260358544,weak_ink_support
420,True,0.7094736842105264,0.88,0.022631578947368447,1.0,0.21929443965565734,7.0,0.0,,142.89814858564068,weak_ink_support
421,True,0.5746606334841629,0.6425339366515838,0.06334841628959276,2.2360680103302,0.49035728135730183,19.72308349609375,0.0,,110.80277478540322,weak_ink_support
422,True,0.7681498829039812,0.8056206088992974,0.07377049180327866,0.0,0.0,8.062257766723633,0.1691141902274071,2219.0,125.21894280952046,weak_ink_support
423,True,0.2889733840304182,0.42775665399239543,-0.05180608365019018,7.8102498054504395,1.7127443546569612,23.430749893188477,0.2138566151278843,2196.0,162.21943947641176,weak_ink_support
426,True,0.44849785407725323,0.6695278969957081,-0.06813304721030039,4.0,0.8771777586226294,9.219544410705566,0.028750708199264934,2010.0,134.12187903334066,weak_ink_support
427,True,0.594847775175644,0.8454332552693209,0.06615925058548011,2.0,0.4385888793113147,7.02842712402344,0.0,,112.68860808802515,weak_ink_support
429,True,0.30735930735930733,0.43722943722943725,-0.1271645021645022,7.071067810058594,1.5506458531739553,15.81138801574707,0.03741834025143402,3088.0,130.18210102018267,weak_ink_support
430,True,0.4942084942084942,0.7567567567567568,0.006756756756756743,3.1622776985168457,0.6934699159318334,10.630146026611328,0.015017550087658389,2211.0,46.51467623330228,weak_ink_support
432,True,0.20408163265306123,0.2653061224489796,-0.028344671201814053,17.0,3.728005474146175,35.80502700805664,0.13419769631318687,2269.0,109.25119579547,weak_ink_support
436,True,0.6416464891041163,0.6779661016949152,0.1452784503631962,1.0,0.21929443965565734,21.095022201538086,0.11698448486149365,2016.0,114.22304691832531,aligned
437,True,0.5191873589164786,0.5665914221218962,0.037246049661399605,2.8284270763397217,0.6202583308128085,29.027455139160157,0.004730774300031203,2308.0,111.09896222636812,weak_ink_support
438,True,0.28703703703703703,0.4097222222222222,-0.037615740740740755,8.485280990600586,1.8607749401545566,38.20994567871094,0.0,,129.68305901731358,weak_ink_support
439,False,,,,,,,,,,off_plate
440,False,,,,,,,,,,off_plate
441,False,,,,,,,,,,off_plate
442,True,0.42655935613682094,0.5211267605633803,-0.0035211267605633756,5.830951690673828,1.278695283665525,34.71310806274414,0.04817559983799034,2065.0,176.8082978179199,weak_ink_support
446,True,0.8,0.9180327868852459,0.05573770491803287,0.0,0.0,5.099019527435303,0.05351129870695862,3189.0,55.76857800077155,weak_ink_support
447,True,0.33984375,0.73046875,-0.2509765625,5.0,1.0964721982782868,7.6157732009887695,0.432950639718001,2435.0,409.1421992515147,weak_ink_support
471,True,0.33482142857142855,0.4486607142857143,0.010602678571428603,7.071067810058594,1.5506458531739553,38.327537536621094,0.0,,116.19569038058657,weak_ink_support
474,True,0.8155136268343816,0.9350104821802935,0.19758909853249473,0.0,0.0,5.0,0.010140183910363032,28.0,145.66799388208435,aligned
475,True,0.3836065573770492,0.5967213114754099,-0.08852459016393444,4.4721360206604,0.9807145627146037,10.17737827301026,3.716122484091765e-07,3141.0,55.77712602453049,weak_ink_support
476,True,0.7136752136752137,0.8846153846153846,0.03258547008547008,1.0,0.21929443965565734,6.795742654800418,0.0,,136.3957397451525,weak_ink_support
477,True,0.5598377281947262,0.6774847870182555,0.030933062880324602,2.2360680103302,0.49035728135730183,19.72308349609375,0.0,,161.1351563391762,weak_ink_support
478,True,0.725,0.759090909090909,-0.03465909090909092,0.0,0.0,10.630146026611328,0.16928254603894807,2219.0,136.09783886702456,weak_ink_support
479,True,0.3885480572597137,0.5214723926380368,0.03527607361963192,5.656854152679443,1.240516661625617,23.323806762695312,0.1684350020426393,2196.0,119.63651108750656,weak_ink_support
482,True,0.4585987261146497,0.7622080679405521,-0.11995753715498936,3.605551242828369,0.7906773394458062,9.05538558959961,0.017552075938988363,2010.0,139.04515129550478,weak_ink_support
483,True,0.7699757869249395,0.8861985472154964,0.1809927360774819,1.0,0.21929443965565734,6.324555397033691,0.0,,100.05132917717992,aligned
485,True,0.31771894093686354,0.3890020366598778,-0.060081466395112026,10.29563045501709,2.257774511534693,15.524174690246582,0.07699445847916253,3088.0,159.14024208100437,weak_ink_support
487,True,0.6735632183908046,0.7724137931034483,0.23045977011494256,1.4142135381698608,0.31012916540640423,15.13892784118653,0.0287648019714842,2050.0,119.61581781344144,aligned
488,True,0.21064814814814814,0.2708333333333333,0.010995370370370378,22.671567916870117,4.971748782445212,41.773197174072266,0.6065263085710964,2240.0,100.04080198186227,modern_proxy_suspect
492,True,0.6770601336302895,0.7082405345211581,0.12639198218262804,0.0,0.0,16.552946090698242,0.14594829006834853,2016.0,143.43024073458886,aligned
493,True,0.5386313465783664,0.5982339955849889,0.022626931567328867,2.2360680103302,0.49035728135730183,32.96662902832031,0.03378113858930346,3116.0,121.29185418741854,weak_ink_support
495,False,,,,,,,,,,off_plate
496,False,,,,,,,,,,off_plate
497,False,,,,,,,,,,off_plate
498,True,0.40492957746478875,0.4471830985915493,0.029049295774647876,10.0,2.1929443965565736,33.95585250854492,0.01745633042573328,2065.0,53.021700372337385,weak_ink_support
502,True,0.7634920634920634,0.9206349206349206,0.046428571428571375,0.0,0.0,6.0,0.19694968112596192,3189.0,271.8620044477842,weak_ink_support
503,True,0.34186046511627904,0.43023255813953487,-0.030813953488372126,7.936253547668457,1.740376274701177,22.472204208374023,0.33163856039925593,2426.0,128.30105804325407,weak_ink_support
527,True,0.21333333333333335,0.3377777777777778,-0.12555555555555556,8.5440034866333,1.8736524570172322,37.336307525634766,0.0,,118.69740259091778,weak_ink_support
529,True,0.5813953488372093,0.6156670746634026,0.2435740514075887,0.0,0.0,35.84689712524414,0.23933197545776955,3097.0,483.986739573488,aligned
531,True,0.5579514824797843,0.6388140161725068,0.12398921832884091,1.4142135381698608,0.31012916540640423,15.81138801574707,0.0,,100.02782632441283,aligned
532,True,0.7027027027027027,0.8565488565488566,0.04417879417879422,1.0,0.21929443965565734,7.280109882354736,0.001075206464655454,1952.0,149.25560470743727,weak_ink_support
533,True,0.5367965367965368,0.6385281385281385,0.022186147186147198,2.8284270763397217,0.6202583308128085,20.75263328552248,0.005951839506437267,1894.0,129.87628758276858,weak_ink_support
535,True,0.4547325102880658,0.6604938271604939,0.0380658436213992,3.605551242828369,0.7906773394458062,22.671567916870117,0.12981067305579708,2196.0,115.56027964374832,weak_ink_support
538,True,0.4926315789473684,0.7621052631578947,-0.12473684210526315,3.605551242828369,0.7906773394458062,8.602325439453125,0.025534322816151124,2028.0,143.36123870091663,weak_ink_support
539,True,0.805045871559633,0.9564220183486238,0.13646788990825687,0.0,0.0,3.605551242828369,0.0,,121.16375810184957,aligned
541,True,0.4909090909090909,0.6113636363636363,-0.002840909090909116,3.1622776985168457,0.6934699159318334,12.083045959472656,0.06486774481761262,3088.0,108.8196958967782,weak_ink_support
543,True,0.5896805896805897,0.7248157248157249,0.07063882063882065,2.8284270763397217,0.6202583308128085,11.180339813232422,0.022580475871175017,2050.0,94.56733617456375,weak_ink_support
544,True,0.19444444444444445,0.25,0.0046296296296296224,24.083189010620117,5.2813094392052236,51.6623649597168,0.5482029801592614,2242.0,100.80686126208275,modern_proxy_suspect
549,True,0.5505376344086022,0.6279569892473118,-0.013440860215053752,2.2360680103302,0.49035728135730183,31.38471031188965,0.1961005566064456,3116.0,133.46619282033555,weak_ink_support
550,True,0.2182254196642686,0.2997601918465228,-0.08153477218225416,16.278820037841797,3.569854718453804,50.21951675415039,0.13967166035695786,2397.0,117.35343453972014,weak_ink_support
552,False,,,,,,,,,,off_plate
553,False,,,,,,,,,,off_plate
554,True,0.4107142857142857,0.44642857142857145,0.07678571428571429,9.848857879638672,2.159799769963568,33.541019439697266,0.018558651058924607,2065.0,50.53301571455075,weak_ink_support
555,True,0.5198237885462555,0.6167400881057269,0.11013215859030845,2.8284270763397217,0.6202583308128085,17.0,0.06047947692204858,1893.0,122.71570889389639,aligned
558,True,0.9216300940438872,0.9905956112852664,0.07993730407523514,0.0,0.0,2.2360680103302,0.05965207464750839,3189.0,65.32486511550577,weak_ink_support
559,True,0.5012468827930174,0.57356608478803,0.17518703241895262,2.8284270763397217,0.6202583308128085,21.931713104248047,0.3234185203706778,2427.0,103.76171361720853,aligned
583,True,0.35570469798657717,0.4608501118568233,-0.002237136465324363,7.6157732009887695,1.6700967166554044,37.137576293945315,0.0,,115.26455508888016,weak_ink_support
585,True,0.5688487584650113,0.6252821670428894,0.20485327313769747,0.0,0.0,16.124515533447266,0.05880059107530706,3097.0,111.19739119349504,aligned
586,True,0.6926229508196722,0.7786885245901639,0.17042349726775963,0.0,0.0,15.952417469024647,0.027622186724133767,28.0,399.75768389985694,aligned
587,True,0.4769736842105263,0.6414473684210527,0.03618421052631582,3.605551242828369,0.7906773394458062,16.840936660766594,0.0,,55.56643873667904,weak_ink_support
588,True,0.6772151898734177,0.8016877637130801,0.026371308016877593,1.0,0.21929443965565734,8.454665756225582,0.012254022279695407,1952.0,142.0630631094054,weak_ink_support
589,True,0.49295774647887325,0.6680080482897385,-0.0663983903420523,3.1622776985168457,0.6934699159318334,20.0,0.01857156738571699,1894.0,164.89217957160398,weak_ink_support
591,True,0.3604887983706721,0.4969450101832994,-0.01832993890020368,6.324555397033691,1.3869398318636668,22.671567916870117,0.1730679917889843,3123.0,121.71851423703302,weak_ink_support
593,False,,,,,,,,,,off_plate
594,True,0.43711340206185567,0.6144329896907217,-0.15360824742268042,4.242640495300293,0.9303874700772783,10.816654205322266,0.028045207817148022,2028.0,153.1586654295814,weak_ink_support
595,True,0.6341463414634146,0.875609756097561,-0.03780487804878052,1.4142135381698608,0.31012916540640423,6.324555397033691,0.0,,97.41603686003921,weak_ink_support
597,True,0.7,0.8369565217391305,0.13858695652173902,1.4142135381698608,0.31012916540640423,8.485280990600586,0.08641930354750718,3088.0,128.0255499628863,aligned
599,True,0.5534441805225653,0.7197149643705463,0.018408551068883616,2.2360680103302,0.49035728135730183,11.045360565185547,0.024802265717005095,2050.0,106.90392127336787,weak_ink_support
600,True,0.19069767441860466,0.2441860465116279,0.0005813953488372214,24.523460388183594,5.377858504244431,46.92613906860353,0.5325713360072784,2244.0,98.868310762468,modern_proxy_suspect
604,True,0.707808564231738,0.7380352644836272,0.0617128463476071,1.4142135381698608,0.31012916540640423,17.20465087890625,0.032536923001854116,1935.0,100.26795552089162,weak_ink_support
605,True,0.5886363636363636,0.6522727272727272,0.033522727272727204,1.4142135381698608,0.31012916540640423,28.268138885498054,0.1693893519880587,3116.0,108.74846222845954,weak_ink_support
607,False,,,,,,,,,,off_plate
610,True,0.4172661870503597,0.45323741007194246,0.0647482014388489,9.05538558959961,1.9857957087371607,33.061852645874026,0.012508573258363962,2065.0,49.67470505555905,weak_ink_support
614,True,0.8721804511278195,0.9699248120300752,0.0764411027568922,0.0,0.0,4.242640495300293,0.06294597571788842,3189.0,118.33867854646242,weak_ink_support
639,True,0.3223684210526316,0.4583333333333333,0.009320175438596479,8.246211051940918,1.8083482319176725,33.83784866333008,0.0,,124.31883133209952,weak_ink_support
641,True,0.5704845814977973,0.6255506607929515,0.21640969162995594,1.0,0.21929443965565734,16.401220321655273,0.047151774573705056,3097.0,122.14089196949791,aligned
642,True,0.5720338983050848,0.7351694915254238,0.03072033898305082,2.2360680103302,0.49035728135730183,12.340689945220957,0.015311599321447593,28.0,140.19988033334383,weak_ink_support
643,True,0.6986754966887417,0.8940397350993378,0.14486754966887416,1.0,0.21929443965565734,6.324555397033691,0.0,,54.27774540050876,aligned
644,True,0.7365491651205937,0.8589981447124304,0.10064935064935054,0.0,0.0,7.11287622451782,0.01820014184319848,1952.0,206.70250563436082,aligned
645,True,0.4625984251968504,0.6830708661417323,-0.09251968503937008,3.1622776985168457,0.6934699159318334,19.72308349609375,0.01967264314140205,1894.0,175.9868738603285,weak_ink_support
647,True,0.32397003745318353,0.38764044943820225,-0.017790262172284632,8.27376937866211,1.8143916197338434,22.627416610717773,0.24523422248031884,3123.0,171.7373421669906,weak_ink_support
649,False,,,,,,,,,,off_plate
650,True,0.37130801687763715,0.5147679324894515,-0.09546413502109696,6.0,1.315766637933944,14.487500286102293,0.026855172407957838,2028.0,142.45748028519753,weak_ink_support
651,True,0.714859437751004,0.8855421686746988,0.05622489959839361,1.0,0.21929443965565734,6.324555397033691,0.0,,177.87882371185174,weak_ink_support
653,True,0.5182012847965739,0.6231263383297645,0.027301927194860853,2.8284270763397217,0.6202583308128085,13.0,0.053397886625808695,3088.0,135.26957115279154,weak_ink_support
655,True,0.48722986247544203,0.581532416502947,0.013261296660117827,3.605551242828369,0.7906773394458062,25.238859176635742,0.04091179122576413,2050.0,187.54906242064757,weak_ink_support
656,True,0.20444444444444446,0.26,-0.0072222222222221855,17.958148956298828,3.93812221262438,37.53664779663086,0.5133607503081049,2245.0,117.95004149619632,modern_proxy_suspect
660,True,0.6453900709219859,0.7304964539007093,0.0005910165484633856,1.4142135381698608,0.31012916540640423,16.155494689941406,0.03993828982022609,1935.0,121.91490971329684,weak_ink_support
661,True,0.7264367816091954,0.7563218390804598,0.11436781609195412,0.0,0.0,16.492422103881836,0.1626173988269383,3116.0,103.35087085181358,aligned
663,False,,,,,,,,,,off_plate
670,True,0.8173076923076923,0.9551282051282052,0.055288461538461564,0.0,0.0,5.0,0.040153797560419646,3473.0,60.816032494236325,weak_ink_support
695,True,0.3225806451612903,0.4539170506912442,0.004608294930875612,8.246211051940918,1.8083482319176725,32.96813049316406,0.0,,102.2896866743527,weak_ink_support
697,True,0.5886363636363636,0.6409090909090909,0.20965909090909085,1.4142135381698608,0.31012916540640423,15.264337539672852,0.0,,108.45239037630574,aligned
698,True,0.5357873210633947,0.7157464212678937,-0.004089979550102263,2.2360680103302,0.49035728135730183,12.649110794067383,0.016649149903806483,28.0,157.0536689608692,weak_ink_support
699,True,0.5576923076923077,0.8173076923076923,-0.05128205128205132,2.532247543334961,0.5553078060850551,7.071067810058594,0.0,,60.734566236512066,weak_ink_support
700,True,0.7786885245901639,0.9262295081967213,0.11526639344262302,0.0,0.0,5.18486309051514,0.014329080126723815,1952.0,156.21053384557993,aligned
701,True,0.4166666666666667,0.6626984126984127,-0.10069444444444448,4.123105525970459,0.9041741159588362,19.916925048828123,0.01913695663494979,1894.0,172.4306764948622,weak_ink_support
702,True,0.18008474576271186,0.3347457627118644,-0.14247881355932204,8.485280990600586,1.8607749401545566,32.165001869201674,0.006182956614135827,3141.0,153.89682508983793,weak_ink_support
703,True,0.5257731958762887,0.5752577319587628,0.1469072164948454,2.0,0.4385888793113147,21.40093421936035,0.07836783344650816,3123.0,114.25444352793194,aligned
705,False,,,,,,,,,,off_plate
706,True,0.17105263157894737,0.26535087719298245,-0.019736842105263136,13.892443656921387,3.0465356471923664,38.17709159851074,0.024110430287522897,2028.0,124.56341508161859,weak_ink_support
707,True,0.6940133037694013,0.9467849223946785,0.051552106430155176,1.4142135381698608,0.31012916540640423,4.4721360206604,0.0,,134.58485683054073,weak_ink_support
708,True,0.5370370370370371,0.6613756613756614,0.07341269841269848,2.2360680103302,0.49035728135730183,10.630146026611328,0.017179572970414454,2031.0,84.34512512013832,weak_ink_support
709,True,0.3141592920353982,0.46017699115044247,-0.18749999999999994,6.4031243324279785,1.4041695625252986,13.0,0.0,,120.64863241251882,weak_ink_support
711,True,0.31797235023041476,0.5460829493087558,-0.11981566820276496,4.242640495300293,0.9303874700772783,24.75883674621582,0.026386300207522532,2050.0,118.85413835595433,weak_ink_support
712,True,0.16481069042316257,0.2583518930957684,-0.084075723830735,14.21267032623291,3.116759575201835,34.71310806274414,0.13537122633696397,2245.0,116.89019258355707,weak_ink_support
716,True,0.61,0.7525,-0.05874999999999997,2.0,0.4385888793113147,14.764822959899902,0.029827263522853826,1925.0,103.04395892683581,weak_ink_support
717,True,0.7367256637168141,0.8628318584070797,0.08573008849557529,0.0,0.0,10.183222675323492,0.1886927574122606,3116.0,119.92296607044618,weak_ink_support
718,True,0.0,0.05955334987593052,-0.10732009925558313,41.01219177246094,8.993745613792182,74.81795501708986,0.0,,105.69589217125333,weak_ink_support
719,False,,,,,,,,,,off_plate
726,True,0.7577639751552795,0.9347826086956522,0.04425465838509324,1.0,0.21929443965565734,5.656854152679443,0.045199862611548396,3473.0,67.01154852043017,weak_ink_support
727,True,0.5317460317460317,0.6547619047619048,-0.015873015873015817,2.8284270763397217,0.6202583308128085,21.540658950805664,0.038590911970454646,2073.0,180.98025765463305,weak_ink_support
751,True,0.3288888888888889,0.4577777777777778,0.025555555555555554,8.154233932495117,1.7881781610476641,37.161808013916016,0.0,,118.05502941769639,weak_ink_support
753,True,0.4853273137697517,0.6343115124153499,0.12076749435665912,3.1622776985168457,0.6934699159318334,15.264337539672852,0.0,,110.87807559587799,weak_ink_support
754,True,0.4731182795698925,0.6838709677419355,-0.06182795698924726,4.0,0.8771777586226294,12.649110794067383,0.01452061081108752,28.0,133.3424575495621,weak_ink_support
755,True,0.3075060532687651,0.45036319612590797,-0.020581113801452777,7.8102498054504395,1.7127443546569612,36.12478256225586,0.0,,127.61517135934608,weak_ink_support
756,True,0.6493775933609959,0.8547717842323651,-0.02904564315352698,1.4142135381698608,0.31012916540640423,7.582206869125377,0.013840789846917622,1952.0,150.14055454606168,weak_ink_support
757,True,0.46136363636363636,0.615909090909091,-0.024431818181818166,3.605551242828369,0.7906773394458062,21.470911026000977,0.01196353941238062,1894.0,108.03469248375507,weak_ink_support
758,True,0.25542168674698795,0.41927710843373495,-0.14819277108433737,7.211102485656738,1.5813546788916124,24.083189010620117,0.003667012930371065,3141.0,101.6726154894622,weak_ink_support
759,True,0.3969465648854962,0.49291166848418755,0.03598691384950925,6.324555397033691,1.3869398318636668,20.59126091003418,0.5630052834105482,3122.0,616.5554120836243,modern_proxy_suspect
760,True,0.6666666666666666,0.8126721763085399,0.04958677685950408,1.0,0.21929443965565734,8.0,0.013626799009601112,24.0,78.80215050357114,weak_ink_support
762,True,0.1487964989059081,0.18161925601750548,0.03008752735229761,19.209373474121094,4.212508792143633,38.858706665039065,0.024779708687999166,2028.0,125.31053514370141,weak_ink_support
763,True,0.6401869158878505,0.866822429906542,0.011098130841121545,1.4142135381698608,0.31012916540640423,6.7082037925720215,0.0,,113.78236164773227,weak_ink_support
764,True,0.4939516129032258,0.5987903225806451,0.02570564516129037,3.1622776985168457,0.6934699159318334,10.0,0.036104025146318094,2031.0,183.1113848844295,weak_ink_support
765,True,0.4593147751605996,0.7558886509635975,-0.07253747323340465,3.605551242828369,0.7906773394458062,10.802756786346437,0.0,,601.2581623619168,weak_ink_support
767,True,0.2787878787878788,0.45454545454545453,-0.0222222222222222,12.041594505310059,2.6406547196026118,33.241539001464844,0.037683016581765406,2050.0,174.91646733967107,weak_ink_support
768,True,0.19037199124726478,0.31291028446389496,-0.03665207877461707,20.51828384399414,4.499545558264422,42.54409408569336,0.11754374371823839,3342.0,125.12721366955996,weak_ink_support
771,False,,,,,,,,,,off_plate
772,True,0.6168674698795181,0.7518072289156627,-0.09096385542168672,2.0,0.4385888793113147,13.601470947265625,0.0820692660214279,1925.0,115.26263550977518,weak_ink_support
773,True,0.5789473684210527,0.7214912280701754,-0.024671052631578982,1.0,0.21929443965565734,21.897414207458496,0.1819630615572577,3116.0,124.08861434709048,weak_ink_support
774,True,0.0,0.0,-0.026346604215456676,48.60041046142578,10.657799779173313,76.5506362915039,0.0,,125.3139239679033,weak_ink_support
782,True,0.6125,0.940625,-0.10703124999999991,1.0,0.21929443965565734,5.830951690673828,0.04534494395052314,3473.0,65.78094571978502,weak_ink_support
783,True,0.4033333333333333,0.5233333333333333,-0.027500000000000024,5.0495100021362305,1.1073294664541018,21.540658950805664,0.01623395107187877,2073.0,62.196521446776686,weak_ink_support
807,True,0.3051224944320713,0.44988864142538976,-0.0016703786191536452,8.5440034866333,1.8736524570172322,37.0,0.0,,117.12126958356926,weak_ink_support
809,True,0.37193763919821826,0.4298440979955457,0.07906458797327398,7.071067810058594,1.5506458531739553,25.961509704589844,0.0,,116.92578720754038,weak_ink_support
810,True,0.6593001841620626,0.7909760589318601,0.06952117863720075,1.0,0.21929443965565734,9.486832618713379,0.07606425108480828,28.0,752.8885359484863,weak_ink_support
811,True,0.3248407643312102,0.4299363057324841,-0.1130573248407643,7.141085147857666,1.5660002660327839,26.07680892944336,0.0,,62.26309027604018,weak_ink_support
812,True,0.5523012552301255,0.7573221757322176,-0.12081589958158989,2.2360680103302,0.49035728135730183,8.0,0.015304351550671952,1952.0,145.91460781635743,weak_ink_support
813,True,0.4229934924078091,0.6225596529284165,-0.037418655097613884,3.605551242828369,0.7906773394458062,21.40093421936035,0.014293905290020736,1894.0,129.676012243909,weak_ink_support
814,True,0.14578587699316628,0.1867881548974943,-0.08940774487471526,15.81138801574707,3.4673494750914293,31.912350463867185,0.003981063973078317,3141.0,123.7290498007357,weak_ink_support
816,True,0.5026881720430108,0.6720430107526881,-0.050403225806451624,3.0,0.657883318966972,8.0,0.014312821223833015,24.0,82.76933500057636,weak_ink_support
818,True,0.3234624145785877,0.3553530751708428,0.008542141230068356,11.401754379272461,2.5003413376939916,18.601076126098633,0.12473865697288167,2028.0,545.0410980188149,weak_ink_support
819,True,0.5545243619489559,0.7958236658932715,-0.07076566125290018,2.8284270763397217,0.6202583308128085,8.0,0.0,,116.57774155712973,weak_ink_support
820,True,0.509515570934256,0.7560553633217993,-0.1487889273356402,2.8284270763397217,0.6202583308128085,7.211102485656738,0.15889152209850774,2031.0,829.6146774642866,weak_ink_support
821,True,0.39373601789709173,0.4250559284116331,0.03467561521252799,13.0,2.8508277155235455,37.2155876159668,0.0458373330847625,3089.0,115.18522510931423,weak_ink_support
822,True,0.3133514986376022,0.34877384196185285,0.006130790190735758,20.0,4.385888793113147,54.08327102661133,0.12489882263769421,2451.0,75.30050895066208,weak_ink_support
823,True,0.6165966386554622,0.6439075630252101,0.17384453781512604,1.4142135381698608,0.31012916540640423,28.1173147201538,0.1134326303131427,2050.0,592.6824958641612,aligned
824,True,0.39824120603015073,0.592964824120603,0.05904522613065327,4.242640495300293,0.9303874700772783,44.2888240814209,0.3732460516068648,3342.0,463.5843398796605,weak_ink_support
827,False,,,,,,,,,,off_plate
828,True,0.6923076923076923,0.7644230769230769,0.006610576923076872,1.0,0.21929443965565734,12.083045959472656,0.0818512104117701,3095.0,116.00130270765808,weak_ink_support
829,True,0.6549295774647887,0.8051643192488263,-0.02406103286384975,1.0,0.21929443965565734,14.7910795211792,0.06265371469467068,2184.0,94.8647831568358,weak_ink_support
830,True,0.0,0.0,0.0,33.541019439697266,7.3553590635079225,67.21755676269531,0.0,,117.35376765811161,weak_ink_support
832,False,,,,,,,,,,off_plate
838,True,0.5664893617021277,0.7712765957446809,-0.17154255319148926,2.0,0.4385888793113147,7.447941541671753,0.07284716048624368,3473.0,103.39091230579218,weak_ink_support
839,True,0.36666666666666664,0.52,-0.03333333333333338,5.099019527435303,1.1181866300621794,22.090721130371094,0.01642787377981306,2073.0,61.97442294038025,weak_ink_support
863,True,0.3264840182648402,0.4497716894977169,0.022831050228310557,8.39510726928711,1.8410003444674525,37.0,0.0,,106.82450175100294,weak_ink_support
866,True,0.7199170124481328,0.8506224066390041,0.09699170124481327,0.0,0.0,7.8102498054504395,0.02087194346944501,28.0,150.08643916968543,weak_ink_support
867,True,0.32697547683923706,0.44959128065395093,-0.09673024523160761,7.211102485656738,1.5813546788916124,28.172680282592776,0.0,,341.5052181427111,weak_ink_support
869,True,0.3680555555555556,0.4791666666666667,-0.07175925925925924,6.889636039733887,1.510858874764865,21.931713104248047,0.01102026973434876,1894.0,100.25233890741029,weak_ink_support
870,True,0.36754176610978523,0.4988066825775656,0.14349642004773272,6.324555397033691,1.3869398318636668,27.018512725830078,0.016336374705075582,3141.0,488.1081752583161,weak_ink_support
872,True,0.523936170212766,0.7074468085106383,-0.029920212765957355,3.0,0.657883318966972,8.0,0.014107895836799094,24.0,81.58427597243103,weak_ink_support
874,True,0.5543710021321961,0.6098081023454158,0.061833688699360345,2.2360680103302,0.49035728135730183,16.401220321655273,0.03990384352515684,2028.0,136.81567083065804,weak_ink_support
876,True,0.7378435517970402,0.9154334038054969,-0.15274841437632136,1.0,0.21929443965565734,5.385164737701416,0.035802816153543936,2031.0,163.74378120451723,weak_ink_support
877,True,0.17982456140350878,0.20175438596491227,-0.016447368421052655,24.0,5.263066551735776,56.40035629272461,0.09330564441432702,3089.0,124.67016960257268,weak_ink_support
878,True,0.32171581769436997,0.35924932975871315,-0.004021447721179627,19.10497283935547,4.18961431344301,52.801513671875,0.12105249591290393,2451.0,80.42304851450731,weak_ink_support
879,True,0.7564766839378239,0.788860103626943,0.14831606217616589,0.0,0.0,18.102469635009765,0.05913603793255839,2050.0,428.2160601766927,aligned
880,True,0.20229885057471264,0.22988505747126436,0.06379310344827585,22.203603744506836,4.869126841487882,42.01190185546875,0.0823466904969681,3342.0,102.93669852074724,weak_ink_support
882,True,0.47950819672131145,0.6461748633879781,-0.15744535519125685,3.605551242828369,0.7906773394458062,16.077311611175528,0.3020727720444058,2148.0,378.8476451611834,weak_ink_support
883,False,,,,,,,,,,off_plate
884,True,0.7655860349127181,0.7955112219451371,0.1265586034912718,0.0,0.0,10.770329475402832,0.01802855218365497,1929.0,103.94224232011737,aligned
885,True,0.7332053742802304,0.8445297504798465,0.013915547024952013,1.0,0.21929443965565734,6.7082037925720215,0.12428228066101434,2184.0,189.24921695660075,weak_ink_support
886,True,0.29806451612903223,0.45548387096774196,-0.08129032258064517,6.7082037925720215,1.471071791788037,33.0151481628418,0.024217033899606333,3272.0,414.7603432669216,weak_ink_support
888,False,,,,,,,,,,off_plate
895,True,0.38095238095238093,0.6190476190476191,-0.0357142857142857,4.4721360206604,0.9807145627146037,22.329264450073243,0.012348820549006682,2073.0,46.586127807935206,weak_ink_support
919,True,0.1497695852534562,0.41935483870967744,-0.16589861751152077,8.39510726928711,1.8410003444674525,37.0,0.0,,102.67345396800688,weak_ink_support
922,True,0.7552301255230126,0.8640167364016736,0.1114016736401674,0.0,0.0,7.1130782127380385,0.01714014406556033,28.0,146.5983362345466,aligned
923,True,0.19256756756756757,0.32432432432432434,-0.017736486486486486,12.206555366516113,2.676829719225908,31.62277603149414,0.0,,50.34525830144866,weak_ink_support
926,True,0.3439024390243902,0.43414634146341463,0.08048780487804874,8.485280990600586,1.8607749401545566,18.027755737304688,0.009147238163171468,3141.0,97.01254218667405,weak_ink_support
927,True,0.5264054514480409,0.6183986371379898,0.08347529812606469,2.2360680103302,0.49035728135730183,15.55634880065918,0.0,,258.4820014286503,weak_ink_support
928,True,0.5116883116883116,0.8389610389610389,-0.074025974025974,3.0,0.657883318966972,7.0,0.014808483236549612,24.0,85.63568919700035,weak_ink_support
930,True,0.3851931330472103,0.6545064377682404,-0.10890557939914164,3.605551242828369,0.7906773394458062,18.601076126098633,0.13098684834688112,2028.0,599.2892381280524,weak_ink_support
932,True,0.7831325301204819,0.8120481927710843,-0.10542168674698804,1.0,0.21929443965565734,8.316071701049815,0.025253186325472136,2031.0,115.19391147147473,weak_ink_support
933,True,0.13987473903966596,0.16910229645093947,0.013569937369519836,26.0,5.701655431047091,61.993544006347655,0.11500105317039962,3089.0,147.06104644793004,weak_ink_support
934,True,0.386277001270648,0.5209656925031766,-0.08290978398983484,5.830951690673828,1.278695283665525,51.865211486816406,0.30813347930900065,2474.0,425.07632604403176,weak_ink_support
935,True,0.45964125560538116,0.5762331838565022,-0.04652466367713004,4.123105525970459,0.9041741159588362,20.271634101867676,0.029046248770668553,2050.0,130.34141956154951,weak_ink_support
936,True,0.27416173570019725,0.2978303747534517,0.07445759368836291,17.20465087890625,3.7728842739609587,37.80211639404297,0.11419413001460166,2252.0,174.91473467195473,weak_ink_support
938,True,0.5518987341772152,0.7113924050632912,-0.1050632911392404,2.0,0.4385888793113147,10.440306663513184,0.12245973139425782,2148.0,98.66104764330824,weak_ink_support
940,True,0.7146341463414634,0.8048780487804879,0.045121951219512235,0.0,0.0,9.433980941772461,0.1109468038505863,1929.0,111.75119228254833,weak_ink_support
941,True,0.8492239467849224,0.9512195121951219,0.08869179600886923,0.0,0.0,4.123105525970459,0.07819374336766687,2184.0,119.64883090260392,weak_ink_support
942,True,0.5274949083503055,0.7046843177189409,-0.04582484725050917,2.8284270763397217,0.6202583308128085,16.401220321655273,0.0,,178.358351960257,weak_ink_support
944,False,,,,,,,,,,off_plate
946,True,0.6213235294117647,0.8676470588235294,0.04319852941176472,1.0,0.21929443965565734,7.900000000000006,0.03248404162081247,2065.0,46.088575753403425,weak_ink_support
950,True,0.9908883826879271,1.0,0.3285876993166287,0.0,0.0,1.0,0.04369560292814483,2234.0,135.5927946026209,aligned
951,True,0.4084507042253521,0.5422535211267606,-0.03433098591549294,5.099019527435303,1.1181866300621794,21.49172859191895,0.014062039259652721,2073.0,53.049273458191024,weak_ink_support
975,True,0.21945701357466063,0.4434389140271493,-0.14649321266968324,8.9442720413208,1.9614291254292073,36.400550842285156,0.0,,110.29745172078715,weak_ink_support
978,True,0.6564885496183206,0.8606870229007634,0.002862595419847347,1.4142135381698608,0.31012916540640423,7.0,0.02934906571159219,28.0,192.52639026124302,weak_ink_support
979,True,0.3987341772151899,0.46835443037974683,0.03322784810126578,7.071067810058594,1.5506458531739553,22.135944366455078,0.0,,63.30135185656574,weak_ink_support
980,True,0.6715686274509803,0.8406862745098039,-0.01715686274509809,2.0,0.4385888793113147,7.3325037002563525,0.1820849981549894,1973.0,109.70256931512415,weak_ink_support
982,True,0.37547892720306514,0.446360153256705,0.10823754789272033,8.485280990600586,1.8607749401545566,19.209373474121094,0.017660654305881613,3141.0,199.613494896649,weak_ink_support
983,True,0.5115740740740741,0.6828703703703703,-0.03414351851851849,2.8284270763397217,0.6202583308128085,12.041594505310059,0.0,,129.75164707179937,weak_ink_support
984,True,0.5913705583756346,0.8223350253807107,-0.05520304568527912,2.2360680103302,0.49035728135730183,7.217397260665892,0.015394075079464591,24.0,89.02209685638802,weak_ink_support
986,True,0.5299625468164794,0.7265917602996255,-0.06647940074906367,2.8284270763397217,0.6202583308128085,9.219544410705566,0.04415193031860238,2028.0,201.64150428635278,weak_ink_support
987,True,0.6393034825870647,0.7736318407960199,-0.02674129353233834,1.4142135381698608,0.31012916540640423,11.180339813232422,0.026820331798654444,2232.0,104.30315643005783,weak_ink_support
988,True,0.8676056338028169,0.9830985915492958,0.02887323943661968,0.0,0.0,5.0,0.014336030197240337,2031.0,65.31024236030875,weak_ink_support
989,True,0.31133250311332505,0.3586550435865504,0.03393524283935245,15.0,3.28941659483486,61.587337493896484,0.08464127621481658,3089.0,470.7856779660224,weak_ink_support
991,True,0.5024038461538461,0.6610576923076923,-0.027043269230769273,3.0,0.657883318966972,18.31441593170166,0.02308299856642137,2050.0,102.44191480967933,weak_ink_support
992,True,0.22444444444444445,0.32,-0.014999999999999986,15.262086868286133,3.346890787756774,35.571984863281266,0.23783244802470477,2252.0,117.86194847199639,weak_ink_support
994,True,0.36976047904191617,0.45808383233532934,-0.05351796407185633,7.035533905029297,1.5428534653817785,22.810083389282227,0.20249595743078483,2148.0,325.6424893686778,weak_ink_support
996,True,0.6524822695035462,0.7966903073286052,-0.038416075650118175,1.4142135381698608,0.31012916540640423,7.6157732009887695,0.10297206329097859,1928.0,122.42064300688457,weak_ink_support
997,True,0.7652399481193255,0.8482490272373541,0.0295071335927366,0.0,0.0,7.8102498054504395,0.23940106466896827,2184.0,437.5853232251153,weak_ink_support
998,True,0.5315533980582524,0.7645631067961165,-0.17839805825242716,2.2360680103302,0.49035728135730183,9.41253728866578,0.0,,113.23573849541668,weak_ink_support
1000,False,,,,,,,,,,off_plate
1002,True,0.613013698630137,0.910958904109589,0.042808219178082196,2.0,0.4385888793113147,6.0,0.034933089231214784,2065.0,57.311910182825436,weak_ink_support
1004,False,,,,,,,,,,off_plate
1006,True,0.7568681318681318,0.7815934065934066,0.3004807692307692,0.0,0.0,24.041629791259766,0.14993424102433547,2234.0,375.114613936247,aligned
1007,True,0.3971119133574007,0.48375451263537905,0.04512635379061364,7.0,1.5350610775896014,20.233632278442382,0.012900828030922783,2073.0,48.66858507593304,weak_ink_support
1031,True,0.2792207792207792,0.4523809523809524,-0.07683982683982687,8.0,1.7543555172452587,36.68787384033203,0.0,,130.07062886605422,weak_ink_support
1034,True,0.4860813704496788,0.7558886509635975,-0.1680942184154175,3.1622776985168457,0.6934699159318334,8.508769989013674,0.020570031826026812,28.0,135.15997978273822,weak_ink_support
1035,True,0.5843828715365239,0.6523929471032746,0.05982367758186402,1.0,0.21929443965565734,14.764822959899902,0.0,,117.25909379472363,weak_ink_support
1037,True,0.7954545454545454,0.9285714285714286,0.20860389610389607,0.0,0.0,5.029705858230592,0.022967352831949794,2169.0,66.65872578138557,aligned
1038,True,0.26401869158878505,0.3925233644859813,-0.009345794392523366,9.899495124816895,2.1709042362706326,21.40093421936035,0.010225828814369693,3141.0,113.48721184324361,weak_ink_support
1039,True,0.6045197740112994,0.8248587570621468,-0.14548022598870058,0.0,0.0,7.6157732009887695,0.0,,64.66633745553538,weak_ink_support
1040,True,0.5725,0.855,-0.16625,2.2360680103302,0.49035728135730183,6.737383413314826,0.015420376799319178,24.0,89.17419655970232,weak_ink_support
1042,True,0.6570327552986512,0.7630057803468208,0.08622350674373791,0.0,0.0,9.444551277160643,0.04207584753847385,2028.0,187.2535204789767,weak_ink_support
1043,True,0.4590643274853801,0.6242690058479532,-0.06578947368421056,3.605551242828369,0.7906773394458062,20.31463794708253,0.05636481628442336,2232.0,338.6930556112787,weak_ink_support
1044,True,0.9656019656019657,1.0,0.21437346437346438,0.0,0.0,2.2360680103302,0.023986743827428107,2031.0,109.20707254952372,aligned
1045,True,0.1992818671454219,0.30700179533213645,-0.05610412926391384,20.0,4.385888793113147,60.455834197998065,0.033447462117175704,3327.0,224.8986130748027,weak_ink_support
1047,True,0.3775280898876405,0.5191011235955056,-0.09943820224719097,5.385164737701416,1.1809366836076371,29.630949020385746,0.028978619040995926,2050.0,129.12012914350368,weak_ink_support
1048,True,0.4296875,0.626953125,0.0576171875,4.182872772216797,0.9172807407341885,21.931713104248047,0.1415220947808095,2253.0,180.08162290561427,weak_ink_support
1050,True,0.45,0.5119047619047619,0.01904761904761909,5.385164737701416,1.1809366836076371,22.803508758544922,0.09616710754590266,2121.0,119.58953517819926,weak_ink_support
1052,True,0.35792019347037485,0.5139056831922612,0.002116082224909277,5.830951690673828,1.278695283665525,21.095022201538086,0.17516752974565802,1931.0,458.10576920810826,weak_ink_support
1053,True,0.17311608961303462,0.28716904276985744,-0.3085539714867618,7.8102498054504395,1.7127443546569612,27.20294189453125,0.08915401215571606,2184.0,158.93264723051888,weak_ink_support
1056,False,,,,,,,,,,off_plate
1058,True,0.7491408934707904,0.9106529209621993,0.12800687285223367,1.0,0.21929443965565734,6.0,0.06548946659391915,2113.0,57.100759906131636,aligned
1060,False,,,,,,,,,,off_plate
1062,True,0.1523545706371191,0.18559556786703602,0.045706371191135714,24.75883674621582,5.429475230787297,44.68780517578125,0.037813528837067366,2234.0,70.35549213847688,weak_ink_support
1063,True,0.2282958199356913,0.2958199356913183,0.010450160771704159,13.892443656921387,3.0465356471923664,20.124610900878906,0.018256014429065954,2073.0,68.87111348657396,weak_ink_support
1087,True,0.3431151241534989,0.3972911963882618,0.027652370203160248,9.219544410705566,2.0217948254261247,37.36308288574219,0.0,,111.35166106389467,weak_ink_support
1090,True,0.5128205128205128,0.7606837606837606,-0.12873931623931623,3.0,0.657883318966972,8.9442720413208,0.020769423997832357,28.0,136.5632509988351,weak_ink_support
1091,True,0.5720250521920668,0.7453027139874739,0.03288100208768274,1.4142135381698608,0.31012916540640423,10.816654205322266,0.0,,171.83114180223274,weak_ink_support
1093,True,0.5526315789473685,0.7269736842105263,0.003289473684210509,2.532247543334961,0.5553078060850551,10.770329475402832,0.022288740486148047,2169.0,64.68917210222867,weak_ink_support
1094,True,0.1471264367816092,0.2620689655172414,-0.09482758620689657,11.401754379272461,2.5003413376939916,24.041629791259766,0.010877738874972728,3141.0,120.46007705132406,weak_ink_support
1095,True,0.46808510638297873,0.7375886524822695,-0.1028368794326241,3.605551242828369,0.7906773394458062,14.401328277587892,1.4404824551302512e-08,3068.0,122.33691487305606,weak_ink_support
1097,False,,,,,,,,,,off_plate
1098,True,0.5045871559633027,0.6990825688073394,-0.04174311926605501,3.0,0.657883318966972,9.848857879638672,0.04899938513968067,2028.0,212.9391034309575,weak_ink_support
1099,True,0.6090651558073654,0.8413597733711048,-0.007082152974504208,2.0,0.4385888793113147,6.7082037925720215,0.02369725754641949,2232.0,63.77559230215894,weak_ink_support
1100,True,0.9808153477218226,1.0,0.22961630695443647,0.0,0.0,2.2360680103302,0.02571392869810269,2031.0,116.93703988960934,aligned
1101,True,0.24444444444444444,0.35555555555555557,-0.04833333333333331,11.022680282592773,2.417212496074645,43.4930732727051,0.01589845806149822,3089.0,118.16068706076803,weak_ink_support
1103,True,0.45093457943925236,0.48364485981308414,0.01810747663551404,7.6157732009887695,1.6700967166554044,34.65544509887695,0.025795226052406632,2050.0,113.82342083122519,weak_ink_support
1104,True,0.3900226757369615,0.4671201814058957,0.11564625850340138,7.071067810058594,1.5506458531739553,24.83948516845703,0.1630454258245021,2253.0,109.73675861890418,weak_ink_support
1106,True,0.47743467933491684,0.5391923990498813,0.02375296912114011,4.4721360206604,0.9807145627146037,23.0867919921875,0.12295981801677762,2094.0,120.48640253148555,weak_ink_support
1108,True,0.3397129186602871,0.4043062200956938,0.10466507177033493,11.401754379272461,2.5003413376939916,21.954498291015625,0.10257818394932212,1931.0,118.36490234271866,weak_ink_support
1109,True,0.21379310344827587,0.3632183908045977,-0.21954022988505748,7.8102498054504395,1.7127443546569612,26.925823211669922,0.05765360944575474,2184.0,103.09744140737949,weak_ink_support
1113,False,,,,,,,,,,off_plate
1114,True,0.7747440273037542,0.856655290102389,0.1151877133105802,0.0,0.0,8.0,0.07281325030308083,2113.0,58.22811165700093,aligned
1116,False,,,,,,,,,,off_plate
1118,True,0.34852941176470587,0.4661764705882353,0.061397058823529416,7.071067810058594,1.5506458531739553,57.28001403808594,0.11352634746520414,2234.0,336.05908593837387,weak_ink_support
1119,True,0.2517985611510791,0.33093525179856115,0.01528776978417265,12.165525436401367,2.6678320836922844,20.099750518798828,0.013084427102035244,2073.0,49.36121557925274,weak_ink_support
1143,True,0.12931034482758622,0.1810344827586207,-0.09913793103448273,9.848857879638672,2.159799769963568,38.897300720214844,0.0,,132.24294518404298,weak_ink_support
1146,True,0.5903361344537815,0.8445378151260504,-0.050420168067226934,2.2360680103302,0.49035728135730183,7.0,0.02195523697422109,28.0,144.49843279624096,weak_ink_support
1147,True,0.4527687296416938,0.7100977198697068,-0.07247557003257332,4.0,0.8771777586226294,12.806248664855957,0.0,,57.08295222539551,weak_ink_support
1149,True,0.6515679442508711,0.7874564459930313,0.08797909407665505,2.0,0.4385888793113147,10.770329475402832,0.01873185314032918,2169.0,54.36592849836001,weak_ink_support
1150,True,0.21571238348868177,0.31424766977363516,-0.0975366178428761,11.313708305358887,2.481033323251234,20.51828384399414,0.03948807647549348,3141.0,409.0704146184252,weak_ink_support
1151,True,0.4012738853503185,0.535031847133758,0.02653927813163487,5.0,1.0964721982782868,18.788293838500977,0.0010362223898137898,3068.0,162.04668578210385,weak_ink_support
1153,False,,,,,,,,,,off_plate
1154,True,0.5488565488565489,0.7920997920997921,0.02910602910602922,2.8284270763397217,0.6202583308128085,8.246211051940918,0.03522094004922187,2028.0,149.4116775492368,weak_ink_support
1155,True,0.26337448559670784,0.4012345679012346,-0.09825102880658432,8.485280990600586,1.8607749401545566,36.337589263916016,0.06240776550234465,2232.0,174.2932889642919,weak_ink_support
1156,True,0.7921760391198044,0.941320293398533,0.005501222493887514,0.0,0.0,5.656854152679443,0.024304845225616895,2031.0,110.42629320863148,weak_ink_support
1157,True,0.30227272727272725,0.43863636363636366,-0.08522727272727276,8.062257766723633,1.7680082993131305,33.52610778808594,0.012543386948184864,3089.0,108.16420003713965,weak_ink_support
1159,True,0.5899772209567198,0.683371298405467,0.02505694760820043,1.4142135381698608,0.31012916540640423,15.0,0.02804127846749712,2050.0,123.4338367648863,weak_ink_support
1160,True,0.19594594594594594,0.25,-0.0281531531531532,16.0,3.5087110344905175,27.119806289672848,0.16634706380524383,2253.0,112.2756308082715,weak_ink_support
1162,True,0.4619289340101523,0.5152284263959391,0.045685279187817285,5.099019527435303,1.1181866300621794,23.76972770690918,0.20955609682128748,2092.0,98.09165923183456,weak_ink_support
1163,False,,,,,,,,,,off_plate
1164,True,0.2198581560283688,0.44208037825059104,-0.06382978723404256,8.9442720413208,1.9614291254292073,20.59126091003418,0.10711694281626453,1931.0,122.07643070955692,weak_ink_support
1165,True,0.4988662131519274,0.6031746031746031,0.08390022675736958,3.1622776985168457,0.6934699159318334,21.095022201538086,0.06257053936625724,2181.0,109.70073864522026,weak_ink_support
1166,True,0.5246305418719212,0.6625615763546798,0.030788177339901468,2.9142136573791504,0.6390708510318246,18.027755737304688,0.0,,108.12643707836772,weak_ink_support
1168,False,,,,,,,,,,off_plate
1169,False,,,,,,,,,,off_plate
1170,True,0.7279411764705882,0.8161764705882353,0.1029411764705882,0.0,0.0,9.0,0.05781861626308368,2113.0,45.91179590387559,aligned
1172,False,,,,,,,,,,off_plate
1173,True,0.0,0.0,0.0,261.5836486816406,57.36383966072271,293.8179168701172,0.08808097749112792,2622.0,107.73121338378661,weak_ink_support
1174,True,0.2,0.22962962962962963,0.051234567901234596,25.553865432739258,5.603820601108628,52.5164779663086,0.02868959837880072,2234.0,107.54777610678069,weak_ink_support
1175,True,0.2264808362369338,0.31010452961672474,0.0034843205574912883,13.03840446472168,2.859249601094962,19.646883010864258,0.014412210846468026,2073.0,54.37030150563459,weak_ink_support
1199,True,0.20175438596491227,0.2807017543859649,-0.07785087719298248,11.090169906616211,2.4320125953574356,40.82890510559082,0.0,,124.48015990295657,weak_ink_support
1202,True,0.5325301204819277,0.763855421686747,-0.08373493975903612,2.8284270763397217,0.6202583308128085,8.5440034866333,0.012681087788407751,28.0,83.31273743763208,weak_ink_support
1203,True,0.6067796610169491,0.7084745762711865,0.08220338983050846,1.4142135381698608,0.31012916540640423,12.806248664855957,0.0,,49.715735829890846,weak_ink_support
1204,True,0.49257425742574257,0.7400990099009901,0.014851485148514865,3.605551242828369,0.7906773394458062,8.454665756225582,0.1523391111669245,1974.0,106.26294208408417,weak_ink_support
1205,True,0.662020905923345,0.7700348432055749,0.07752613240418116,2.0,0.4385888793113147,11.522932434082042,0.01876283671681954,2169.0,54.45585291168311,weak_ink_support
1206,True,0.4103194103194103,0.5282555282555282,-0.004914004914004899,5.099019527435303,1.1181866300621794,22.360679626464844,0.015866580256734753,3141.0,94.31073131712162,weak_ink_support
1207,True,0.3634085213032581,0.6516290726817042,-0.05639097744360899,4.4721360206604,0.9807145627146037,14.056961822509765,0.003029289076255829,3068.0,101.99720173993661,weak_ink_support
1209,False,,,,,,,,,,off_plate
1210,True,0.5306122448979592,0.7551020408163265,-0.021335807050092748,2.8284270763397217,0.6202583308128085,8.246211051940918,0.04724559296208133,2028.0,206.70522332423903,weak_ink_support
1211,True,0.20574162679425836,0.30861244019138756,-0.03588516746411485,12.806248664855957,2.808339125050597,43.863426208496094,0.04305368050439509,2232.0,118.10424090879397,weak_ink_support
1212,True,0.7727272727272727,0.8409090909090909,-0.012073863636363757,0.0,0.0,8.602325439453125,0.013746449969989227,2031.0,63.278239300122024,weak_ink_support
1213,True,0.2850877192982456,0.3815789473684211,-0.020833333333333315,9.460407257080078,2.07461470835569,37.370949172973646,0.0018496999578208198,3089.0,351.3034083397543,weak_ink_support
1214,True,0.27539503386004516,0.3476297968397291,-0.06659142212189617,7.6157732009887695,1.6700967166554044,26.248809814453125,0.16655206894786978,2436.0,139.06163530454893,weak_ink_support
1215,True,0.7476851851851852,0.8449074074074074,0.15740740740740744,1.0,0.21929443965565734,8.0,0.02681659389539548,2050.0,117.25139112759419,aligned
1216,True,0.22916666666666666,0.3819444444444444,-0.09027777777777776,8.154233932495117,1.7881781610476641,23.0867919921875,0.08550909732535512,3115.0,100.7773261974358,weak_ink_support
1218,True,0.461734693877551,0.5229591836734694,0.055484693877551006,5.0495100021362305,1.1073294664541018,23.0867919921875,0.2529658284686452,2090.0,96.79714306221307,weak_ink_support
1219,False,,,,,,,,,,off_plate
1220,True,0.35487661574618096,0.4794359576968273,0.14218566392479437,7.211102485656738,1.5813546788916124,19.10497283935547,0.25516224384034175,1931.0,478.03193180946806,weak_ink_support
1222,True,0.5601965601965602,0.6609336609336609,0.06019656019656017,2.2360680103302,0.49035728135730183,17.68965148925783,0.015797250478615014,3240.0,108.55299303811726,weak_ink_support
1227,True,0.3510204081632653,0.4748299319727891,0.0013605442176870541,6.4031243324279785,1.4041695625252986,19.72308349609375,0.21218266482444334,1927.0,402.96371624696917,weak_ink_support
1230,True,0.6310395314787701,0.7042459736456809,0.22437774524158127,1.0,0.21929443965565734,25.0,0.0,,338.4195572778507,aligned
1231,True,0.2140468227424749,0.2909698996655518,-0.0016722408026755842,13.892443656921387,3.0465356471923664,20.615528106689453,0.016380390407657906,2073.0,61.795291141096826,weak_ink_support
1255,True,0.13478260869565217,0.1826086956521739,-0.1032608695652174,13.0,2.8508277155235455,43.08131790161133,0.0,,128.00126485641846,weak_ink_support
1259,True,0.4751552795031056,0.6863354037267081,-0.009316770186335421,3.605551242828369,0.7906773394458062,12.206555366516113,0.0,,67.46937831734468,weak_ink_support
1260,True,0.48661800486618007,0.7201946472019465,-0.019464720194647234,3.605551242828369,0.7906773394458062,8.246211051940918,0.12810137527946622,1973.0,112.29056611561377,weak_ink_support
1261,True,0.43521594684385384,0.5980066445182725,-0.09551495016611294,4.4721360206604,0.9807145627146037,11.401754379272461,0.021606977852179594,2169.0,62.7104752624919,weak_ink_support
1262,True,0.36645962732919257,0.4968944099378882,-0.02329192546583847,6.324555397033691,1.3869398318636668,29.73213768005371,0.027637069307289885,3141.0,164.27435374589538,weak_ink_support
1263,True,0.28370786516853935,0.5337078651685393,-0.25491573033707865,5.656854152679443,1.240516661625617,10.816654205322266,0.002872725274028665,3068.0,66.72173226623637,weak_ink_support
1265,False,,,,,,,,,,off_plate
1266,True,0.5317286652078774,0.7242888402625821,-0.08698030634573306,3.0,0.657883318966972,8.246211051940918,0.07249380338036175,2010.0,125.5344134951734,weak_ink_support
1267,True,0.4376417233560091,0.5215419501133787,0.02947845804988669,5.0,1.0964721982782868,26.90724754333496,0.04950301418097487,2232.0,136.99319303434146,weak_ink_support
1268,True,0.6394366197183099,0.7943661971830986,-0.09999999999999998,2.2360680103302,0.49035728135730183,13.265206336975107,0.014045206656166228,2031.0,65.46150523487917,weak_ink_support
1272,True,0.36199095022624433,0.4660633484162896,-0.019796380090497723,7.071067810058594,1.5506458531739553,17.804492950439453,0.1444986602582871,3115.0,110.4229979599938,weak_ink_support
1273,True,0.30641330166270786,0.44655581947743467,-0.15498812351543934,7.0,1.5350610775896014,13.601470947265625,0.13429685275161987,2089.0,129.30911744901204,weak_ink_support
1274,True,0.29658792650918636,0.3320209973753281,-0.010498687664041995,16.0,3.5087110344905175,23.845322227478025,0.2902489409842833,2132.0,403.8121544227936,weak_ink_support
1276,True,0.34328358208955223,0.5298507462686567,0.01243781094527363,5.830951690673828,1.278695283665525,17.0880069732666,0.13788015461469078,1929.0,105.06603604188959,weak_ink_support
1278,True,0.6,0.654320987654321,0.13024691358024687,2.0,0.4385888793113147,18.241968536376962,0.056507432628314556,3240.0,107.04930236419341,aligned
1283,True,0.0,0.0,-0.04988532110091744,23.706539154052734,5.1987122199628955,47.6340217590332,0.0675328164544316,1927.0,104.16273208712722,weak_ink_support
1286,True,0.3975609756097561,0.5682926829268292,0.05060975609756102,3.605551242828369,0.7906773394458062,16.278820037841797,0.0,,111.00603169911564,weak_ink_support
1287,True,0.23214285714285715,0.31785714285714284,0.0,12.824555397033691,2.8123536896254397,21.3775577545166,0.013416857274942596,2073.0,50.61531385210534,weak_ink_support
1311,True,0.23586744639376217,0.33723196881091616,-0.037524366471734905,10.440306663513184,2.2895011996083494,31.78049659729004,0.0,,181.14191171502006,weak_ink_support
1313,True,0.45554202192448234,0.48721071863581,0.16504263093788063,7.6157732009887695,1.6700967166554044,48.27007293701172,0.2909329963311045,2309.0,488.8341198954352,weak_ink_support
1315,True,0.5147540983606558,0.7016393442622951,0.045901639344262335,2.8284270763397217,0.6202583308128085,12.727922439575195,0.0,,55.90005752496001,weak_ink_support
1316,True,0.5975308641975309,0.7950617283950617,0.051234567901234596,2.0,0.4385888793113147,8.0,0.12339452208887593,1973.0,106.88261226198705,weak_ink_support
1317,True,0.48928571428571427,0.575,0.002678571428571419,4.0,0.8771777586226294,11.045360565185547,0.01749018365370506,2169.0,50.76219991781362,weak_ink_support
1318,True,0.38424821002386633,0.5632458233890215,-0.11455847255369933,5.0,1.0964721982782868,14.785072135925292,0.017711062047573622,3141.0,105.27430530599617,weak_ink_support
1319,True,0.531328320802005,0.656641604010025,0.06265664160401002,2.8284270763397217,0.6202583308128085,10.29563045501709,0.006331766441361996,3068.0,102.24500421830042,weak_ink_support
1320,True,0.5813008130081301,0.6971544715447154,0.06808943089430897,2.0,0.4385888793113147,17.444091415405282,0.11619035167804397,2109.0,160.17939388374242,weak_ink_support
1321,False,,,,,,,,,,off_plate
1322,True,0.6439232409381663,0.8208955223880597,-0.007995735607675858,2.0,0.4385888793113147,7.280109882354736,0.07919136647831683,2010.0,137.69755996318568,weak_ink_support
1323,True,0.6959619952494062,0.7933491686460807,0.13361045130641336,1.0,0.21929443965565734,8.602325439453125,0.0033649309421527347,2232.0,120.21482999327192,aligned
1324,True,0.5423728813559322,0.711864406779661,-0.12227602905569002,2.8284270763397217,0.6202583308128085,14.142135620117188,0.024011337925611564,2031.0,113.98031919975152,weak_ink_support
1325,True,0.447520184544406,0.5513264129181085,0.04036908881199541,3.605551242828369,0.7906773394458062,37.48332977294922,0.0,,534.1080790331323,weak_ink_support
1328,True,0.33849129593810445,0.41779497098646035,0.021276595744680826,7.211102485656738,1.5813546788916124,26.115087127685552,0.19250323662883487,3115.0,185.20978113025964,weak_ink_support
1329,True,0.3519061583577713,0.530791788856305,-0.04912023460410553,5.385164737701416,1.1809366836076371,13.34166431427002,0.06603946783080082,2089.0,69.34059412191995,weak_ink_support
1330,True,0.5869565217391305,0.6497584541062802,0.04166666666666674,2.0,0.4385888793113147,15.0,0.4809418095862846,2076.0,115.0477286138447,weak_ink_support
1333,True,0.3929273084479371,0.5402750491159135,0.058939096267190516,5.0,1.0964721982782868,14.866068840026855,0.09523766743131214,2181.0,176.81556987819837,weak_ink_support
1334,True,0.6602564102564102,0.7072649572649573,0.18429487179487175,1.0,0.21929443965565734,16.6433162689209,0.0,,159.415709559732,aligned
1339,True,0.0,0.0,-0.06832971800433839,20.59126091003418,4.515549023069386,47.6340217590332,0.08385762627294094,1927.0,129.34214678910516,weak_ink_support
1342,True,0.5155096011816839,0.6868537666174298,0.034711964549483,2.0,0.4385888793113147,14.142135620117188,0.0,,333.74926888665914,weak_ink_support
1343,True,0.2318840579710145,0.3188405797101449,-0.009963768115942018,12.103559494018555,2.6542432970797107,21.943105697631836,0.012859543530734182,2073.0,48.51283862268754,weak_ink_support
1367,True,0.45751633986928103,0.6427015250544662,0.04466230936819171,4.0,0.8771777586226294,14.892855072021483,0.0,,127.74082371764344,weak_ink_support
1369,True,0.5089285714285714,0.5580357142857143,0.08761160714285715,2.9142136573791504,0.6390708510318246,15.81138801574707,0.10128669081202593,2309.0,115.97442888273883,weak_ink_support
1371,True,0.26395173453996984,0.42232277526395173,-0.1606334841628959,7.211102485656738,1.5813546788916124,15.231546401977539,0.0,,294.24717004998485,weak_ink_support
1372,True,0.6039119804400978,0.7897310513447433,0.05623471882640585,2.0,0.4385888793113147,8.0,0.11306749763945491,1973.0,110.51046701866709,weak_ink_support
1373,True,0.5277777777777778,0.5851851851851851,0.057638888888888906,2.0,0.4385888793113147,27.892650604248047,0.06837995806637343,2169.0,515.8397991976692,weak_ink_support
1374,True,0.46261682242990654,0.572429906542056,-0.12091121495327106,4.123105525970459,0.9041741159588362,17.871471786499026,0.01905509523015377,3141.0,113.26321976094363,weak_ink_support
1375,True,0.6767895878524945,0.702819956616052,0.33893709327548804,1.0,0.21929443965565734,16.401220321655273,0.013078095819576278,3068.0,153.59543446563282,aligned
1376,True,0.5762331838565022,0.672645739910314,0.05100896860986548,1.4142135381698608,0.31012916540640423,18.439088821411133,0.08081411143183882,2109.0,114.78009136948332,weak_ink_support
1377,False,,,,,,,,,,off_plate
1378,True,0.6892177589852009,0.854122621564482,0.12579281183932345,1.4142135381698608,0.31012916540640423,7.280109882354736,0.0005622894941261517,2010.0,140.8564362365637,aligned
1379,True,0.22388059701492538,0.3308457711442786,-0.16169154228855723,8.27376937866211,1.8143916197338434,17.029386520385742,0.0,,104.8857123079103,weak_ink_support
1381,True,0.5248380129589633,0.6004319654427646,0.20410367170626348,2.8284270763397217,0.6202583308128085,36.06660461425781,0.0,,131.60707840225317,aligned
1383,True,0.42301943198804187,0.5261584454409567,0.01905829596412556,4.4721360206604,0.9807145627146037,30.436785125732428,0.0,,333.83060309915044,weak_ink_support
1384,True,0.6097560975609756,0.7187948350071736,0.09218077474892394,2.2360680103302,0.49035728135730183,21.095022201538086,0.045333931206801424,3115.0,364.76790286691175,weak_ink_support
1385,True,0.5460122699386503,0.6901840490797546,0.01917177914110435,2.0,0.4385888793113147,11.851748943328857,0.05397736511186656,2089.0,57.72199298175483,weak_ink_support
1386,True,0.4913657770800628,0.5353218210361067,0.019230769230769218,3.1622776985168457,0.6934699159318334,15.524174690246582,0.6520595769008748,2157.0,299.85709696811796,modern_proxy_suspect
1389,True,0.32666666666666666,0.5133333333333333,-0.05833333333333335,5.830951690673828,1.278695283665525,15.0,0.059452480812715015,2181.0,118.4083303262472,weak_ink_support
1390,True,0.3864168618266979,0.5199063231850117,0.02283372365339581,5.656854152679443,1.240516661625617,22.472204208374023,0.0,,125.46233354551477,weak_ink_support
1394,True,0.0,0.0,0.0,630.8953857421875,138.3518500976728,666.2762451171875,0.24384616902336903,1597.0,197.90732676289562,weak_ink_support
1395,True,0.3534675615212528,0.3825503355704698,0.07829977628635348,12.806248664855957,2.808339125050597,20.356387710571298,0.0748293047235682,1927.0,115.4168481251837,weak_ink_support
1399,True,0.23404255319148937,0.31560283687943264,-0.06560283687943264,12.449640274047852,2.730136887811828,21.840330123901367,0.013702522193350523,2073.0,51.692989436294276,weak_ink_support
1423,True,0.18562874251497005,0.40119760479041916,-0.13522954091816367,9.433980941772461,2.0688195643481424,20.248456954956055,0.0,,169.52169624439475,weak_ink_support
1425,True,0.18322295805739514,0.20750551876379691,0.005518763796909465,15.620499610900879,3.4254887093139224,39.64086761474609,0.10574301741863366,2309.0,121.38830094342913,weak_ink_support
1427,True,0.4473684210526316,0.5986842105263158,-0.004111842105263164,4.123105525970459,0.9041741159588362,14.03566837310791,0.0,,55.08753622616214,weak_ink_support
1428,True,0.6407982261640798,0.8203991130820399,0.0864745011086474,2.0,0.4385888793113147,8.0,0.0,,145.7158888851205,weak_ink_support
1429,True,0.41237113402061853,0.44329896907216493,0.06958762886597936,10.0,2.1929443965565736,28.017850875854492,0.01961611596488278,2169.0,56.93234673436132,weak_ink_support
1430,True,0.591324200913242,0.6438356164383562,0.15296803652968038,1.0,0.21929443965565734,26.925823211669922,0.0207309641760599,3141.0,123.2245613558329,aligned
1431,True,0.545816733067729,0.7171314741035857,0.15986055776892422,1.2071068286895752,0.26471181560199797,14.866068840026855,0.022372778268518658,3068.0,187.47720695302226,aligned
1432,True,0.5831578947368421,0.6652631578947369,0.06578947368421051,1.0,0.21929443965565734,18.973665237426758,0.032324026052316594,2109.0,143.5096765335708,weak_ink_support
1434,True,0.5477707006369427,0.7834394904458599,0.01698513800424628,2.2360680103302,0.49035728135730183,7.6157732009887695,0.00691258356023175,3181.0,139.73652948395858,weak_ink_support
1435,True,0.3316582914572864,0.4824120603015075,-0.26570351758793964,6.4031243324279785,1.4041695625252986,11.661903381347656,0.0,,101.40195585455442,weak_ink_support
1437,True,0.5772200772200772,0.6023166023166023,0.2697876447876447,0.0,0.0,33.970577239990234,0.0013736596199722625,3088.0,186.49794420489948,aligned
1440,True,0.6870748299319728,0.7891156462585034,0.06519274376417228,1.0,0.21929443965565734,15.264337539672852,0.29828671548124214,2249.0,109.17758693976366,weak_ink_support
1441,True,0.5730994152046783,0.6549707602339181,0.1074561403508772,1.0,0.21929443965565734,15.231546401977539,0.06336884643381503,2089.0,69.96494840367984,aligned
1442,True,0.68,0.7035294117647058,0.19117647058823534,1.0,0.21929443965565734,18.439088821411133,0.5831168920445917,2101.0,123.44267540460275,aligned
1445,True,0.3590308370044053,0.5066079295154186,0.0022026431718061845,5.915475845336914,1.2972309607997345,15.620499610900879,0.05042092187917456,2181.0,122.16855499200872,weak_ink_support
1446,True,0.21443736730360935,0.37154989384288745,-0.07908704883227174,9.219544410705566,2.0217948254261247,22.022714614868164,0.0,,161.92098628925797,weak_ink_support
1449,True,0.6585365853658537,0.7649667405764967,0.1862527716186253,1.0,0.21929443965565734,9.219544410705566,0.10704713947603003,2288.0,119.62833339317413,aligned
1451,True,0.41019955654101997,0.49223946784922396,-0.050443458980044376,6.324555397033691,1.3869398318636668,15.620499610900879,0.07729338472388074,1927.0,119.21744934973043,weak_ink_support
1455,True,0.22903225806451613,0.5096774193548387,-0.16290322580645164,5.656854152679443,1.240516661625617,14.560219764709473,0.018043847015793715,2073.0,68.30336523751922,weak_ink_support
1479,True,0.2219679633867277,0.36155606407322655,-0.04805491990846683,10.049875259399414,2.2038817636192487,34.828147888183594,0.0,,105.02414812086957,weak_ink_support
1481,True,0.1789709172259508,0.2058165548098434,0.049776286353467564,38.470767974853516,8.436425506168309,56.08342361450197,0.09525622753896704,2309.0,115.0429783846256,weak_ink_support
1483,True,0.4533333333333333,0.59,-0.01666666666666672,4.4721360206604,0.9807145627146037,13.003840446472168,0.0,,52.935133240313945,weak_ink_support
1484,True,0.6032934131736527,0.8652694610778443,-0.04416167664670656,2.0,0.4385888793113147,7.0,0.2952693319477799,1972.0,325.50060822999336,weak_ink_support
1485,True,0.28825622775800713,0.47330960854092524,-0.0889679715302491,6.324555397033691,1.3869398318636668,27.294687271118164,0.01758786462408063,2169.0,51.04570185493136,weak_ink_support
1486,True,0.2867132867132867,0.3613053613053613,0.052447552447552476,19.72308349609375,4.325162543557623,33.241539001464844,0.019262798881454223,3141.0,114.49780736170072,weak_ink_support
1487,True,0.5300632911392406,0.7879746835443038,0.100870253164557,2.8284270763397217,0.6202583308128085,13.416407585144043,0.027121856995998322,3068.0,296.0049294857759,aligned
1488,True,0.5734265734265734,0.6410256410256411,0.09615384615384615,2.0,0.4385888793113147,20.099750518798828,0.025040454827499167,2124.0,97.13385323471748,weak_ink_support
1490,True,0.5555555555555556,0.7734204793028322,-0.04030501089324612,2.2360680103302,0.49035728135730183,7.347242546081539,0.00785415647204619,3181.0,127.19342675389136,weak_ink_support
1491,True,0.3333333333333333,0.5382113821138211,-0.2020325203252033,5.656854152679443,1.240516661625617,22.671567916870117,0.015144289575925172,2211.0,281.6582388821435,weak_ink_support
1492,True,0.6724137931034483,0.729064039408867,0.027093596059113323,1.0,0.21929443965565734,16.970561981201172,0.02121218368642857,2031.0,107.63529634132983,weak_ink_support
1493,True,0.6519823788546255,0.7775330396475771,0.20870044052863435,1.4142135381698608,0.31012916540640423,19.551213073730462,0.004200937393899734,3088.0,122.73098335593471,aligned
1496,True,0.6830357142857143,0.7745535714285714,0.07142857142857151,1.0,0.21929443965565734,16.124515533447266,0.33849125804766145,2249.0,115.96381181069896,weak_ink_support
1497,True,0.6514851485148515,0.700990099009901,0.2133663366336634,0.0,0.0,13.928388595581055,0.08622765106163092,2089.0,192.22923023033505,aligned
1498,True,0.6725,0.7125,0.17562499999999998,0.0,0.0,19.416488647460938,0.4890279778211468,2103.0,103.09494667547472,aligned
1500,True,0.22518159806295399,0.24939467312348668,0.1198547215496368,27.58622932434082,6.049506701893783,43.4534194946289,0.12008178324696732,1925.0,113.44727718476433,weak_ink_support
1502,True,0.20582120582120583,0.29521829521829523,-0.06444906444906445,12.041594505310059,2.6406547196026118,18.357559204101562,0.0,,170.38663675223043,weak_ink_support
1503,False,,,,,,,,,,off_plate
1505,True,0.7566371681415929,0.8296460176991151,0.2334070796460177,0.0,0.0,9.899495124816895,0.10760679084050535,2288.0,120.2537602877283,aligned
1507,True,0.2982107355864811,0.536779324055666,-0.17892644135188868,5.0,1.0964721982782868,15.65247631072998,0.12166553937782786,1895.0,171.62704807690068,weak_ink_support
1511,True,0.1525096525096525,0.3223938223938224,-0.09604247104247102,10.04876708984375,2.2036387481974957,27.312999725341797,0.0004521434259614158,2073.0,188.7897285715546,weak_ink_support
1535,True,0.22595078299776286,0.27740492170022374,-0.016219239373601785,15.033296585083008,3.2967183508030855,49.06041793823244,0.0,,115.173105768026,weak_ink_support
1537,True,0.18722466960352424,0.21806167400881057,0.04680616740088106,38.08346176147461,8.351491407130228,65.47668991088867,0.00042188425653249726,2309.0,122.65015936101776,weak_ink_support
1538,True,0.6506024096385542,0.763855421686747,0.07530120481927705,1.0,0.21929443965565734,9.219544410705566,0.005149161047595282,3181.0,83.3876229589139,weak_ink_support
1539,True,0.1892744479495268,0.4353312302839117,-0.2452681388012618,7.6157732009887695,1.6700967166554044,12.529964447021484,0.008120630487503642,2611.0,63.99109392392791,weak_ink_support
1540,True,0.6508620689655172,0.8778735632183908,-0.006824712643678121,1.4142135381698608,0.31012916540640423,6.7082037925720215,0.2563195753897108,1972.0,349.3875654590105,weak_ink_support
1541,True,0.366120218579235,0.4672131147540984,-0.04030054644808739,7.807886600494385,1.7122261169503314,25.406538009643555,0.03459411538601805,2169.0,100.40337116945936,weak_ink_support
1542,True,0.02962962962962963,0.05925925925925926,-0.06790123456790124,20.615528106689453,4.520870684361919,29.068883895874023,0.015550434601305948,3141.0,92.88757536641225,weak_ink_support
1543,True,0.4525462962962963,0.5462962962962963,0.05092592592592593,5.0,1.0964721982782868,20.640594100952175,0.05763686212082692,3068.0,488.77468529321453,weak_ink_support
1544,True,0.4007398273736128,0.6954377311960542,-0.1377928483353884,4.0,0.8771777586226294,16.552946090698242,0.12721597994977446,2124.0,480.9325024173888,weak_ink_support
1546,True,0.597872340425532,0.8063829787234043,-0.03670212765957448,2.0,0.4385888793113147,7.211102485656738,0.008544676311708067,3181.0,138.3759878552314,weak_ink_support
1548,True,0.7166666666666667,0.7694444444444445,-0.004861111111111094,2.0,0.4385888793113147,15.56276388168335,0.013179101028493997,2031.0,70.0595241963832,weak_ink_support
1549,True,0.4798619102416571,0.5592635212888377,0.14441887226697353,3.605551242828369,0.7906773394458062,16.124515533447266,0.0952271470728869,2430.0,536.2274564462264,weak_ink_support
1552,True,0.7254004576659039,0.7780320366132724,0.1167048054919908,0.0,0.0,16.6433162689209,0.22754092697604072,2249.0,105.43862481011874,aligned
1553,True,0.4398976982097187,0.5140664961636828,0.04475703324808189,5.385164737701416,1.1809366836076371,25.079872131347656,0.03255074100734534,2105.0,106.5254899959032,weak_ink_support
1554,True,0.6522781774580336,0.6954436450839329,0.09292565947242215,1.0,0.21929443965565734,19.646883010864258,0.1751279659274902,2121.0,117.37814193064456,weak_ink_support
1555,True,0.4896907216494845,0.615979381443299,-0.0012886597938144284,3.1622776985168457,0.6934699159318334,16.58005714416504,0.2966725194326715,2203.0,93.39025321961574,weak_ink_support
1556,True,0.2732673267326733,0.297029702970297,0.16584158415841588,31.38471031188965,6.882492461600971,42.72002029418945,0.11702518344368665,1935.0,190.03854989838123,weak_ink_support
1558,True,0.23448275862068965,0.3218390804597701,-0.08563218390804597,10.816654205322266,2.3720321229051557,20.980474472045906,0.0,,132.42901171264342,weak_ink_support
1559,False,,,,,,,,,,off_plate
1560,False,,,,,,,,,,off_plate
1561,True,0.4766355140186916,0.5864485981308412,0.04760514018691586,3.605551242828369,0.7906773394458062,16.278820037841797,0.39268800711592466,2288.0,522.8821528799498,weak_ink_support
1563,True,0.4074074074074074,0.6412037037037037,-0.10185185185185192,3.8027756214141846,0.8339275490342178,15.231546401977539,0.139514279315317,1895.0,100.58843375358144,weak_ink_support
1567,True,0.3684210526315789,0.4298245614035088,0.05756578947368424,8.062257766723633,1.7680082993131305,23.738133430480957,0.0,,152.95734523636654,weak_ink_support
1593,True,0.1973392461197339,0.22394678492239467,0.05875831485587582,37.0,8.113894267259322,66.70832061767578,0.0,,119.84863096595859,weak_ink_support
1594,True,0.7789256198347108,0.859504132231405,0.1998966942148761,0.0,0.0,7.211102485656738,0.020966308508857476,2025.0,152.54840322194354,aligned
1595,True,0.2981366459627329,0.5124223602484472,-0.21350931677018636,6.0,1.315766637933944,13.0,0.01617000237841728,2611.0,67.0246590657411,weak_ink_support
1596,True,0.7142857142857143,0.8923395445134575,0.05434782608695665,1.0,0.21929443965565734,6.583115577697761,0.01762754636622772,1972.0,172.18130839601943,weak_ink_support
1597,True,0.4110032362459547,0.56957928802589,-0.03883495145631066,4.123105525970459,0.9041741159588362,18.439088821411133,0.023231671349136337,2169.0,67.42586406175239,weak_ink_support
1598,True,0.6274007682458387,0.70550576184379,0.24743918053777209,0.0,0.0,18.973665237426758,0.0005961187332553913,3141.0,436.82115820576905,aligned
1599,True,0.6666666666666666,0.7333333333333333,0.07283950617283941,1.4142135381698608,0.31012916540640423,15.497220802307138,0.030530240002187882,3068.0,107.2724650325577,weak_ink_support
1600,True,0.7061068702290076,0.9103053435114504,0.011450381679389388,1.7071068286895752,0.3743590354298266,5.0,0.08508797400827142,2124.0,192.02867554328654,weak_ink_support
1602,True,0.6021276595744681,0.8553191489361702,-0.0324468085106383,2.0,0.4385888793113147,7.071067810058594,0.0017119766837703802,3181.0,138.7170567019978,weak_ink_support
1604,True,0.32401315789473684,0.6019736842105263,-0.21504934210526316,4.242640495300293,0.9303874700772783,13.416407585144043,0.044345109771920306,2031.0,275.508068620535,weak_ink_support
1605,True,0.31235955056179776,0.3865168539325843,-0.16123595505617982,9.219544410705566,2.0217948254261247,14.764822959899902,0.04386791257726184,3088.0,113.56438699050648,weak_ink_support
1608,True,0.6904231625835189,0.7572383073496659,0.08463251670378613,0.0,0.0,17.69180679321289,0.1081596712647601,2292.0,117.05137933122396,weak_ink_support
1609,True,0.21899736147757257,0.40897097625329815,-0.042875989445910284,11.0,2.412238836212231,30.28528366088867,0.02827584018464614,2105.0,97.35852032998791,weak_ink_support
1610,True,0.5833333333333334,0.6875,0.03009259259259256,2.0,0.4385888793113147,19.92485809326172,0.13014246482867078,2121.0,129.3041191833286,weak_ink_support
1611,True,0.48156182212581344,0.6160520607375272,-0.005422993492407824,3.605551242828369,0.7906773394458062,14.764822959899902,0.21027807072613844,2217.0,154.00164659769857,weak_ink_support
1612,True,0.2128205128205128,0.24102564102564103,0.026282051282051272,12.0,2.631533275867888,39.25161628723145,0.059969171730237726,1935.0,95.06701912167146,weak_ink_support
1616,False,,,,,,,,,,off_plate
1617,True,0.5142857142857142,0.5964285714285714,0.16874999999999996,2.8284270763397217,0.6202583308128085,16.970561981201172,0.07718909526689355,2267.0,227.62207247004164,aligned
1619,True,0.458984375,0.6640625,-0.10302734375,3.605551242828369,0.7906773394458062,15.264337539672852,0.23863971715239407,1895.0,180.26053239764647,weak_ink_support
1622,False,,,,,,,,,,off_plate
1623,True,0.46770025839793283,0.5658914728682171,0.04586563307493541,4.123105525970459,0.9041741159588362,18.357559204101562,0.0,,112.92145147343801,weak_ink_support
1649,True,0.21076233183856502,0.23766816143497757,0.05156950672645738,34.94957733154297,7.66424797712278,56.080299377441406,0.0,,113.88997346093088,weak_ink_support
1650,True,0.6157024793388429,0.7830578512396694,0.06611570247933873,1.4142135381698608,0.31012916540640423,8.246211051940918,0.1121024153343172,2025.0,152.48287724349598,weak_ink_support
1651,True,0.20860927152317882,0.41721854304635764,-0.2359271523178808,6.7082037925720215,1.471071791788037,14.317821502685547,0.013064041228403798,2611.0,54.150450251217286,weak_ink_support
1653,True,0.3859060402684564,0.5738255033557047,-0.18791946308724833,5.0495100021362305,1.1073294664541018,14.0,0.021092406904917472,2169.0,61.21702306015981,weak_ink_support
1654,True,0.4254807692307692,0.5168269230769231,0.12259615384615385,5.0,1.0964721982782868,16.76305389404297,0.0,,103.01082404131496,weak_ink_support
1655,True,0.6694915254237288,0.7146892655367232,0.09675141242937846,1.0,0.21929443965565734,20.59126091003418,0.018862194350908572,3068.0,65.00045821605553,weak_ink_support
1656,True,0.7861915367483296,0.8106904231625836,0.15200445434298437,1.0,0.21929443965565734,11.661903381347656,0.05214201912565354,2124.0,117.67541758461215,aligned
1658,True,0.674468085106383,0.9063829787234042,0.03457446808510645,2.1180338859558105,0.46447305419237395,6.0,0.01803409630634596,1969.0,138.0107025531888,weak_ink_support
1659,True,0.30288461538461536,0.3317307692307692,0.04747596153846151,15.967951774597168,3.501683036858845,24.020824432373047,0.0,,116.68630988058344,weak_ink_support
1660,True,0.5955056179775281,0.7556179775280899,0.005617977528089901,2.2360680103302,0.49035728135730183,10.0,0.012693403124783283,2031.0,66.62925878570516,weak_ink_support
1661,True,0.545045045045045,0.5945945945945946,0.0822072072072072,2.2360680103302,0.49035728135730183,14.142135620117188,0.05204980347438692,3088.0,112.22551987354298,weak_ink_support
1664,True,0.5532435740514076,0.6070991432068543,0.016523867809057458,1.4142135381698608,0.31012916540640423,12.041594505310059,0.3526536882159475,2292.0,483.98519808966523,weak_ink_support
1665,True,0.4845238095238095,0.6488095238095238,-0.14077380952380952,3.605551242828369,0.7906773394458062,13.644890689849863,0.11319702296029892,2105.0,447.4396581784481,weak_ink_support
1667,True,0.6336206896551724,0.7370689655172413,0.13900862068965514,1.0,0.21929443965565734,13.416407585144043,0.19736792008527368,2217.0,155.89049378866767,aligned
1668,True,0.31516587677725116,0.37203791469194314,0.05805687203791465,9.433980941772461,2.0688195643481424,20.11214981079102,0.24035896900882336,1918.0,121.18055844750224,weak_ink_support
1670,True,0.0,0.0,0.0,36.769554138183594,8.063358771121328,58.898216247558594,0.0,,230.5466337840094,weak_ink_support
1673,True,0.4655436447166922,0.6248085758039816,-0.004594180704441064,3.605551242828369,0.7906773394458062,16.061890029907246,0.10894847621381923,2267.0,321.27696098128655,weak_ink_support
1675,True,0.6088992974238876,0.8875878220140515,-0.06850117096018726,2.2360680103302,0.49035728135730183,6.179479789733895,0.2152189686543484,1898.0,95.46417294390683,weak_ink_support
1677,True,0.36682242990654207,0.46261682242990654,-0.08644859813084116,6.4031243324279785,1.4041695625252986,20.248456954956055,0.03130479370254928,2051.0,95.98152763930882,weak_ink_support
1678,False,,,,,,,,,,off_plate
1679,True,0.3631713554987212,0.4629156010230179,-0.004475703324808178,7.6157732009887695,1.6700967166554044,19.313207626342773,0.10759658629149077,3305.0,115.01325732473836,weak_ink_support
1705,True,0.23348017621145375,0.2577092511013216,0.061123348017621176,33.316001892089844,7.306013966492663,51.573211669921875,0.0,,122.67355981922248,weak_ink_support
1707,True,0.38924050632911394,0.45569620253164556,-0.013449367088607611,7.071067810058594,1.5506458531739553,15.81138801574707,0.015303538797275373,2611.0,63.43316756438971,weak_ink_support
1708,False,,,,,,,,,,off_plate
1709,True,0.7184615384615385,0.8153846153846154,0.11230769230769233,0.0,0.0,9.486832618713379,0.08199286386643662,2169.0,265.64556176087245,aligned
1710,True,0.28888888888888886,0.31717171717171716,0.020202020202020166,12.369317054748535,2.712522452444246,18.64935531616211,0.0,,175.34108424146044,weak_ink_support
1711,True,0.6157635467980296,0.6502463054187192,0.06527093596059119,1.0,0.21929443965565734,15.81138801574707,0.030973407492734795,3068.0,108.06128037620417,weak_ink_support
1712,True,0.6756756756756757,0.8063063063063063,-0.027027027027026973,0.0,0.0,12.759107303619382,0.04983661482121255,2124.0,112.47252328217454,weak_ink_support
1713,False,,,,,,,,,,off_plate
1714,True,0.55863539445629,0.8166311300639659,-0.02771855010660984,2.8284270763397217,0.6202583308128085,7.654668521881101,0.03916340809667206,1969.0,137.0141510495947,weak_ink_support
1715,True,0.29876543209876544,0.362962962962963,0.010493827160493852,15.620499610900879,3.4254887093139224,21.98631401062012,0.0,,107.42810877444187,weak_ink_support
1716,True,0.5588235294117647,0.86,0.07029411764705878,2.8284270763397217,0.6202583308128085,10.077032947540301,0.0791408363151091,2031.0,477.34220186608786,weak_ink_support
1717,True,0.5435294117647059,0.6611764705882353,0.024117647058823577,2.2360680103302,0.49035728135730183,13.265206336975107,0.049042998826990765,3088.0,93.50103312519768,weak_ink_support
1718,True,0.24,0.4689655172413793,-0.1303448275862069,7.0,1.5350610775896014,19.062983703613284,0.1887835148817569,2469.0,373.0701796162248,weak_ink_support
1720,True,0.7200902934537246,0.7494356659142212,0.07674943566591419,1.0,0.21929443965565734,13.892443656921387,0.09384844324437597,2292.0,111.25698377565303,weak_ink_support
1721,True,0.8106508875739645,0.9408284023668639,0.028846153846153855,0.0,0.0,5.830951690673828,0.026730225428155573,2105.0,67.10848013297375,weak_ink_support
1723,True,0.5804066543438078,0.7042513863216266,0.09426987060998154,2.2360680103302,0.49035728135730183,15.81138801574707,0.0,,220.34757696649677,weak_ink_support
1727,False,,,,,,,,,,off_plate
1729,True,0.5108695652173914,0.8054347826086956,0.023369565217391308,2.8284270763397217,0.6202583308128085,13.892443656921387,0.18068753493066955,2267.0,587.4529004778609,weak_ink_support
1731,True,0.6970387243735763,0.8405466970387244,0.05011389521640086,1.4142135381698608,0.31012916540640423,7.6157732009887695,0.36093635957401227,1898.0,107.87599723150622,weak_ink_support
1733,True,0.4376417233560091,0.6213151927437641,0.059523809523809534,4.123105525970459,0.9041741159588362,17.804492950439453,0.034075975790008546,2051.0,109.8071606813808,weak_ink_support
1735,True,0.42435424354243545,0.5092250922509225,0.01014760147601479,5.656854152679443,1.240516661625617,19.235383987426758,0.14038277959669962,3305.0,45.54993119155259,weak_ink_support
1760,True,0.0,0.0,0.0,53.48831558227539,11.729690193740048,87.28115844726562,0.0,,97.91045344391878,weak_ink_support
1761,True,0.23917995444191345,0.26651480637813213,0.04498861047835992,31.320919036865234,6.868503389689573,51.92301940917969,0.0,,107.65494660189847,weak_ink_support
1763,True,0.44193548387096776,0.5258064516129032,0.010483870967742004,4.785577774047852,1.0494505963883916,16.167827224731447,0.014342903216074608,2611.0,59.45133312741151,weak_ink_support
1764,False,,,,,,,,,,off_plate
1765,True,0.9225,1.0,0.34875,1.4142135381698608,0.31012916540640423,2.8284270763397217,0.15350977327554913,3111.0,112.92537056773244,aligned
1766,True,0.4066797642436149,0.6051080550098232,-0.030451866404715144,4.242640495300293,0.9303874700772783,16.6433162689209,0.00030715438271345974,3141.0,187.33505378677353,weak_ink_support
1767,True,0.5497630331753555,0.7180094786729858,-0.059834123222748725,1.7071068286895752,0.3743590354298266,13.86334638595582,0.035570428564651965,3068.0,121.45883606147054,weak_ink_support
1768,True,0.6172566371681416,0.7898230088495575,-0.053097345132743334,2.2360680103302,0.49035728135730183,13.416407585144043,0.05321727865634908,2124.0,120.10209028367875,weak_ink_support
1770,True,0.45474613686534215,0.7218543046357616,-0.10430463576158944,3.605551242828369,0.7906773394458062,8.602325439453125,0.036507298177622355,1969.0,121.77108289812251,weak_ink_support
1771,True,0.4812206572769953,0.6901408450704225,-0.04107981220657281,3.1622776985168457,0.6934699159318334,17.748149871826172,0.005909290892689559,2232.0,124.93946293492252,weak_ink_support
1772,True,0.4075829383886256,0.6800947867298578,-0.10959715639810419,4.123105525970459,0.9041741159588362,8.485280990600586,0.02758511797955493,2031.0,121.72632204716992,weak_ink_support
1774,True,0.21481481481481482,0.34814814814814815,-0.022685185185185197,11.180339813232422,2.451786354502641,22.002271461486817,0.12800210846041243,2469.0,219.08358607233737,weak_ink_support
1775,True,0.7351828499369483,0.8373266078184111,0.02301387137452704,0.0,0.0,8.875882720947288,0.016998026897532256,3309.0,460.662942120145,weak_ink_support
1776,True,0.6995614035087719,0.7653508771929824,0.08881578947368418,2.0,0.4385888793113147,15.81138801574707,0.10513284793701767,2292.0,124.18612270499082,weak_ink_support
1777,True,0.4630541871921182,0.541871921182266,-0.046798029556650245,4.0,0.8771777586226294,13.928388595581055,0.04721310633024753,2105.0,117.63648240973932,weak_ink_support
1779,True,0.4684466019417476,0.6966019417475728,-0.05400485436893199,3.605551242828369,0.7906773394458062,16.124515533447266,0.05841233370238091,2218.0,112.87393130351094,weak_ink_support
1781,True,0.19775280898876405,0.24044943820224718,-0.060112359550561795,12.727922439575195,2.79116261936731,31.39426612854004,0.08070101795581464,2310.0,113.39318694681398,weak_ink_support
1785,True,0.4143126177024482,0.5178907721280602,-0.0908662900188324,5.656854152679443,1.240516661625617,27.80287742614746,0.06266592744437943,2267.0,199.272782268912,weak_ink_support
1787,True,0.76,0.9,0.1316666666666667,1.0,0.21929443965565734,5.85613279342652,0.17984908507388472,1899.0,118.70331596893769,aligned
1789,True,0.6178489702517163,0.6887871853546911,0.2259725400457666,1.0,0.21929443965565734,13.71786003112794,0.07631087896948274,2041.0,105.4208090296037,aligned
1791,True,0.2993421052631579,0.5032894736842105,-0.08963815789473689,6.0,1.315766637933944,18.384777069091797,0.0,,64.41907108663962,weak_ink_support
1816,True,0.0,0.0,0.0,73.24142456054688,16.06143715858723,127.94529724121094,0.3213752056211318,2612.0,412.6097416856027,weak_ink_support
1817,True,0.24168514412416853,0.29711751662971175,0.0033259423503326224,28.792360305786133,6.314004519621162,51.865211486816406,0.01123777047391696,3097.0,119.78944070992247,weak_ink_support
1819,True,0.40809968847352024,0.49221183800623053,-0.07710280373831774,6.324555397033691,1.3869398318636668,14.866068840026855,0.016015131661065413,2611.0,66.38271994991076,weak_ink_support
1820,False,,,,,,,,,,off_plate
1821,True,0.7073170731707317,1.0,0.13338414634146334,2.0,0.4385888793113147,4.123105525970459,0.16597330937602073,2147.0,60.4827739919985,aligned
1822,True,0.44290123456790126,0.5447530864197531,-0.010802469135802462,4.123105525970459,0.9041741159588362,23.922561836242693,0.0020127539340182308,3141.0,314.38278208577475,weak_ink_support
1823,True,0.48470588235294115,0.5176470588235295,-0.023529411764705965,4.0,0.8771777586226294,19.92485809326172,0.03681760161919088,3068.0,124.18900841818969,weak_ink_support
1824,True,0.6858407079646017,0.7765486725663717,0.053097345132743334,1.0,0.21929443965565734,16.124515533447266,0.0517715096554099,2124.0,119.94643839064287,weak_ink_support
1826,True,0.6111111111111112,0.7695473251028807,-0.03343621399176944,2.0,0.4385888793113147,8.5440034866333,0.04692827247210606,1969.0,153.8699062452173,weak_ink_support
1827,True,0.49157303370786515,0.7078651685393258,-0.016151685393258453,3.1622776985168457,0.6934699159318334,16.970561981201172,0.02170056868851623,2232.0,66.53772576998963,weak_ink_support
1828,True,0.2898550724637681,0.5652173913043478,-0.1751207729468599,5.656854152679443,1.240516661625617,10.816654205322266,0.025988337512357237,2031.0,114.68012367554081,weak_ink_support
1829,True,0.0,0.0,0.0,497.13177490234375,109.01823401223186,511.3242492675781,0.0,,84.86764625010072,weak_ink_support
1830,True,0.1411764705882353,0.20941176470588235,-0.10647058823529415,11.180339813232422,2.451786354502641,19.894688415527344,0.07744925483636392,2469.0,124.00245734129311,weak_ink_support
1831,True,0.782312925170068,0.9410430839002267,-0.0028344671201814275,1.0,0.21929443965565734,5.385164737701416,0.0017706445810284654,2621.0,108.95830498164638,weak_ink_support
1832,True,0.5386313465783664,0.7682119205298014,-0.1214128035320089,2.8284270763397217,0.6202583308128085,12.206555366516113,0.010831442996068948,2292.0,121.54069638285719,weak_ink_support
1833,True,0.25153374233128833,0.32515337423312884,-0.054447852760736215,11.0,2.412238836212231,20.248456954956055,0.023698976135129814,2105.0,58.429233619685824,weak_ink_support
1835,True,0.36828644501278773,0.5421994884910486,-0.17519181585677746,5.385164737701416,1.1809366836076371,14.142135620117188,0.05839756684148379,2218.0,95.53833758486552,weak_ink_support
1836,True,0.4602409638554217,0.491566265060241,0.2789156626506024,7.071067810058594,1.5506458531739553,31.30495262145996,0.04009162840978086,1938.0,115.43852833932873,weak_ink_support
1837,True,0.10344827586206896,0.15948275862068967,-0.09321120689655173,17.0880069732666,3.7473049140344643,31.722165489196776,0.09344429118412251,2310.0,131.84499659026673,weak_ink_support
1838,True,0.5080091533180778,0.6773455377574371,-0.050915331807780295,2.8284270763397217,0.6202583308128085,11.661903381347656,0.0,,105.62128325827756,weak_ink_support
1841,True,0.19957983193277312,0.2920168067226891,-0.20850840336134452,11.313708305358887,2.481033323251234,27.80287742614746,0.04562683585781801,2267.0,144.50848469036734,weak_ink_support
1843,True,0.6177777777777778,0.7955555555555556,-0.018333333333333313,1.0,0.21929443965565734,8.246211051940918,0.17227164429641564,1899.0,118.0016801211495,weak_ink_support
1844,True,0.6217494089834515,0.6524822695035462,0.06560283687943269,1.4142135381698608,0.31012916540640423,24.20743751525879,0.0,,122.04125412321163,weak_ink_support
1845,True,0.383989145183175,0.5644504748982361,-0.043419267299864395,5.0,1.0964721982782868,12.041594505310059,0.28852887334953675,2041.0,404.49679306434064,weak_ink_support
1847,True,0.37662337662337664,0.5714285714285714,-0.015422077922077893,5.0,1.0964721982782868,17.72004508972168,0.0,,66.81448021454011,weak_ink_support
1872,True,0.0,0.0,0.0,143.6001434326172,31.49071298852781,161.24514770507812,0.08854570038149225,2612.0,104.2127965037809,weak_ink_support
1873,True,0.2963464140730717,0.4167794316644114,-0.043978349120433025,8.5440034866333,1.8736524570172322,37.64305877685547,0.201722401496719,3097.0,406.72755393641546,weak_ink_support
1875,True,0.35625,0.428125,-0.05234374999999997,8.0,1.7543555172452587,13.928388595581055,0.013756105607156113,2611.0,66.08296878602957,weak_ink_support
1876,False,,,,,,,,,,off_plate
1877,True,0.7573529411764706,1.0,0.2138480392156863,1.4142135381698608,0.31012916540640423,4.123105525970459,0.4363741374312838,2128.0,120.00270750336897,aligned
1878,True,0.03431372549019608,0.06372549019607843,-0.09068627450980392,22.472204208374023,4.928029429702887,30.18239612579346,0.004969267870541211,3141.0,95.8237257515757,weak_ink_support
1879,True,0.6150234741784038,0.7065727699530516,0.01467136150234738,1.4142135381698608,0.31012916540640423,15.55634880065918,0.037323930857370874,3068.0,124.31322883660867,weak_ink_support
1880,True,0.7193763919821826,0.7572383073496659,0.12360801781737185,0.0,0.0,16.76305389404297,0.051126431786745474,2124.0,117.10618562045379,aligned
1882,True,0.6064030131826742,0.7966101694915254,0.00941619585687381,2.0,0.4385888793113147,8.246211051940918,0.059650434424369986,1969.0,199.40983273712698,weak_ink_support
1883,True,0.35167464114832536,0.6148325358851675,-0.07476076555023925,4.123105525970459,0.9041741159588362,16.970561981201172,0.038079125372009734,2232.0,117.96948361984575,weak_ink_support
1884,True,0.37359550561797755,0.648876404494382,-0.098314606741573,4.4721360206604,0.9807145627146037,10.723400115966797,0.015058370813365207,2031.0,66.4488764011069,weak_ink_support
1885,True,0.0,0.0,0.0,524.175537109375,114.94878069160362,543.768310546875,0.0,,136.23071505081762,weak_ink_support
1887,True,0.9474885844748858,0.9840182648401826,0.09931506849315064,0.0,0.0,1.4142135381698608,0.0018111246265000006,2621.0,106.57820900806847,weak_ink_support
1888,True,0.5067264573991032,0.672645739910314,-0.17376681614349776,3.0,0.657883318966972,10.29563045501709,0.0,,113.88792779583831,weak_ink_support
1889,True,0.21204188481675393,0.27486910994764396,-0.0929319371727749,12.0,2.631533275867888,17.262676239013672,0.040867109944404234,2105.0,100.08647293630285,weak_ink_support
1891,True,0.39855072463768115,0.5893719806763285,-0.09541062801932365,4.357388496398926,0.9555510686798097,14.866068840026855,0.0665777443882686,2218.0,114.84940557856687,weak_ink_support
1892,True,0.23273657289002558,0.26854219948849106,0.12468030690537087,29.068883895874023,6.3746446053610555,36.055511474609375,0.03334821859453977,1938.0,95.38496012002257,weak_ink_support
1894,True,0.6909871244635193,0.9399141630901288,-0.02306866952789699,0.0,0.0,5.385164737701416,0.0,,134.63904890651474,weak_ink_support
1897,True,0.2902033271719039,0.4898336414048059,-0.09149722735674681,6.324555397033691,1.3869398318636668,26.870058059692383,0.03464596414289338,2267.0,208.94176390229535,weak_ink_support
1900,True,0.5742574257425742,0.6262376237623762,0.09900990099009899,2.0,0.4385888793113147,27.018512725830078,0.0,,106.65933449285332,weak_ink_support
1901,True,0.28125,0.33705357142857145,0.05078125,12.727922439575195,2.79116261936731,27.60795078277588,0.08152915339941612,2041.0,115.89771042258756,weak_ink_support
1903,True,0.4036363636363636,0.49454545454545457,0.004545454545454519,6.082762718200684,1.3339160418461422,16.679010772705077,0.0,,47.72829160566345,weak_ink_support
1927,True,0.6085192697768763,0.6977687626774848,0.2210953346855984,2.2360680103302,0.49035728135730183,23.021728515625,0.03332777115749181,14.0,161.46780449824286,aligned
1928,True,0.0,0.0,0.0,176.47662353515625,38.70034227046448,195.56329345703125,0.22840847719937699,2609.0,115.64280633034993,weak_ink_support
1929,True,0.1059245960502693,0.1400359066427289,0.0008976660682226134,22.203603744506836,4.869126841487882,31.048349380493164,0.1437100232042893,3097.0,224.93658580586145,weak_ink_support
1931,True,0.2087227414330218,0.4984423676012461,-0.1806853582554517,6.082762718200684,1.3339160418461422,14.866068840026855,0.01070161199740985,18.0,66.52949129158348,weak_ink_support
1932,False,,,,,,,,,,off_plate
1933,True,0.4624624624624625,0.5405405405405406,0.06681681681681684,4.4721360206604,0.9807145627146037,20.750579071044925,0.10217604108973252,2147.0,64.37013194846742,weak_ink_support
1934,True,0.1832579185520362,0.2081447963800905,0.0033936651583710287,24.768831253051758,5.431666970563518,40.360870361328125,0.006065892910885931,3141.0,126.02462658491041,weak_ink_support
1935,True,0.637883008356546,0.7715877437325905,0.05013927576601673,1.4142135381698608,0.31012916540640423,9.848857879638672,0.02105038025324936,3068.0,68.70616739691171,weak_ink_support
1936,True,0.6997690531177829,0.745958429561201,0.10969976905311785,0.0,0.0,19.29764289855957,0.045136945807629086,2124.0,101.86619228547545,aligned
1938,True,0.6769911504424779,0.8672566371681416,-0.03595132743362828,1.0,0.21929443965565734,6.7082037925720215,0.03467663459843971,1969.0,120.28760587319476,weak_ink_support
1939,True,0.2951219512195122,0.6268292682926829,-0.1591463414634146,5.0,1.0964721982782868,16.278820037841797,0.03641923437853729,2232.0,111.1932000887606,weak_ink_support
1940,True,0.3972222222222222,0.6972222222222222,-0.15486111111111117,4.0,0.8771777586226294,7.8102498054504395,0.01589467256290191,2031.0,70.13926975625465,weak_ink_support
1941,True,0.0,0.0,0.0,556.2319946289062,121.9785835806946,573.8953125,0.0,,122.96436695207787,weak_ink_support
1943,True,0.5773081201334817,0.6896551724137931,-0.11707452725250278,1.4142135381698608,0.31012916540640423,11.401754379272461,0.020306454836090972,2621.0,578.0611016525999,weak_ink_support
1944,True,0.5444444444444444,0.7066666666666667,-0.14500000000000013,2.8284270763397217,0.6202583308128085,10.29563045501709,0.22245596025124173,2260.0,118.73365179861946,weak_ink_support
1945,True,0.4740740740740741,0.5333333333333333,-0.01851851851851849,4.4721360206604,0.9807145627146037,18.027755737304688,0.04831809229753493,2105.0,116.81363498022019,weak_ink_support
1947,True,0.45885286783042395,0.5511221945137157,0.008728179551122206,4.242640495300293,0.9303874700772783,16.970561981201172,0.05680376709503715,2218.0,104.24723228571686,weak_ink_support
1948,True,0.7140864714086471,0.7601115760111576,0.16422594142259406,0.0,0.0,30.331260681152337,0.09990297395982983,1938.0,366.6234007422722,aligned
1950,True,0.4883177570093458,0.5607476635514018,-0.061915887850467255,3.605551242828369,0.7906773394458062,10.630146026611328,0.0,,96.47187105328982,weak_ink_support
1953,True,0.4618556701030928,0.6824742268041237,0.025773195876288735,3.605551242828369,0.7906773394458062,25.45584487915039,0.0,,153.12357578314632,weak_ink_support
1956,True,0.49884526558891457,0.5796766743648961,0.11605080831408776,3.1622776985168457,0.6934699159318334,30.75040969848633,0.0,,130.8118229380935,weak_ink_support
1957,True,0.1358574610244989,0.18930957683741648,0.002227171492204888,17.20465087890625,3.7728842739609587,27.58622932434082,0.08183956308092194,2041.0,117.52953852862623,weak_ink_support
1959,True,0.3141891891891892,0.4358108108108108,-0.11064189189189189,7.071067810058594,1.5506458531739553,9.848857879638672,0.0,,60.02182720151729,weak_ink_support
1983,True,0.6566265060240963,0.6807228915662651,0.3167670682730923,1.0,0.21929443965565734,24.698177337646484,0.03382413313060914,14.0,165.7781768674725,aligned
1984,True,0.0,0.0,0.0,219.82266235351562,48.20588756442898,246.99271240234376,0.15581774880307514,2609.0,173.96677890501823,weak_ink_support
1985,True,0.0,0.0,-0.03491902834008097,31.984355926513672,7.0139914106519194,42.04759216308594,0.10911559836402678,3097.0,162.04795877452378,weak_ink_support
1986,True,0.55,0.7111111111111111,0.016666666666666607,2.8284270763397217,0.6202583308128085,9.24098806381226,0.22038055429674935,3267.0,208.26210436437557,weak_ink_support
1987,True,0.47266881028938906,0.7009646302250804,-0.016881028938906806,3.605551242828369,0.7906773394458062,12.041594505310059,0.01640714141616731,18.0,59.91387731245154,weak_ink_support
1989,True,0.49595687331536387,0.6145552560646901,0.04245283018867918,3.605551242828369,0.7906773394458062,18.601076126098633,0.2574680401931607,2147.0,92.5052841675623,weak_ink_support
1990,True,0.3054892601431981,0.36754176610978523,0.051312649164677815,9.899495124816895,2.1709042362706326,40.31128692626953,0.004685579938466977,3141.0,105.17279275475002,weak_ink_support
1991,True,0.6997167138810199,0.8073654390934845,0.14164305949008504,0.0,0.0,9.889367675781251,0.019443049305034057,3068.0,64.10544129407876,aligned
1992,True,0.6178489702517163,0.7299771167048055,0.015446224256292829,2.0,0.4385888793113147,21.414899063110354,0.04600808149933232,2124.0,105.06371351162696,weak_ink_support
1994,True,0.7320675105485233,0.8607594936708861,0.03322784810126589,0.0,0.0,6.912461137771603,0.037379140346587715,1969.0,142.11564733645477,weak_ink_support
1996,True,0.39154929577464787,0.6028169014084507,-0.12183098591549307,4.242640495300293,0.9303874700772783,9.433980941772461,0.014902350098553346,2031.0,65.76039546760883,weak_ink_support
1999,True,0.6488222698072805,0.7623126338329764,-0.10653104925053525,1.0,0.21929443965565734,13.0,0.010595166330138954,2621.0,135.43644647108397,weak_ink_support
2000,True,0.6607142857142857,0.8058035714285714,-0.005580357142857095,2.2360680103302,0.49035728135730183,12.529964447021484,0.22787459219922296,2260.0,116.6052546395472,weak_ink_support
2001,True,0.6497005988023952,0.6856287425149701,0.0007485029940119681,0.0,0.0,16.492422103881836,0.02707524987136601,2105.0,64.16200205021849,weak_ink_support
2002,True,0.0,0.0,0.0,125.45109558105469,27.5107277096357,146.8572250366211,0.20153179099902682,1881.0,132.2024710854255,weak_ink_support
2003,True,0.4639423076923077,0.5504807692307693,0.0258413461538462,4.182872772216797,0.9172807407341885,17.748149871826172,0.0560122892033989,2218.0,115.95648164777809,weak_ink_support
2004,True,0.7995391705069125,1.0,0.07891705069124433,0.0,0.0,4.242640495300293,0.04540846476424043,1938.0,131.62895591365555,weak_ink_support
2005,True,0.46167557932263814,0.6310160427807486,0.17379679144385024,3.605551242828369,0.7906773394458062,21.931713104248047,0.12172531603419057,2021.0,229.02078714095617,weak_ink_support
2006,True,0.2350597609561753,0.34063745019920316,-0.08416334661354585,10.0,2.1929443965565736,13.892443656921387,0.0,,170.36642925084664,weak_ink_support
2009,True,0.4652631578947368,0.7031578947368421,0.0094736842105263,3.605551242828369,0.7906773394458062,22.627416610717773,0.0,,143.68191569498876,weak_ink_support
2011,True,0.46578366445916114,0.5695364238410596,0.08940397350993379,4.0,0.8771777586226294,22.360679626464844,0.10782971392619195,2179.0,121.70518270303953,weak_ink_support
2012,True,0.6231527093596059,0.6773399014778325,0.23583743842364524,0.0,0.0,23.021728515625,0.013772358476076172,2062.0,108.439252654781,aligned
2013,True,0.30269058295964124,0.34977578475336324,0.07679372197309414,14.21267032623291,3.116759575201835,22.147162437438965,0.07892370743554857,2041.0,114.26279857831128,weak_ink_support
2015,True,0.398576512455516,0.4875444839857651,-0.05871886120996439,6.7082037925720215,1.471071791788037,11.401754379272461,0.0,,51.379114133098625,weak_ink_support
2040,True,0.0,0.0,0.0,264.7565002441406,58.05962836623173,298.57562255859375,0.02179070374913728,3480.0,172.09792171153893,weak_ink_support
2042,True,0.417910447761194,0.582089552238806,-0.11287313432835822,5.0,1.0964721982782868,10.12395715713501,0.20448278533949518,3124.0,204.01909729125288,weak_ink_support
2043,True,0.4358108108108108,0.5675675675675675,-0.038851351351351315,5.0,1.0964721982782868,11.553226947784424,0.016851301583965493,18.0,49.92195442005639,weak_ink_support
2045,True,0.4376899696048632,0.5957446808510638,-0.09194528875379943,3.605551242828369,0.7906773394458062,16.130711364746094,0.12133470942200429,3111.0,59.2930707766656,weak_ink_support
2047,True,0.5042194092827004,0.6075949367088608,0.04905063291139233,2.8284270763397217,0.6202583308128085,24.345209503173827,0.05056596414698245,3068.0,164.42339039708818,weak_ink_support
2048,True,0.5865168539325842,0.7056179775280899,-0.00786516853932584,2.0,0.4385888793113147,23.190361022949222,0.06600305511060617,2110.0,112.94555009662393,weak_ink_support
2050,True,0.6305309734513275,0.7809734513274337,-0.009402654867256444,1.0,0.21929443965565734,8.461373996734627,0.027672765832920564,1969.0,120.04169107142405,weak_ink_support
2052,True,0.4358974358974359,0.5198135198135199,0.00874125874125875,5.385164737701416,1.1809366836076371,12.743587684631347,0.02885610951623545,2031.0,127.37168524973941,weak_ink_support
2055,True,0.740909090909091,0.7795454545454545,-0.010795454545454497,0.0,0.0,13.892443656921387,0.008539618815109543,2621.0,108.60164358099561,weak_ink_support
2056,True,0.7477477477477478,0.7702702702702703,0.12274774774774777,0.0,0.0,16.124515533447266,0.23340805278134624,3093.0,112.07604715285763,aligned
2057,True,0.38446969696969696,0.4071969696969697,-0.08901515151515155,10.605318069458008,2.3256872834118116,17.72004508972168,0.08352655039232684,2105.0,209.4939451297498,weak_ink_support
2058,True,0.0,0.0,0.0,94.2443618774414,20.66726452861851,120.93386840820312,0.5962946317278999,1887.0,139.21874368510183,modern_proxy_suspect
2059,True,0.5558620689655173,0.670344827586207,0.09965517241379318,2.0,0.4385888793113147,15.55634880065918,0.1395845307891867,2218.0,372.5065766388003,weak_ink_support
2060,True,0.7142857142857143,1.0,-0.0012755102040815647,0.0,0.0,4.242640495300293,0.034259378556268344,1938.0,96.6939595163029,weak_ink_support
2061,True,0.11697247706422019,0.23853211009174313,0.008600917431192664,15.264337539672852,3.3473843474773735,32.00781059265137,0.05624786506140104,2021.0,104.07962813287868,weak_ink_support
2062,True,0.45351473922902497,0.5986394557823129,-0.009070294784580435,4.0,0.8771777586226294,13.892443656921387,0.0,,109.02466543425092,weak_ink_support
2065,True,0.34518828451882844,0.600418410041841,-0.10774058577405865,5.0,1.0964721982782868,21.931713104248047,0.5727817092583718,2246.0,146.14479021034447,modern_proxy_suspect
2066,True,0.0,0.0,0.0,501.69512939453125,110.01895227854625,522.6906188964844,0.07406103445380932,1644.0,123.38311800425402,weak_ink_support
2067,True,0.32397408207343414,0.4470842332613391,-0.021058315334773203,6.7082037925720215,1.471071791788037,35.0,0.02694654085885254,2199.0,130.92595161421374,weak_ink_support
2068,True,0.717434869739479,0.7755511022044088,0.1643286573146293,0.0,0.0,13.03840446472168,0.07089821401382396,2062.0,185.54373051110252,aligned
2069,True,0.16458852867830423,0.19201995012468828,0.0009351620947630757,22.671567916870117,4.971748782445212,31.95309066772461,0.2511968120181328,2041.0,469.2973943730328,weak_ink_support
2071,True,0.41522491349480967,0.5017301038062284,-0.0034602076124568004,6.0,1.315766637933944,15.684258651733396,0.0,,55.63739343354262,weak_ink_support
2098,True,0.40048543689320387,0.5145631067961165,-0.1923543689320389,5.830951690673828,1.278695283665525,11.661903381347656,0.4591270386959947,3124.0,491.2444574980949,weak_ink_support
2099,True,0.6424870466321243,0.7409326424870466,0.04339378238341962,1.0,0.21929443965565734,10.0,0.02849843791668754,18.0,109.56483092224043,weak_ink_support
2103,True,0.3597122302158273,0.42206235011990406,0.07913669064748202,9.848857879638672,2.159799769963568,25.655109786987314,0.0368402236757054,3068.0,117.56809136996047,weak_ink_support
2104,True,0.610989010989011,0.6703296703296703,0.032417582417582524,1.4142135381698608,0.31012916540640423,25.416347503662113,0.10568170102694696,2110.0,123.73749309246963,weak_ink_support
2106,True,0.5,0.7588495575221239,-0.13606194690265483,3.081138849258423,0.6756766174494028,9.219544410705566,0.023380159499160783,1969.0,120.43148226312586,weak_ink_support
2108,True,0.603448275862069,0.6576354679802956,0.1779556650246305,1.0,0.21929443965565734,10.905242919921875,0.024206236535200532,2031.0,108.28849213774578,aligned
2111,True,0.3858632676709154,0.641946697566628,-0.22276940903823872,5.0,1.0964721982782868,12.041594505310059,0.04299541010456285,2621.0,529.9246896206585,weak_ink_support
2112,True,0.6303854875283447,0.7414965986394558,-0.027210884353741416,1.0,0.21929443965565734,19.697715759277344,0.22980466746457529,3093.0,109.40161084751628,weak_ink_support
2113,True,0.6,0.6258823529411764,0.038235294117647034,0.0,0.0,15.0,0.05690255782206101,2105.0,132.0160503584593,weak_ink_support
2114,True,0.0,0.0,0.0,66.80913543701172,14.650871919538405,98.89275131225587,0.19555595684619456,1884.0,136.01496341901236,weak_ink_support
2115,True,0.4720194647201946,0.5888077858880778,0.02311435523114358,3.605551242828369,0.7906773394458062,21.21320343017578,0.059405351372642225,2218.0,112.41991054321842,weak_ink_support
2116,True,0.553921568627451,1.0,-0.2726715686274509,2.8284270763397217,0.6202583308128085,4.4721360206604,0.03934045871290715,1938.0,109.6432729399973,weak_ink_support
2117,True,0.11261261261261261,0.1891891891891892,-0.013513513513513528,20.124610900878906,4.413215270796373,33.16907730102539,0.057482031565899226,2021.0,112.83468994672069,weak_ink_support
2118,True,0.2524850894632207,0.34393638170974156,-0.000994035785288283,11.180339813232422,2.451786354502641,24.51475334167481,0.0,,171.55980528780924,weak_ink_support
2121,True,0.43958868894601544,0.6735218508997429,-0.0922236503856041,3.605551242828369,0.7906773394458062,10.630146026611328,0.5402350272019556,2287.0,445.59935768879427,modern_proxy_suspect
2122,True,0.0,0.0,0.0,472.74517822265625,103.67038895825127,487.3456665039063,0.04697105347606089,1644.0,77.64448330089937,weak_ink_support
2123,True,0.17303822937625754,0.42655935613682094,-0.18762575452716299,7.071067810058594,1.5506458531739553,35.82177505493164,0.034000202331386536,2199.0,165.19778433268442,weak_ink_support
2124,True,1.0,1.0,0.04116945107398573,0.0,0.0,0.0,0.04648872626389307,2062.0,119.0063539391923,weak_ink_support
2125,True,0.19162995594713655,0.27312775330396477,-0.053964757709251104,13.45362377166748,2.9503048863458514,30.675724029541016,0.034261188087108756,2051.0,122.42116519432248,weak_ink_support
2127,True,0.38461538461538464,0.5819397993311036,-0.14715719063545146,5.0,1.0964721982782868,10.07950801849365,0.0,,61.65129445318084,weak_ink_support
2151,True,0.6955503512880562,0.7213114754098361,0.23946135831381732,0.0,0.0,21.02379608154297,0.10436272631763857,14.0,520.9905753785167,aligned
2154,True,0.5564853556485355,0.7887029288702929,-0.11192468619246865,2.8284270763397217,0.6202583308128085,13.011521339416504,0.23130630119075302,2003.0,146.5531083534243,weak_ink_support
2155,True,0.6303630363036303,0.7623762376237624,0.031353135313531344,1.0,0.21929443965565734,10.888061332702643,0.018446768753427933,18.0,54.61895249149327,weak_ink_support
2158,True,0.24557522123893805,0.29646017699115046,0.0331858407079646,17.231708526611328,3.778817865652844,29.696800422668456,0.0,,120.31587851965749,weak_ink_support
2159,True,0.5648351648351648,0.6175824175824176,0.16043956043956048,1.0,0.21929443965565734,20.808652877807617,0.028624741554569337,3068.0,148.98448870221685,aligned
2160,True,0.7551020408163265,0.8344671201814059,0.03571428571428559,1.0,0.21929443965565734,11.045360565185547,0.09317699677739777,2110.0,109.09635143155491,weak_ink_support
2162,True,0.665948275862069,0.8599137931034483,0.03663793103448265,1.0,0.21929443965565734,8.0,0.020535356906828187,1969.0,132.80528754133138,weak_ink_support
2164,True,0.5980392156862745,0.6519607843137255,0.19117647058823528,1.0,0.21929443965565734,10.992184257507331,0.024039737043923395,2031.0,109.93600037117695,aligned
2167,True,0.3348115299334812,0.3858093126385809,-0.1252771618625277,7.8102498054504395,1.7127443546569612,20.808652877807617,0.0103743858759414,2621.0,119.17361019539545,weak_ink_support
2168,True,0.5933333333333334,0.7,-0.0477777777777777,2.2360680103302,0.49035728135730183,23.325949668884277,0.20433130788914647,2259.0,118.06993877321003,weak_ink_support
2169,True,0.5181818181818182,0.6090909090909091,-0.022727272727272707,2.8284270763397217,0.6202583308128085,16.278820037841797,0.025598642714841423,2105.0,60.802794475872076,weak_ink_support
2171,True,0.25146198830409355,0.3172514619883041,-0.026315789473684237,19.697715759277344,4.319599539927136,31.14482307434082,0.06398277843651144,2218.0,339.3054941593006,weak_ink_support
2172,True,0.42527173913043476,0.6480978260869565,-0.08254076086956524,4.123105525970459,0.9041741159588362,23.021728515625,0.06033871429473616,1938.0,382.1747825770776,weak_ink_support
2173,True,0.16515837104072398,0.3506787330316742,-0.059389140271493196,10.630146026611328,2.3311319163635438,30.014996337890626,0.09187855010260894,3092.0,110.53539589487787,weak_ink_support
2174,True,0.14150943396226415,0.1957547169811321,-0.024174528301886794,15.231546401977539,3.3401934333108088,42.705618286132804,0.0,,92.00306050132724,weak_ink_support
2175,False,,,,,,,,,,off_plate
2177,True,0.33905579399141633,0.41201716738197425,-0.134656652360515,7.211102485656738,1.5813546788916124,13.45362377166748,0.18494145207981882,2287.0,133.9699341334119,weak_ink_support
2178,True,0.0,0.0,0.0,450.9471435546875,98.89020116014449,464.7590637207031,0.04233439135469848,1644.0,69.69241212876987,weak_ink_support
2179,True,0.2834331337325349,0.49500998003992014,-0.07584830339321358,6.4031243324279785,1.4041695625252986,36.400550842285156,0.03483374877079379,2199.0,169.2650159973614,weak_ink_support
2181,True,0.13808463251670378,0.19599109131403117,-0.0027839643652561308,20.615528106689453,4.520870684361919,30.528675079345703,0.03227734880445349,2051.0,117.75069305973196,weak_ink_support
2183,True,0.41903171953255425,0.6143572621035058,-0.05926544240400666,4.0,0.8771777586226294,14.225752449035664,0.0,,236.42892740398554,weak_ink_support
2210,True,0.5915789473684211,0.8,-0.08210526315789468,2.0,0.4385888793113147,12.806248664855957,0.22728528701247952,2002.0,143.69561517813548,weak_ink_support
2211,True,0.7170418006430869,0.797427652733119,0.04742765273311911,0.0,0.0,9.848857879638672,0.019753424352074143,18.0,59.892476566365374,weak_ink_support
2214,True,0.1394335511982571,0.19172113289760348,0.001089324618736398,23.34523582458496,5.119480408781537,29.0,0.0,,127.02819629006738,weak_ink_support
2215,True,0.5929203539823009,0.7686472819216182,0.13021491782553735,2.2360680103302,0.49035728135730183,13.03840446472168,0.0,,427.7100130295153,aligned
2216,True,0.5028248587570622,0.5423728813559322,-0.02507062146892647,3.0,0.657883318966972,20.007495307922365,0.31337881823796904,2110.0,375.6374972872949,weak_ink_support
2218,True,0.8174097664543525,0.9256900212314225,0.16082802547770703,1.0,0.21929443965565734,5.0,0.014620916171960187,1969.0,139.55347754580035,aligned
2220,True,0.4152744630071599,0.49403341288782815,-0.013723150357995206,6.324555397033691,1.3869398318636668,12.041594505310059,0.02531216288589279,2031.0,118.55591035292882,weak_ink_support
2223,True,0.5068493150684932,0.5354919053549191,-0.09589041095890405,2.8284270763397217,0.6202583308128085,16.6433162689209,0.04093480064120077,2621.0,470.2300486387113,weak_ink_support
2224,True,0.5835189309576837,0.6636971046770601,-0.041759465478841906,2.2360680103302,0.49035728135730183,21.02379608154297,0.14597041953653353,2259.0,117.08036611104811,weak_ink_support
2225,True,0.4628297362110312,0.6067146282973621,-0.021582733812949617,3.605551242828369,0.7906773394458062,17.464248657226562,0.06613221598744254,2112.0,125.9643634078432,weak_ink_support
2227,True,0.45498783454987834,0.5936739659367397,-0.01885644768856448,3.605551242828369,0.7906773394458062,17.8885440826416,0.020488695394454037,2218.0,112.09936442992901,weak_ink_support
2228,True,0.5072463768115942,0.6763285024154589,-0.07367149758454095,3.0,0.657883318966972,21.931713104248047,0.01860482802705241,1938.0,115.0265085972863,weak_ink_support
2229,True,0.3613550815558344,0.5006273525721455,-0.08092848180677537,6.0,1.315766637933944,16.327780151367186,0.42602552836613533,3092.0,464.43952892153305,weak_ink_support
2230,True,0.11287128712871287,0.16435643564356436,-0.0905940594059406,13.892443656921387,3.0465356471923664,50.91553497314454,0.0,,172.78152974612183,weak_ink_support
2231,False,,,,,,,,,,off_plate
2233,True,0.3798449612403101,0.5232558139534884,-0.0625,5.656854152679443,1.240516661625617,12.883163452148438,0.11789359415215117,3341.0,184.67868674392892,weak_ink_support
2234,True,0.0,0.0,0.0,429.24237060546875,94.13046513839227,444.5694580078125,0.03607888622845519,1644.0,77.90182828634221,weak_ink_support
2235,True,0.31542056074766356,0.4205607476635514,0.003504672897196248,10.29563045501709,2.257774511534693,35.81758804321289,0.0198896807810502,2199.0,96.7034018207259,weak_ink_support
2239,True,0.39862542955326463,0.6288659793814433,-0.09707903780068727,5.0,1.0964721982782868,16.124515533447266,0.0,,57.111840780416614,weak_ink_support
2265,False,,,,,,,,,,off_plate
2266,True,0.5282583621683967,0.5767012687427913,0.09054209919261824,2.2360680103302,0.49035728135730183,18.601076126098633,0.2624985520884003,2000.0,534.3529297671186,weak_ink_support
2267,True,0.5248796147672552,0.7592295345104334,0.014044943820224698,3.0,0.657883318966972,10.74229278564454,0.012564127597795188,18.0,267.3447528469608,weak_ink_support
2268,True,0.0,0.0,0.0,342.0409240722656,75.00767278373073,392.73821411132815,0.008308004223287676,2622.0,334.76222800793647,weak_ink_support
2270,True,0.1511111111111111,0.20444444444444446,0.006666666666666682,22.649492263793945,4.966907714473839,29.068883895874023,0.0009147817057448173,3477.0,118.54988347525853,weak_ink_support
2271,True,0.7142857142857143,0.8166666666666667,0.06190476190476202,1.0,0.21929443965565734,6.7082037925720215,0.0,,119.8629835087638,weak_ink_support
2272,True,0.6266666666666667,0.6533333333333333,0.09277777777777785,1.0,0.21929443965565734,21.0,0.08135774684814347,2110.0,118.11196381680855,weak_ink_support
2274,True,0.7644539614561028,0.9486081370449678,0.09903640256959312,0.0,0.0,4.334438705444343,0.006350752908683481,1969.0,135.39386886159556,weak_ink_support
2276,True,0.5333333333333333,0.6428571428571429,0.05595238095238092,2.2360680103302,0.49035728135730183,10.29563045501709,0.02496888104821654,2031.0,119.97560953033965,weak_ink_support
2279,True,0.9561200923787528,1.0,0.02829099307159355,0.0,0.0,2.2360680103302,0.008857518718743415,2621.0,101.74891272686152,weak_ink_support
2280,True,0.5626373626373626,0.6285714285714286,-0.021428571428571463,2.8284270763397217,0.6202583308128085,20.14424324035645,0.13286251394847887,2269.0,123.27917535665384,weak_ink_support
2281,True,0.5787878787878787,0.7242424242424242,0.0553030303030303,2.2360680103302,0.49035728135730183,18.027755737304688,0.06919960729082533,2112.0,61.22082120574716,weak_ink_support
2283,True,0.33147632311977715,0.48746518105849584,-0.15529247910863514,7.071067810058594,1.5506458531739553,18.804227447509763,0.013007657710381293,2218.0,68.94912124144857,weak_ink_support
2284,True,0.4713216957605985,0.6733167082294265,-0.08354114713216959,3.605551242828369,0.7906773394458062,20.615528106689453,0.01734901798907237,1938.0,104.24673638403081,weak_ink_support
2285,True,0.6331096196868009,0.738255033557047,0.06935123042505598,1.0,0.21929443965565734,10.630146026611328,0.12098471453906638,3092.0,115.1754345058359,weak_ink_support
2286,True,0.13151927437641722,0.2834467120181406,-0.0969387755102041,12.649110794067383,2.7738796637273335,37.013511657714844,0.0,,109.8540656020338,weak_ink_support
2287,False,,,,,,,,,,off_plate
2288,True,0.55,0.9,-0.2059523809523809,2.8284270763397217,0.6202583308128085,5.85613279342652,0.016588138286028984,2118.0,132.86286383507908,weak_ink_support
2289,True,0.38344226579520696,0.5446623093681917,-0.12690631808278868,5.656854152679443,1.240516661625617,12.041594505310059,0.16096063942427347,3341.0,127.33433158666654,weak_ink_support
2291,True,0.2096069868995633,0.40829694323144106,-0.10534934497816595,11.180339813232422,2.451786354502641,36.12478256225586,0.026062242396538902,2199.0,126.793927848732,weak_ink_support
2321,False,,,,,,,,,,off_plate
2322,True,0.6497584541062802,0.7294685990338164,0.033816425120772875,1.0,0.21929443965565734,9.848857879638672,0.12151691181176386,2000.0,82.90657875040775,weak_ink_support
2323,True,0.34276729559748426,0.779874213836478,-0.16745283018867935,5.0,1.0964721982782868,7.300000000000011,0.008537625518956213,18.0,64.37360005803158,weak_ink_support
2326,True,0.14221218961625282,0.19187358916478556,0.0005643340857787726,22.671567916870117,4.971748782445212,29.832868576049805,0.006862970429897508,3477.0,111.42584791502934,weak_ink_support
2327,True,0.7194444444444444,0.825,-1.1102230246251565e-16,0.0,0.0,7.071067810058594,0.0,,69.71479058495532,weak_ink_support
2328,True,0.6619433198380567,0.6882591093117408,0.0748987854251012,1.0,0.21929443965565734,22.022714614868164,0.08322663858342301,30.0,162.6479840003812,weak_ink_support
2330,True,0.6371077762619373,0.7735334242837654,0.036493860845839055,1.0,0.21929443965565734,12.0,0.003648608160448035,1969.0,401.0632985817598,weak_ink_support
2331,True,0.2297476759628154,0.2602921646746348,-0.01294820717131473,20.248456954956055,4.440374021828786,30.76676597595216,0.10676913936917608,2213.0,396.19049203491505,weak_ink_support
2335,True,0.9206008583690987,1.0,0.045064377682403345,0.0,0.0,3.0,0.011688653649355776,2621.0,134.27098918189304,weak_ink_support
2337,True,0.5584415584415584,0.6441558441558441,0.03246753246753242,2.0,0.4385888793113147,17.464248657226562,0.1145442824903599,2112.0,102.23909199616861,weak_ink_support
2339,True,0.2674698795180723,0.472289156626506,-0.1933734939759037,6.4031243324279785,1.4041695625252986,18.357559204101562,0.021706701290964366,2218.0,115.36992262972231,weak_ink_support
2340,True,0.4804597701149425,0.6689655172413793,-0.07643678160919548,3.1622776985168457,0.6934699159318334,20.124610900878906,0.07528099419647563,3383.0,131.8129848426938,weak_ink_support
2341,True,0.5730858468677494,0.7447795823665894,0.0017401392111369152,2.0,0.4385888793113147,10.0,0.10444788287310267,3092.0,99.432646007854,weak_ink_support
2342,True,0.21252796420581654,0.348993288590604,-0.03635346756152125,11.661903381347656,2.55739056733105,26.007689666748046,0.0,,115.19307272481281,weak_ink_support
2343,False,,,,,,,,,,off_plate
2344,True,0.6104513064133017,0.9643705463182898,-0.18824228028503565,2.0,0.4385888793113147,5.656854152679443,0.05358336000330602,2118.0,132.88173592608496,weak_ink_support
2345,True,0.47578947368421054,0.5894736842105263,-0.050000000000000044,3.605551242828369,0.7906773394458062,13.265206336975107,0.11157987676001213,3341.0,143.3171738744117,weak_ink_support
2347,True,0.33259911894273125,0.5066079295154186,0.008810572687224683,5.656854152679443,1.240516661625617,36.055511474609375,0.02512620099089095,2199.0,122.32348975493623,weak_ink_support
2348,True,0.21710526315789475,0.2986842105263158,-0.18881578947368421,9.899495124816895,2.1709042362706326,15.842700767517098,0.13602392351800577,2062.0,401.85343489146385,weak_ink_support
2351,True,0.7877492877492878,0.8048433048433048,0.32443019943019946,0.0,0.0,14.142135620117188,0.1273835729932829,2236.0,354.3621027630903,aligned
2377,False,,,,,,,,,,off_plate
2378,True,0.7456896551724138,0.8922413793103449,0.16971982758620696,0.0,0.0,6.962208604812618,0.15194363074372474,1992.0,132.19935243080477,aligned
2379,True,0.5201342281879194,0.9295302013422819,-0.12835570469798663,3.0,0.657883318966972,6.0,0.01626182630274382,18.0,51.224411583811566,weak_ink_support
2382,True,0.24356435643564356,0.2871287128712871,0.10346534653465345,17.0880069732666,3.7473049140344643,31.865327453613283,0.005761890244704134,3477.0,173.264216420261,weak_ink_support
2383,True,0.7208333333333333,0.8291666666666667,0.10069444444444453,0.0,0.0,10.897455978393584,0.0,,368.61754021292427,aligned
2384,True,0.5308151093439364,0.6322067594433399,-0.024850894632206688,2.0,0.4385888793113147,17.11724281311035,0.08495303582989018,30.0,171.1570643305517,weak_ink_support
2386,True,0.4849137931034483,0.5948275862068966,-0.10075431034482751,3.1622776985168457,0.6934699159318334,13.0,0.020911690533635598,1969.0,132.76269684890195,weak_ink_support
2387,True,0.3173076923076923,0.43990384615384615,-0.13341346153846156,7.8102498054504395,1.7127443546569612,30.1162166595459,0.12056125710977598,2201.0,116.12353049484346,weak_ink_support
2388,True,0.6239316239316239,0.6773504273504274,0.2136752136752137,2.0,0.4385888793113147,13.497977924346925,0.03427416580436172,2235.0,159.35041279817793,aligned
2391,True,0.8151447661469933,0.8953229398663697,0.06403118040089084,0.0,0.0,6.4031243324279785,0.010245211248716031,2621.0,117.68974340499666,weak_ink_support
2393,True,0.5037593984962406,0.6416040100250626,-0.06516290726817042,2.8284270763397217,0.6202583308128085,15.033296585083008,0.1255873562386886,2112.0,112.4686342923438,weak_ink_support
2395,True,0.3728813559322034,0.6073446327683616,-0.10875706214689262,5.0,1.0964721982782868,18.867961883544922,0.01264538641880479,2218.0,64.95288977281609,weak_ink_support
2396,True,0.5604651162790698,0.7,-0.06918604651162785,2.8284270763397217,0.6202583308128085,18.788293838500977,0.020728743146268897,1938.0,128.26866529783547,weak_ink_support
2397,True,0.4371584699453552,0.6193078324225865,-0.07741347905282331,4.123105525970459,0.9041741159588362,12.529964447021484,0.05461104865737273,3092.0,217.4223839725195,weak_ink_support
2398,True,0.49330357142857145,0.6071428571428571,0.0541294642857143,3.1622776985168457,0.6934699159318334,14.764822959899902,0.0,,116.25480328630273,weak_ink_support
2399,False,,,,,,,,,,off_plate
2400,True,0.9716981132075472,1.0,0.1798349056603774,0.0,0.0,2.8284270763397217,0.031006545377149884,2068.0,135.24244575524654,aligned
2401,True,0.43820224719101125,0.7033707865168539,-0.1297752808988763,3.605551242828369,0.7906773394458062,12.529964447021484,0.04953416290641825,2271.0,113.520761033312,weak_ink_support
2403,True,0.32653061224489793,0.3832199546485261,0.022108843537414935,10.630146026611328,2.3311319163635438,35.608985900878906,0.022506828042547566,2199.0,109.63589472637956,weak_ink_support
2404,True,0.3368237347294939,0.49214659685863876,-0.11212914485165792,6.082762718200684,1.3339160418461422,13.416407585144043,0.09896309426944344,2062.0,246.62247688556636,weak_ink_support
2407,True,0.2076923076923077,0.24358974358974358,0.12115384615384617,14.370013236999512,3.151264000652187,42.42640686035156,0.04929850517099457,2236.0,94.37507946270827,weak_ink_support
2433,False,,,,,,,,,,off_plate
2434,True,0.7554585152838428,0.9061135371179039,0.125,1.0,0.21929443965565734,5.466671562194827,0.1765943114284783,1992.0,126.16218396571594,aligned
2435,True,0.726984126984127,1.0,-0.07857142857142863,2.0,0.4385888793113147,4.4721360206604,0.021188906675041665,18.0,62.487758938181166,weak_ink_support
2440,True,0.5655913978494623,0.6150537634408603,-0.05752688172043019,1.0,0.21929443965565734,13.0,0.061719115254870956,30.0,133.08948686427613,weak_ink_support
2441,False,,,,,,,,,,off_plate
2443,True,0.36989795918367346,0.49744897959183676,-0.06441326530612251,6.324555397033691,1.3869398318636668,30.47293281555176,0.07348906278602457,3243.0,96.78102731055897,weak_ink_support
2444,True,0.7478753541076487,0.7847025495750708,0.3271954674220963,1.0,0.21929443965565734,14.735389137268074,0.01349144527262984,2235.0,64.20681670562213,aligned
2449,True,0.6180904522613065,0.7236180904522613,0.061557788944723635,1.0,0.21929443965565734,13.34166431427002,0.11288617815448165,2112.0,111.96571795801766,weak_ink_support
2451,True,0.5073891625615764,0.6354679802955665,-0.003694581280788145,3.0,0.657883318966972,19.10497283935547,0.020974927666406202,2218.0,108.24381295242877,weak_ink_support
2452,True,0.6372549019607843,0.7205882352941176,0.009803921568627416,1.4142135381698608,0.31012916540640423,18.027755737304688,0.03452828639460952,1935.0,109.35858340062357,weak_ink_support
2453,True,0.3448275862068966,0.47126436781609193,-0.03505747126436776,6.7082037925720215,1.471071791788037,18.027755737304688,0.1184119729188189,2192.0,103.63199563225278,weak_ink_support
2454,True,0.5514223194748359,0.6892778993435449,0.137308533916849,2.0,0.4385888793113147,12.649110794067383,0.0,,125.65644187881642,aligned
2455,False,,,,,,,,,,off_plate
2456,True,0.9124423963133641,0.9976958525345622,0.0766129032258065,0.0,0.0,3.0,0.03246904672797397,2068.0,141.62149434643732,weak_ink_support
2457,True,0.3085234093637455,0.47058823529411764,-0.22899159663865548,6.4031243324279785,1.4041695625252986,13.0,0.22224182780545437,2271.0,500.6950458287029,weak_ink_support
2459,True,0.17964071856287425,0.2554890219560878,-0.15868263473053892,11.401754379272461,2.5003413376939916,35.80502700805664,0.03465099166717062,2199.0,168.91073293496368,weak_ink_support
2460,True,0.5121359223300971,0.5728155339805825,0.09041262135922329,2.8284270763397217,0.6202583308128085,13.412101840972914,0.04678780249144193,2062.0,113.02190265397203,weak_ink_support
2463,True,0.5520304568527918,0.5685279187817259,0.30710659898477155,0.0,0.0,57.33584289550782,0.14027961973837805,2236.0,425.1644395659809,aligned
2489,False,,,,,,,,,,off_plate
2490,True,0.7315573770491803,0.8852459016393442,0.06506147540983609,1.0,0.21929443965565734,6.324555397033691,0.19531369794599626,1994.0,155.81639331234237,weak_ink_support
2491,True,0.9933774834437086,1.0,0.17798013245033117,0.0,0.0,2.0,0.018325122048952532,18.0,54.04699106452223,aligned
2493,True,0.7008547008547008,1.0,0.11396011396011396,2.2360680103302,0.49035728135730183,3.605551242828369,0.1555931712762152,3111.0,75.13752245951986,aligned
2495,True,0.6310160427807486,0.8270944741532977,0.19117647058823528,2.2360680103302,0.49035728135730183,9.219544410705566,0.007613847295101758,3.0,226.39091864469074,aligned
2496,True,0.6604046242774566,0.7673410404624278,0.05130057803468213,0.0,0.0,18.23453559875488,0.08917061862321268,30.0,359.39403429569717,weak_ink_support
2498,True,0.37259100642398285,0.5203426124197003,-0.023019271948608144,5.656854152679443,1.240516661625617,26.248809814453125,0.1151437910388861,2155.0,158.9658666842388,weak_ink_support
2499,True,0.4801980198019802,0.5445544554455446,0.09962871287128716,3.605551242828369,0.7906773394458062,29.34946708679199,0.10618203795916215,3243.0,106.33051311115062,weak_ink_support
2500,True,0.7636363636363637,0.7922077922077922,0.26168831168831175,1.0,0.21929443965565734,11.366535949707034,0.018855062210964803,2235.0,90.95878041689859,aligned
2505,True,0.4573170731707317,0.551829268292683,-0.028201219512195064,4.4721360206604,0.9807145627146037,12.165525436401367,0.27561995437706394,2064.0,59.39961537121445,weak_ink_support
2507,True,0.5055555555555555,0.575,0.04930555555555555,3.0,0.657883318966972,20.248456954956055,0.013784808590200709,2218.0,69.88060004597733,weak_ink_support
2509,True,0.46277665995975853,0.5593561368209256,0.035211267605633756,4.123105525970459,0.9041741159588362,14.682559394836437,0.32707730648418565,2192.0,165.54912770618955,weak_ink_support
2512,True,0.9156626506024096,1.0,0.009638554216867434,0.0,0.0,3.0,0.029588176310917893,2068.0,129.05589065316917,weak_ink_support
2513,True,0.5621052631578948,0.6526315789473685,-0.012631578947368327,2.2360680103302,0.49035728135730183,12.727922439575195,0.0697110017986859,2271.0,143.397540223258,weak_ink_support
2515,True,0.2,0.36818181818181817,-0.16988636363636367,9.219544410705566,2.0217948254261247,34.65544509887695,0.022265305281192374,2199.0,108.60298949711213,weak_ink_support
2516,True,0.3393574297188755,0.41365461847389556,0.03212851405622491,9.219544410705566,2.0217948254261247,15.57559404373169,0.02836770084843477,2062.0,184.71678925125508,weak_ink_support
2518,True,0.6161616161616161,0.6626262626262627,0.17575757575757572,0.0,0.0,17.47092056274416,0.34288164826760714,2284.0,153.00804699260036,aligned
2519,True,0.2860824742268041,0.3402061855670103,0.03930412371134018,21.261486053466797,4.662525670341575,55.253945159912114,0.02823783921425612,2236.0,92.89021114235297,weak_ink_support
2545,False,,,,,,,,,,off_plate
2546,True,0.5444444444444444,0.7129629629629629,-0.10555555555555562,2.1180338859558105,0.46447305419237395,8.485280990600586,0.07279666564906084,2029.0,208.0187197588693,weak_ink_support
2547,True,0.6687898089171974,0.9617834394904459,-0.04219745222929927,0.0,0.0,5.0,0.020648338982518475,18.0,62.29442915973832,weak_ink_support
2549,True,0.7323943661971831,1.0,0.1563380281690141,1.4142135381698608,0.31012916540640423,3.605551242828369,0.24050142357200682,2147.0,80.54300100016206,aligned
2552,True,0.4666666666666667,0.5839080459770115,-0.012643678160919491,4.0,0.8771777586226294,24.041629791259766,0.04298515650482347,30.0,103.0827974523383,weak_ink_support
2554,True,0.2570694087403599,0.5681233933161953,-0.16645244215938304,5.0,1.0964721982782868,27.58622932434082,0.3191671157130421,2096.0,417.4465219570328,weak_ink_support
2555,True,0.28735632183908044,0.3218390804597701,0.053520114942528674,28.319604873657227,6.210331882038284,43.029056549072266,0.1797389657963501,2227.0,349.2999706825214,weak_ink_support
2559,True,0.3879093198992443,0.5566750629722922,-0.0031486146095718315,5.0,1.0964721982782868,25.70992088317871,0.0,,100.25260291225486,weak_ink_support
2561,True,0.4307692307692308,0.5076923076923077,-0.013076923076923042,5.656854152679443,1.240516661625617,12.206555366516113,0.27978743314637317,2064.0,57.28027772067135,weak_ink_support
2563,True,0.4632768361581921,0.5734463276836158,5.551115123125783e-17,4.061553001403809,0.8906759895746016,20.248456954956055,0.00404151153712791,2218.0,65.16005204715977,weak_ink_support
2565,True,0.586864406779661,0.690677966101695,-0.013771186440677985,0.0,0.0,9.848857879638672,0.003686426917094759,2193.0,140.76904179688958,weak_ink_support
2566,True,0.2775330396475771,0.42290748898678415,-0.05892070484581502,7.8102498054504395,1.7127443546569612,17.804492950439453,0.0,,121.91963330571657,weak_ink_support
2568,True,0.9760348583877996,1.0,0.15305010893246185,0.0,0.0,2.0,0.03050299698744184,2068.0,158.44675909735957,aligned
2569,True,0.6411889596602972,0.7091295116772823,0.13959660297239918,1.0,0.21929443965565734,14.866068840026855,0.07814466728486348,2271.0,139.2377825579189,aligned
2571,True,0.18908382066276802,0.44834307992202727,-0.19980506822612087,6.7082037925720215,1.471071791788037,33.30165100097656,0.027976878046108336,2199.0,180.9517673073473,weak_ink_support
2572,True,0.20388349514563106,0.2912621359223301,-0.08919902912621355,10.998497009277344,2.4119092387038985,17.492855072021484,0.0,,112.80694566955673,weak_ink_support
2574,True,0.36082474226804123,0.5072164948453608,-0.02113402061855668,5.830951690673828,1.278695283665525,24.041629791259766,0.3329366825012742,2284.0,148.66876658093227,weak_ink_support
2575,True,0.23948220064724918,0.3851132686084142,-0.1383495145631068,10.630146026611328,2.3311319163635438,47.7643844604492,0.15591738561038535,2236.0,540.8113915703814,weak_ink_support
2600,True,0.6278825995807128,0.7966457023060797,0.07075471698113212,2.0,0.4385888793113147,8.062257766723633,0.326254739920057,2104.0,621.4992052640931,weak_ink_support
2601,False,,,,,,,,,,off_plate
2602,True,0.47285464098073554,0.6830122591943958,-0.16812609457092825,3.605551242828369,0.7906773394458062,8.246211051940918,0.08078241039930484,2029.0,239.10431838728528,weak_ink_support
2603,True,0.7457627118644068,0.9806295399515739,-0.005447941888619856,1.0,0.21929443965565734,4.0,0.03841679643829066,18.0,128.13105584213,weak_ink_support
2605,True,0.6130952380952381,0.9940476190476191,0.07068452380952384,2.0,0.4385888793113147,5.0,0.3286697411323542,3206.0,66.64496177399585,weak_ink_support
2606,True,0.13359528487229863,0.16306483300589392,-0.10166994106090374,12.806248664855957,2.808339125050597,35.88861999511718,0.023851880204075065,3477.0,177.4954060272594,weak_ink_support
2607,True,0.9738219895287958,1.0,0.4312827225130891,0.0,0.0,2.2360680103302,0.015797705435409492,3.0,106.90650101870268,aligned
2608,True,0.46153846153846156,0.5746606334841629,-0.016968325791855143,4.0,0.8771777586226294,31.78049659729004,0.04566556232855331,30.0,110.84184870109792,weak_ink_support
2610,True,0.5197278911564626,0.7333333333333333,-0.020408163265306145,2.2360680103302,0.49035728135730183,9.219544410705566,0.3660955222986866,2106.0,381.32303239651895,weak_ink_support
2611,True,0.47380410022779046,0.530751708428246,0.03644646924829159,4.4721360206604,0.9807145627146037,34.65833053588867,0.20176770066380917,2227.0,135.05036658780492,weak_ink_support
2612,True,0.2864721485411141,0.3209549071618037,-0.02155172413793105,9.848857879638672,2.159799769963568,34.724267578125016,0.07587451998103037,2235.0,397.2698135695256,weak_ink_support
2615,True,0.4338235294117647,0.6176470588235294,-0.07291666666666663,4.29762077331543,0.94244433933672,23.76972770690918,0.0,,109.34746602596068,weak_ink_support
2616,True,0.6778947368421052,0.7010526315789474,0.03368421052631576,1.4142135381698608,0.31012916540640423,22.847318649291992,0.20936768890075244,2273.0,145.47439433648066,weak_ink_support
2617,True,0.6615384615384615,0.7169230769230769,0.1284615384615384,1.0,0.21929443965565734,13.0,0.2202604568319319,2064.0,57.15820319568737,aligned
2619,True,0.5218508997429306,0.6118251928020566,0.07969151670951163,2.2360680103302,0.49035728135730183,19.809078979492188,0.0,,93.67336458642183,weak_ink_support
2621,True,0.7528089887640449,0.8134831460674158,0.0786516853932584,0.0,0.0,10.198039054870605,0.09625685139753798,2193.0,113.33276915472818,weak_ink_support
2622,True,0.2777777777777778,0.38666666666666666,-0.03555555555555556,8.485280990600586,1.8607749401545566,19.697715759277344,0.015560289419460468,3227.0,118.2114042459676,weak_ink_support
2624,True,0.36936936936936937,0.4174174174174174,0.0015015015015015232,12.0,2.631533275867888,24.041629791259766,0.009200608875074973,2108.0,77.53139795507458,weak_ink_support
2625,True,0.5,0.5614406779661016,0.026483050847457612,3.081138849258423,0.6756766174494028,13.45362377166748,0.07607941369508768,2271.0,140.08666189770574,weak_ink_support
2627,True,0.1643192488262911,0.5305164319248826,-0.25176056338028174,5.656854152679443,1.240516661625617,31.320817947387695,0.04528950286614335,2191.0,94.7486572430538,weak_ink_support
2628,True,0.20047169811320756,0.28773584905660377,-0.18573113207547173,9.848857879638672,2.159799769963568,14.078011512756346,0.0,,122.99070352876524,weak_ink_support
2630,True,0.35578947368421054,0.4863157894736842,0.005789473684210511,6.7082037925720215,1.471071791788037,24.041629791259766,0.17251210222338398,2256.0,144.36242823552385,weak_ink_support
2631,True,0.4514285714285714,0.6152380952380953,-0.048095238095238135,4.4721360206604,0.9807145627146037,12.727922439575195,0.28245077460809354,2224.0,206.59564393261138,weak_ink_support
2656,True,0.7079107505070994,0.7809330628803245,0.024340770791074995,1.0,0.21929443965565734,12.328558731079104,0.13344131752697475,2152.0,161.4815762286776,weak_ink_support
2657,False,,,,,,,,,,off_plate
2659,True,1.0,1.0,0.16584967320261434,0.0,0.0,2.0,0.011354125611531605,18.0,56.5184774257849,aligned
2661,True,0.45135135135135135,0.7594594594594595,-0.08175675675675681,3.605551242828369,0.7906773394458062,9.475468635559091,0.2749398167177612,2136.0,90.13261456104462,weak_ink_support
2662,True,0.36730769230769234,0.4423076923076923,0.14326923076923082,9.219544410705566,2.0217948254261247,35.84689712524414,0.02266827649803351,3477.0,187.80840525166371,weak_ink_support
2664,True,0.437636761487965,0.5076586433260394,-0.05470459518599563,5.830951690673828,1.278695283665525,26.28486595153811,0.0509534880220169,30.0,125.16157389066201,weak_ink_support
2666,True,0.6584766584766585,0.7813267813267813,0.07800982800982803,1.4142135381698608,0.31012916540640423,10.0,0.13925078493012713,2155.0,108.47881113589614,weak_ink_support
2667,True,0.41153342070773263,0.5504587155963303,-0.0019659239842725884,5.0,1.0964721982782868,33.60059356689453,0.30638617676748514,2230.0,404.94768482695434,weak_ink_support
2668,True,0.2802056555269923,0.30848329048843187,0.025064267352185032,12.727922439575195,2.79116261936731,30.45314140319824,0.020939773758664543,2235.0,94.13717128382956,weak_ink_support
2671,True,0.45714285714285713,0.6309523809523809,-0.04285714285714287,4.0,0.8771777586226294,17.52059936523439,0.02209512974034721,2306.0,119.44859005202075,weak_ink_support
2672,True,0.6173570019723866,0.6410256410256411,0.033530571992110514,1.0,0.21929443965565734,24.71436004638672,0.23089967392619562,2282.0,175.4147436651311,weak_ink_support
2673,True,0.5739644970414202,0.6183431952662722,0.10207100591715978,1.4142135381698608,0.31012916540640423,23.421919250488283,0.40146962768540406,2100.0,66.83399710274499,aligned
2675,True,0.4976958525345622,0.5852534562211982,0.09792626728110604,3.1622776985168457,0.6934699159318334,21.07365436553955,0.0,,131.05755171893753,weak_ink_support
2677,True,0.7721238938053098,0.827433628318584,0.05530973451327437,0.0,0.0,10.198039054870605,0.10301008401133444,2193.0,120.37572177541715,weak_ink_support
2678,True,0.14505494505494507,0.1978021978021978,-0.028021978021978006,14.21267032623291,3.116759575201835,24.166091918945312,0.0,,122.86458890084478,weak_ink_support
2680,True,0.4746268656716418,0.5522388059701493,-0.08656716417910448,4.0,0.8771777586226294,15.0,0.00939989587067676,2108.0,77.27648722718297,weak_ink_support
2681,True,0.43254817987152033,0.5096359743040685,-0.12419700214132762,5.656854152679443,1.240516661625617,12.806248664855957,0.06318418241888746,2271.0,135.4175803906963,weak_ink_support
2683,True,0.20734341252699784,0.42116630669546434,-0.13390928725701945,7.8102498054504395,1.7127443546569612,30.76676597595215,0.06270034548719891,2191.0,131.17329993985766,weak_ink_support
2684,True,0.21307506053268765,0.4116222760290557,-0.33595641646489105,7.071067810058594,1.5506458531739553,10.630146026611328,0.0,,113.66756658071067,weak_ink_support
2687,True,0.47293447293447294,0.6125356125356125,-0.007478632478632508,3.1622776985168457,0.6934699159318334,13.311338329315179,0.35094500664621375,2224.0,353.75111097600103,weak_ink_support
2712,True,0.727906976744186,0.8023255813953488,0.000581395348837277,2.0,0.4385888793113147,15.033296585083008,0.08023036449781268,2152.0,98.09981749012245,weak_ink_support
2715,True,0.847457627118644,1.0,0.08305084745762703,0.0,0.0,4.123105525970459,0.006995724259256839,18.0,49.43286597520291,weak_ink_support
2717,True,0.4765432098765432,0.6246913580246913,-0.09012345679012346,3.605551242828369,0.7906773394458062,9.219544410705566,0.237999273293129,2125.0,113.07460164786764,weak_ink_support
2718,True,0.5809312638580931,0.6651884700665188,0.2444567627494456,1.0,0.21929443965565734,14.317821502685547,0.014639517636665593,3477.0,119.77690575408018,aligned
2719,True,0.7679738562091504,0.9183006535947712,0.27859477124183013,0.0,0.0,5.830951690673828,0.008417699408327033,3.0,56.69104123764364,aligned
2720,True,0.6197802197802198,0.7626373626373626,0.0483516483516484,1.4142135381698608,0.31012916540640423,10.26418399810792,0.041839273751864484,30.0,123.80993333673356,weak_ink_support
2722,True,0.45933014354066987,0.7990430622009569,-0.12858851674641153,3.605551242828369,0.7906773394458062,7.8102498054504395,0.15287216132544004,2155.0,117.80988949762894,weak_ink_support
2723,True,0.6755447941888619,0.8523002421307506,0.026029055690072633,1.4142135381698608,0.31012916540640423,9.899495124816895,0.2744667033561064,2230.0,113.72907398998917,weak_ink_support
2724,True,0.29876543209876544,0.32839506172839505,0.09938271604938273,13.601470947265625,2.982726949873318,30.45322608947754,0.024170575016215633,2235.0,107.3424790933629,weak_ink_support
2728,True,0.5749486652977412,0.6036960985626283,0.015400410677618104,1.4142135381698608,0.31012916540640423,21.189620971679688,0.27807141136532637,2274.0,154.6506547056716,weak_ink_support
2731,True,0.5260663507109005,0.5781990521327014,0.13388625592417058,2.2360680103302,0.49035728135730183,22.472204208374023,0.0,,121.37479650569848,aligned
2733,True,0.5257510729613734,0.6201716738197425,0.04452789699570814,2.2360680103302,0.49035728135730183,19.84943389892578,0.12145175843772182,2187.0,134.07405059233542,weak_ink_support
2734,True,0.25854700854700857,0.344017094017094,-0.0010683760683760646,12.020797729492188,2.6360941023029874,26.0,0.0,,136.52835427440684,weak_ink_support
2736,True,0.6265060240963856,0.6626506024096386,-0.017319277108433728,1.0,0.21929443965565734,15.270681953430184,0.005341258803504945,2118.0,74.11499599241235,weak_ink_support
2737,True,0.5748373101952278,0.6572668112798264,-0.08297180043383945,0.0,0.0,12.041594505310059,0.06487029780199388,2271.0,129.60002746447145,weak_ink_support
2738,True,0.0,0.0,0.0,487.9395446777344,107.00242903594035,519.9865112304688,0.2996052138082895,1608.0,125.92290968120837,weak_ink_support
2739,True,0.1803921568627451,0.2607843137254902,-0.1627450980392157,10.0,2.1929443965565736,29.4108829498291,0.08536161616847615,2191.0,178.58218792916492,weak_ink_support
2740,True,0.5472154963680388,0.8619854721549637,0.05569007263922521,2.2360680103302,0.49035728135730183,6.4031243324279785,0.0,,113.60254876492527,weak_ink_support
2743,True,0.7009803921568627,0.8406862745098039,0.15808823529411753,1.4142135381698608,0.31012916540640423,7.3808088779449506,0.0367603556537609,2236.0,109.59200978175112,aligned
2768,True,0.6784922394678492,0.7738359201773836,0.04490022172949004,2.0,0.4385888793113147,16.124515533447266,0.09665918721563731,2152.0,119.58422954902386,weak_ink_support
2770,True,1.0,1.0,0.36588541666666674,0.0,0.0,1.0,0.02801027227109677,23.0,105.41634490409744,aligned
2771,True,0.5929203539823009,0.7101769911504425,-0.015486725663716783,1.0,0.21929443965565734,12.369317054748535,0.0009237300284881964,18.0,153.47015131084132,weak_ink_support
2773,True,0.6235294117647059,0.7941176470588235,-0.01911764705882346,1.4142135381698608,0.31012916540640423,7.8102498054504395,0.18633002206798238,2125.0,58.19700706754183,weak_ink_support
2774,True,0.2693156732891832,0.3818984547461369,-0.0916114790286976,8.246211051940918,1.8083482319176725,14.866068840026855,0.014804125219735167,3477.0,121.51782163112752,weak_ink_support
2775,True,0.780564263322884,0.9843260188087775,0.29937304075235105,0.0,0.0,4.4721360206604,0.009620490792343355,3.0,65.32960078053468,aligned
2776,True,0.7015590200445434,0.8463251670378619,0.05456570155901996,1.0,0.21929443965565734,8.30576953887939,0.023220728255574495,30.0,117.2802436874033,weak_ink_support
2778,True,0.5419664268585132,0.8249400479616307,-0.10731414868105515,2.8284270763397217,0.6202583308128085,7.071067810058594,0.10870399459864662,2127.0,116.9520042225864,weak_ink_support
2779,True,0.49406175771971494,0.5771971496437055,0.04275534441805223,3.605551242828369,0.7906773394458062,13.03840446472168,0.15221823854702377,2204.0,120.44226978157037,weak_ink_support
2780,True,0.21767241379310345,0.36637931034482757,-0.002155172413793066,14.866068840026855,3.2600462361561173,29.73213768005371,0.035283611673929634,2235.0,156.03779273760924,weak_ink_support
2784,True,0.46296296296296297,0.5679012345679012,-0.09053497942386829,5.0,1.0964721982782868,21.470911026000977,0.26756473928580965,2278.0,150.29968814533078,weak_ink_support
2787,True,0.49504950495049505,0.5495049504950495,0.14789603960396042,3.605551242828369,0.7906773394458062,22.825424194335938,0.06580139723839383,2217.0,105.99614324389935,weak_ink_support
2789,True,0.15570175438596492,0.3442982456140351,-0.12061403508771926,10.79349136352539,2.3669526404924777,20.615528106689453,0.12184794706775874,2187.0,124.66411841700351,weak_ink_support
2790,True,0.48851774530271397,0.5782881002087683,0.0798538622129436,4.0,0.8771777586226294,24.515300750732422,0.0,,146.87382867189527,weak_ink_support
2792,True,0.5748502994011976,0.7365269461077845,-0.1010479041916168,2.532247543334961,0.5553078060850551,12.165525436401367,0.007493024081868929,2118.0,74.76184649395086,weak_ink_support
2793,True,0.4697986577181208,0.7114093959731543,-0.08724832214765099,3.605551242828369,0.7906773394458062,9.848857879638672,0.06488195250728668,2271.0,114.94355925805633,weak_ink_support
2794,True,0.0,0.0,0.0,469.7371520996094,103.01074555512814,502.8578186035156,0.24099871986893823,1608.0,138.59801430270676,weak_ink_support
2795,True,0.4411764705882353,0.7378516624040921,-0.24264705882352944,3.605551242828369,0.7906773394458062,9.899495124816895,0.18943701418586217,2191.0,449.97401194125433,weak_ink_support
2796,True,0.7774936061381074,0.8925831202046036,0.31713554987212267,0.0,0.0,6.082762718200684,0.0,,95.67492021807018,aligned
2799,True,0.8564102564102564,0.9205128205128205,0.25384615384615383,1.0,0.21929443965565734,5.0,0.03247518722545889,2236.0,95.00805601905451,aligned
2824,True,0.4368556701030928,0.5489690721649485,-0.03479381443298968,5.0,1.0964721982782868,18.027755737304688,0.2662549957843556,3121.0,443.25661006976605,weak_ink_support
2826,True,0.39267015706806285,0.5130890052356021,0.01570680628272253,5.385164737701416,1.1809366836076371,20.615528106689453,0.012984902358422867,23.0,101.81379389098579,weak_ink_support
2827,True,0.6439024390243903,0.7634146341463415,-0.028048780487804792,1.0,0.21929443965565734,9.219544410705566,0.012120478378809321,18.0,125.56632748886068,weak_ink_support
2829,True,0.5248380129589633,0.6263498920086393,-0.0523758099352053,2.2360680103302,0.49035728135730183,9.044308471679688,0.3616332215688786,2146.0,155.56802573312424,weak_ink_support
2830,True,0.17261904761904762,0.24404761904761904,-0.07242063492063494,11.553226470947266,2.5335583251612883,34.65544509887695,0.02063775083958192,3477.0,171.72601895862263,weak_ink_support
2831,True,0.32407407407407407,0.5648148148148148,-0.16820987654320996,5.385164737701416,1.1809366836076371,11.661903381347656,0.010014840383128118,3.0,68.44978161879624,weak_ink_support
2832,True,0.5124716553287982,0.6031746031746031,-0.024376417233559988,3.0,0.657883318966972,20.2237491607666,0.05240990196540749,2166.0,109.07981562159911,weak_ink_support
2834,True,0.7103594080338267,0.7653276955602537,-0.0258985200845665,0.0,0.0,9.219544410705566,0.14512951265376473,2127.0,163.59446121518096,weak_ink_support
2835,True,0.4515366430260047,0.5697399527186762,-0.013002364066193872,4.123105525970459,0.9041741159588362,13.601470947265625,0.3434109406462954,2204.0,122.10896760706618,weak_ink_support
2836,True,0.24719101123595505,0.34269662921348315,0.03651685393258425,17.69180679321289,3.879714857213773,31.827661514282227,0.015100969293968885,2235.0,66.7823333564902,weak_ink_support
2839,True,0.7063758389261745,0.8204697986577181,0.2348993288590604,1.0,0.21929443965565734,12.041594505310059,0.08805804852906379,2306.0,265.5667891848022,aligned
2840,True,0.43359375,0.580078125,-0.14404296875,4.4721360206604,0.9807145627146037,16.152396774291994,0.14543899434761395,2279.0,175.64466886973239,weak_ink_support
2842,False,,,,,,,,,,off_plate
2843,True,0.4730077120822622,0.532133676092545,0.11311053984575836,4.242640495300293,0.9303874700772783,23.77355728149414,0.13346874345562565,2207.0,93.58197959288158,weak_ink_support
2845,True,0.3829145728643216,0.45025125628140705,0.09849246231155784,7.071067810058594,1.5506458531739553,31.202528762817384,0.43358556743374826,2187.0,694.9774126325417,weak_ink_support
2848,True,0.7154929577464789,1.0,-0.07605633802816891,1.0,0.21929443965565734,5.0,0.021496408277932363,2118.0,90.45107050326813,weak_ink_support
2849,True,0.4971537001897533,0.6963946869070209,0.037476280834914555,3.1622776985168457,0.6934699159318334,10.29563045501709,0.155307296883978,2288.0,195.40458210474148,weak_ink_support
2851,True,0.7522727272727273,0.8590909090909091,-0.06079545454545443,1.0,0.21929443965565734,7.071067810058594,0.04604645560554861,2191.0,108.7139313468995,weak_ink_support
2852,True,0.5341463414634147,0.6731707317073171,0.04146341463414632,2.8284270763397217,0.6202583308128085,11.313708305358887,0.0,,111.313425072897,weak_ink_support
2855,True,1.0,1.0,0.3543526785714286,0.0,0.0,1.4142135381698608,0.04909278042522759,2236.0,142.8206278792054,aligned
2880,True,0.5651162790697675,0.686046511627907,-0.02383720930232558,2.0,0.4385888793113147,10.0,0.13183086638500877,3121.0,98.1864544891606,weak_ink_support
2883,True,0.35962145110410093,0.4353312302839117,0.004731861198738141,8.9442720413208,1.9614291254292073,30.21545562744142,0.01926350247571577,18.0,64.07946007164527,weak_ink_support
2886,True,0.2547683923705722,0.3801089918256131,-0.09400544959128065,8.5440034866333,1.8736524570172322,27.658634185791016,0.04533300581323293,3477.0,402.10284812131573,weak_ink_support
2887,True,0.49375,0.54375,-0.10859374999999993,3.1622776985168457,0.6934699159318334,12.041594505310059,0.0019050232074838192,3.0,65.88639736647099,weak_ink_support
2888,True,0.5152671755725191,0.6354961832061069,0.016698473282442727,3.0,0.657883318966972,21.02379608154297,0.08955229656876074,2166.0,191.93678807234122,weak_ink_support
2890,True,0.7536945812807881,0.7881773399014779,0.051724137931034586,0.0,0.0,11.313708305358887,0.03458445661119867,2168.0,108.12242053842445,weak_ink_support
2891,True,0.3952802359882006,0.5353982300884956,0.04646017699115046,5.0,1.0964721982782868,24.413110733032227,0.2976127518193036,2213.0,334.0960866242862,weak_ink_support
2892,True,0.1902439024390244,0.32682926829268294,-0.04695121951219511,18.734519958496094,4.10837605651613,31.94639053344728,0.02508967890840665,2235.0,110.95627492850434,weak_ink_support
2895,True,0.5704225352112676,0.7863849765258216,0.03755868544600938,2.532247543334961,0.5553078060850551,9.848857879638672,0.04780234008753353,2306.0,124.41479776950823,weak_ink_support
2899,True,0.4801980198019802,0.5371287128712872,0.10829207920792078,4.242640495300293,0.9303874700772783,24.083189010620117,0.10421081152060803,2207.0,106.16772269288057,weak_ink_support
2901,True,0.6673189823874756,0.7279843444227005,0.27250489236790615,1.0,0.21929443965565734,17.804492950439453,0.0755772191183149,2187.0,178.83088427721037,aligned
2904,True,0.6985915492957746,1.0,-0.09014084507042264,1.4142135381698608,0.31012916540640423,4.242640495300293,0.03631117043071896,2118.0,90.5707927702597,weak_ink_support
2907,True,0.8171557562076749,0.8487584650112867,0.012979683972911826,0.0,0.0,7.8102498054504395,0.04771979648950764,2191.0,111.6779103119998,weak_ink_support
2908,True,0.6046228710462287,0.7177615571776156,0.11678832116788318,1.4142135381698608,0.31012916540640423,20.808652877807617,0.0,,453.7138003168453,aligned
2909,True,0.1898989898989899,0.32323232323232326,-0.04242424242424242,15.231546401977539,3.3401934333108088,18.788293838500977,0.10269051032383615,16.0,162.85185832958763,weak_ink_support
2936,True,0.515625,0.6986607142857143,-0.0457589285714286,3.0,0.657883318966972,8.246211051940918,0.2489615834143808,2078.0,116.03275515950367,weak_ink_support
2939,True,0.04716981132075472,0.09748427672955975,-0.05581761006289308,27.73084831237793,6.08122084183895,49.648765563964844,0.02196023688391603,18.0,64.76247263120298,weak_ink_support
2941,True,0.4932975871313673,0.6193029490616622,0.02278820375335122,3.605551242828369,0.7906773394458062,12.041594505310059,0.3801851266794671,2125.0,87.15182336604943,weak_ink_support
2942,True,0.40401785714285715,0.5133928571428571,-0.01339285714285715,5.656854152679443,1.240516661625617,18.384777069091797,0.00828139707550438,3477.0,116.5712335988276,weak_ink_support
2943,True,0.9904761904761905,1.0,0.12777777777777777,0.0,0.0,2.2360680103302,0.0,,62.45320785854665,aligned
2944,True,0.4279379157427938,0.5144124168514412,-0.0060975609756097615,5.099019527435303,1.1181866300621794,21.02379608154297,0.0545375317866671,2166.0,119.6844879102967,weak_ink_support
2946,True,0.6938775510204082,0.7806122448979592,0.022321428571428492,0.0,0.0,12.806248664855957,0.029850338993837423,2168.0,96.79141405262793,weak_ink_support
2947,True,0.2556818181818182,0.4744318181818182,-0.09303977272727276,6.889636039733887,1.510858874764865,24.041629791259766,0.06480300616231455,2213.0,63.340059586906854,weak_ink_support
2948,True,0.18961038961038962,0.35454545454545455,-0.11818181818181817,8.062257766723633,1.7680082993131305,24.041629791259766,0.05051705076014636,2235.0,410.5851078487929,weak_ink_support
2950,True,0.3310696095076401,0.43463497453310695,-0.04456706281833611,15.55634880065918,3.411420793328512,44.59820556640625,0.0,,260.45671149042215,weak_ink_support
2951,True,0.36982968369829683,0.46228710462287104,-0.1563260340632604,7.211102485656738,1.5813546788916124,11.401754379272461,0.043152643787637536,2306.0,112.31306752404569,weak_ink_support
2952,True,0.3392156862745098,0.41568627450980394,0.02990196078431373,9.848857879638672,2.159799769963568,16.6433162689209,0.21584469808481407,2279.0,174.7043775571206,weak_ink_support
2955,True,0.4701492537313433,0.5298507462686567,0.10509950248756222,4.4721360206604,0.9807145627146037,24.413110733032227,0.018194698689581745,2231.0,104.915435568266,weak_ink_support
2957,True,0.3702970297029703,0.6237623762376238,-0.13663366336633664,4.4721360206604,0.9807145627146037,13.776054573059088,0.12006335632006856,2193.0,173.1632621629725,weak_ink_support
2960,True,0.9548192771084337,1.0,0.14759036144578308,0.0,0.0,2.8284270763397217,0.016769672759021578,2068.0,75.39477693464254,aligned
2963,True,0.7847533632286996,0.8475336322869955,-0.03979820627802688,1.0,0.21929443965565734,8.485280990600586,0.049271128557987945,2191.0,114.38115544176898,weak_ink_support
2965,True,0.5944700460829493,0.761520737327189,0.08266129032258052,2.0,0.4385888793113147,12.529964447021484,0.3134767029614595,16.0,534.8207048938377,weak_ink_support
2967,True,0.5373961218836565,0.7174515235457064,-0.17728531855955687,2.8284270763397217,0.6202583308128085,8.9442720413208,0.04596575968063474,2063.0,97.11413850984079,weak_ink_support
2992,True,0.4744094488188976,0.7834645669291339,-0.08120078740157483,3.605551242828369,0.7906773394458062,8.062257766723633,0.22898649011254926,2078.0,176.02577319410776,weak_ink_support
2993,False,,,,,,,,,,off_plate
2994,True,0.5142857142857142,0.6698412698412698,-0.21746031746031746,2.2360680103302,0.49035728135730183,10.29563045501709,0.018962997316070797,23.0,69.18361285481073,weak_ink_support
2995,True,0.0,0.0,0.0,43.65776062011719,9.573904151809423,63.87468338012696,0.016326600624563405,18.0,48.14843444987093,weak_ink_support
2997,True,0.47246376811594204,0.5420289855072464,0.11811594202898551,4.242640495300293,0.9303874700772783,20.51828384399414,0.2826520163010877,2136.0,69.35479931895846,weak_ink_support
2998,True,0.47126436781609193,0.5862068965517241,0.05517241379310345,3.605551242828369,0.7906773394458062,22.750732421875004,0.005471142815697661,3477.0,103.3524259323054,weak_ink_support
3000,True,0.43115124153498874,0.4853273137697517,-0.007900677200902928,6.324555397033691,1.3869398318636668,21.840330123901367,0.04977561194598921,2166.0,111.44348163032369,weak_ink_support
3001,False,,,,,,,,,,off_plate
3002,True,0.6843575418994413,0.7793296089385475,0.10195530726256974,0.0,0.0,14.764822959899902,0.02033892230991967,2168.0,68.35653235753767,aligned
3004,True,0.300561797752809,0.6938202247191011,-0.211376404494382,4.4721360206604,0.9807145627146037,14.866068840026855,0.006545015591235539,2235.0,66.48734660072226,weak_ink_support
3006,True,0.4034090909090909,0.48674242424242425,-0.02249053030303033,7.035533905029297,1.5428534653817785,22.825424194335938,0.0,,648.2779811700472,weak_ink_support
3007,True,0.2883787661406026,0.4734576757532281,-0.10222381635581063,6.7082037925720215,1.471071791788037,21.316548919677732,0.13359891670217222,2306.0,349.6932939600538,weak_ink_support
3008,True,0.5641547861507128,0.7270875763747454,0.09877800407331971,2.2360680103302,0.49035728135730183,8.5440034866333,0.4342772549044772,2278.0,155.22677939331678,weak_ink_support
3011,True,0.4470588235294118,0.6176470588235294,0.053431372549019585,3.605551242828369,0.7906773394458062,24.041629791259766,0.03271934259361621,2231.0,194.19575024261488,weak_ink_support
3013,True,0.23251028806584362,0.3724279835390947,-0.2463991769547325,8.485280990600586,1.8607749401545566,11.401754379272461,0.11760871308632204,2193.0,154.59070349852448,weak_ink_support
3016,True,0.9672619047619048,1.0,0.13020833333333337,0.0,0.0,2.2360680103302,0.01768884080467736,2068.0,77.1540996876985,aligned
3017,True,0.37900552486187844,0.49060773480662984,-0.02541436464088398,6.4031243324279785,1.4041695625252986,19.646883010864258,0.024073708864551725,2620.0,572.4181879053697,weak_ink_support
3019,True,0.6735751295336787,0.7383419689119171,0.02169689119170981,1.0,0.21929443965565734,9.848857879638672,0.17751926953427824,2191.0,439.71670291799944,weak_ink_support
3021,True,0.6529680365296804,0.8105022831050228,-0.04394977168949776,0.0,0.0,9.86404905319214,0.019958638553399237,16.0,106.55341402651163,weak_ink_support
3022,False,,,,,,,,,,off_plate
3048,True,0.5801354401805869,0.7787810383747178,-0.011286681715575564,2.2360680103302,0.49035728135730183,9.0,0.24100078661643276,2077.0,111.7224303101186,weak_ink_support
3049,False,,,,,,,,,,off_plate
3050,True,0.4479495268138801,0.6403785488958991,-0.19164037854889593,4.0,0.8771777586226294,9.219544410705566,0.018186951618645628,23.0,67.09492207915902,weak_ink_support
3051,True,0.0,0.0,0.0,58.86400604248047,12.908549220972985,81.01167221069336,0.01736407467062006,18.0,64.5756593860396,weak_ink_support
3052,False,,,,,,,,,,off_plate
3053,True,0.4975369458128079,0.5541871921182266,0.19519704433497537,3.3839144706726074,0.7420736276888198,23.34523582458496,0.3331912126196808,3206.0,117.43357255357276,weak_ink_support
3054,True,0.4121212121212121,0.5676767676767677,0.01717171717171717,4.4721360206604,0.9807145627146037,19.79899024963379,0.011094768536977575,3477.0,163.714310775421,weak_ink_support
3055,True,0.9771986970684039,1.0,0.10749185667752448,0.0,0.0,2.2360680103302,0.0,,57.359273254715006,aligned
3056,True,0.7516629711751663,0.8248337028824834,0.08481152993348118,0.0,0.0,10.049875259399414,0.05216553012250031,2166.0,119.20967186667272,weak_ink_support
3057,False,,,,,,,,,,off_plate
3058,True,0.7161125319693095,0.7544757033248082,0.12979539641943738,0.0,0.0,15.55634880065918,0.027904208057781408,2168.0,95.37898541143569,aligned
3060,True,0.38498789346246975,0.7070217917675545,-0.09079903147699753,3.605551242828369,0.7906773394458062,16.278820037841797,0.01103587089585879,2235.0,113.68334260400572,weak_ink_support
3063,True,0.4449877750611247,0.5696821515892421,0.0476772616136919,4.4721360206604,0.9807145627146037,22.022714614868164,0.04241398398897484,2306.0,110.6460540469121,weak_ink_support
3064,True,0.6621359223300971,0.7669902912621359,0.2558252427184466,1.0,0.21929443965565734,13.03840446472168,0.4121275620918548,2280.0,180.94798332352983,aligned
3067,True,0.2594458438287154,0.3879093198992443,0.027078085642317395,9.899495124816895,2.1709042362706326,28.844409942626953,0.017518405054046008,2231.0,100.44450650457347,weak_ink_support
3069,True,0.2623318385650224,0.4103139013452915,-0.23822869955156956,7.211102485656738,1.5813546788916124,11.313708305358887,0.06338250633803275,2193.0,113.98375588628333,weak_ink_support
3072,True,0.8179271708683473,0.9971988795518207,-0.084733893557423,1.0,0.21929443965565734,4.0,0.02074235017787045,2068.0,90.47270937942945,weak_ink_support
3073,True,0.344097995545657,0.4922048997772829,-0.07795100222717155,6.324555397033691,1.3869398318636668,21.02379608154297,0.006299978928992721,3142.0,565.4693826881258,weak_ink_support
3075,True,0.5593561368209256,0.7062374245472837,-0.14084507042253513,2.2360680103302,0.49035728135730183,9.433980941772461,0.05027697968427614,2191.0,164.74722068817582,weak_ink_support
3076,True,0.5831578947368421,0.7115789473684211,0.11947368421052629,2.2360680103302,0.49035728135730183,12.648739242553715,0.015212646871550106,3177.0,165.0069099688263,aligned
3077,True,0.5641592920353983,0.6438053097345132,-0.053097345132743334,1.0,0.21929443965565734,11.313708305358887,0.03688053783277419,2051.0,120.81560984282319,weak_ink_support
3078,False,,,,,,,,,,off_plate
3104,True,0.6709401709401709,0.7991452991452992,0.08707264957264949,1.4142135381698608,0.31012916540640423,8.246211051940918,0.18574714243050322,2077.0,136.75474302648908,weak_ink_support
3107,True,0.0,0.0,0.0,75.58438873291016,16.57523617389891,96.5660400390625,0.0033017590058323533,18.0,54.59760292128295,weak_ink_support
3109,True,0.46537396121883656,0.5429362880886427,0.11634349030470914,4.4721360206604,0.9807145627146037,22.022714614868164,0.3085191982721763,2128.0,85.90194011197198,weak_ink_support
3110,True,0.27191011235955054,0.4202247191011236,-0.10786516853932587,7.071067810058594,1.5506458531739553,19.10497283935547,0.014648569231598671,3477.0,113.30094389043717,weak_ink_support
3111,True,0.5324675324675324,0.5681818181818182,-0.09253246753246758,2.2360680103302,0.49035728135730183,10.08868913650513,0.0,,57.81607738501683,weak_ink_support
3112,True,0.8523489932885906,0.9821029082774049,0.03299776286353462,0.0,0.0,3.763330745697035,0.049378252347268295,2166.0,115.62933267349158,weak_ink_support
3113,False,,,,,,,,,,off_plate
3114,True,0.7086834733893558,0.7759103641456583,0.030112044817927175,0.0,0.0,15.620499610900879,0.019398896284313783,2168.0,67.57534251906763,weak_ink_support
3115,True,0.3044397463002114,0.42917547568710357,-0.04598308668076112,6.7082037925720215,1.471071791788037,24.698177337646484,0.13137467013568477,2276.0,140.90052448050554,weak_ink_support
3119,True,0.41330166270783847,0.4845605700712589,0.09085510688836101,6.7082037925720215,1.471071791788037,22.022714614868164,0.04573961977207075,2306.0,120.34487629326188,weak_ink_support
3120,True,0.5149105367793241,0.558648111332008,0.15357852882703782,2.2360680103302,0.49035728135730183,19.72308349609375,0.2903036432278587,2274.0,170.09289619796462,aligned
3123,True,0.1694915254237288,0.3050847457627119,-0.045903954802259894,14.21267032623291,3.116759575201835,31.871605110168456,0.0895331159138574,3281.0,64.56941394277071,weak_ink_support
3125,True,0.38636363636363635,0.5818181818181818,-0.10397727272727275,5.0,1.0964721982782868,11.180339813232422,0.07667025892658358,2188.0,108.00629816936598,weak_ink_support
3129,True,0.3621621621621622,0.44324324324324327,-0.0247747747747748,7.071067810058594,1.5506458531739553,29.832868576049805,3.518069829209459e-05,2620.0,223.47947924654807,weak_ink_support
3131,True,0.4113597246127367,0.6729776247848537,-0.15748709122203092,4.0,0.8771777586226294,16.970561981201172,0.04653378857988661,2199.0,249.44001465632485,weak_ink_support
3132,True,0.37130801687763715,0.5063291139240507,-0.1016174402250351,5.830951690673828,1.278695283665525,11.401754379272461,0.014417184597640936,3177.0,361.11375483225675,weak_ink_support
3133,True,0.5235955056179775,0.6067415730337079,-0.01797752808988773,2.2360680103302,0.49035728135730183,16.278820037841797,0.03503351005323947,2051.0,113.786670969853,weak_ink_support
3160,True,0.5707865168539326,0.7775280898876404,0.024157303370786476,2.0,0.4385888793113147,9.0,0.016745051011733306,24.0,113.71057988295776,weak_ink_support
3161,False,,,,,,,,,,off_plate
3163,True,0.0,0.0,0.0,86.8158950805664,19.03824306489715,111.35977935791016,0.0,,65.05088160018369,weak_ink_support
3165,True,0.5227882037533512,0.6193029490616622,0.02144772117962468,2.8284270763397217,0.6202583308128085,16.970561981201172,0.13504183523284757,3111.0,93.28395783454363,weak_ink_support
3166,True,0.5511811023622047,0.7165354330708661,0.038526434195725656,2.2360680103302,0.49035728135730183,13.601470947265625,0.0050161521199698295,3477.0,555.7194199275395,weak_ink_support
3167,True,0.3624161073825503,0.40939597315436244,-0.034395973154362436,8.602325439453125,1.8864421369804794,12.091082763671876,0.005077982073550685,1.0,51.140481092504395,weak_ink_support
3169,False,,,,,,,,,,off_plate
3170,True,0.7150837988826816,0.770949720670391,0.02583798882681554,0.0,0.0,16.278820037841797,0.01913789881020415,2168.0,67.90758993600724,weak_ink_support
3171,True,0.429042904290429,0.5396039603960396,0.08127062706270627,4.123105525970459,0.9041741159588362,25.0,0.31315708990961816,2262.0,273.63476728557055,weak_ink_support
3175,True,0.4833555259653795,0.5685752330226365,0.08322237017310258,4.0,0.8771777586226294,16.278820037841797,0.1482850282861733,2306.0,394.7724387736773,weak_ink_support
3176,True,0.23046092184368738,0.374749498997996,-0.11422845691382766,9.848857879638672,2.159799769963568,25.298221588134766,0.22848905756881782,2273.0,167.37983339981105,weak_ink_support
3179,True,0.5139442231075697,0.751660026560425,-0.031872509960159334,2.2360680103302,0.49035728135730183,18.357559204101562,0.0873061605129585,2231.0,396.6956194547656,weak_ink_support
3181,True,0.5412844036697247,0.7935779816513762,0.06077981651376141,2.532247543334961,0.5553078060850551,12.169502544403082,0.4134147954862973,2188.0,321.7066978166858,weak_ink_support
3185,True,0.5460674157303371,0.7078651685393258,0.02752808988764044,2.0,0.4385888793113147,8.246211051940918,0.002764768983236212,2620.0,113.04972940161218,weak_ink_support
3187,True,0.6004464285714286,0.7098214285714286,0.09765625,1.4142135381698608,0.31012916540640423,22.627416610717773,0.02180668191550367,2199.0,116.0176504931478,weak_ink_support
3189,True,0.6486486486486487,0.7117117117117117,0.029279279279279313,0.0,0.0,16.36450023651123,0.03473699348125621,2051.0,111.91793933150896,weak_ink_support
3191,True,0.4944649446494465,0.7564575645756457,-0.2370848708487085,3.1622776985168457,0.6934699159318334,9.0,0.037489125289541986,2070.0,48.58298647540106,weak_ink_support
3217,True,0.5504385964912281,0.7017543859649122,-0.0005482456140349923,2.2360680103302,0.49035728135730183,9.027692794799805,0.01773807279758148,24.0,124.54125655241107,weak_ink_support
3218,False,,,,,,,,,,off_plate
3219,False,,,,,,,,,,off_plate
3220,True,0.0,0.0,-0.0026395173453996985,74.21590423583984,16.275135132936423,114.75016326904297,0.0,,293.59172190711996,weak_ink_support
3222,True,0.5252808988764045,0.7106741573033708,-0.0561797752808989,2.8284270763397217,0.6202583308128085,14.21267032623291,0.15902626029606248,3111.0,78.25554557147703,weak_ink_support
3223,True,0.3769968051118211,0.6437699680511182,-0.16853035143769968,4.242640495300293,0.9303874700772783,9.899495124816895,0.0,,294.2034562196075,weak_ink_support
3224,True,0.7563291139240507,0.8322784810126582,0.23180379746835444,0.0,0.0,7.211102485656738,0.006929881604078476,1.0,63.083865814649826,aligned
3225,True,0.6165919282511211,0.6973094170403588,0.07623318385650224,1.0,0.21929443965565734,15.524174690246582,0.04289853598831433,2166.0,114.48655928605996,weak_ink_support
3226,False,,,,,,,,,,off_plate
3227,True,0.6824512534818942,0.7632311977715878,-0.022980501392757646,0.0,0.0,16.278820037841797,0.018970902290859775,2168.0,68.60529980554513,weak_ink_support
3228,True,0.5288640595903166,0.6480446927374302,0.08240223463687152,2.8284270763397217,0.6202583308128085,22.671567916870117,0.18977822490126414,2262.0,205.37109197505,weak_ink_support
3233,True,0.16633663366336635,0.26534653465346536,-0.10643564356435645,12.529964447021484,2.7477515323148847,23.52426795959473,0.14064779547490253,2273.0,175.01168733022405,weak_ink_support
3236,True,0.625974025974026,0.7480519480519481,0.005844155844155874,1.0,0.21929443965565734,13.172344017028822,0.04025361369568136,2231.0,90.9296415393233,weak_ink_support
3237,False,,,,,,,,,,off_plate
3238,True,0.5392354124748491,0.6659959758551308,0.10814889336016098,2.8284270763397217,0.6202583308128085,26.172504425048828,0.2600372069072491,2188.0,165.1555703056608,aligned
3242,True,0.31767337807606266,0.43847874720357943,0.08780760626398215,7.6157732009887695,1.6700967166554044,23.422023391723638,0.00590378712529624,2620.0,114.91367522650758,weak_ink_support
3244,True,0.5916114790286976,0.6997792494481236,0.05187637969094927,0.0,0.0,19.79899024963379,0.02295704593592549,2199.0,121.75926472134108,weak_ink_support
3246,True,0.561965811965812,0.7115384615384616,-0.0657051282051282,0.0,0.0,16.401220321655273,0.04263881309808845,2051.0,136.24822701684533,weak_ink_support
3248,True,0.6713286713286714,0.8881118881118881,-0.07167832167832155,2.2360680103302,0.49035728135730183,6.662277698516846,0.028510486189938972,2167.0,56.68600707949379,weak_ink_support
3274,True,0.5675675675675675,0.6981981981981982,-0.022522522522522515,2.0,0.4385888793113147,9.0,0.015560435414862522,24.0,112.00262892450613,weak_ink_support
3275,False,,,,,,,,,,off_plate
3276,False,,,,,,,,,,off_plate
3277,True,0.0,0.0,0.0,103.81714630126953,22.766522924786305,124.80658569335938,0.006647874568021319,18.0,197.43868542218814,weak_ink_support
3279,True,0.6180371352785146,0.7692307692307693,-0.03315649867374004,2.2360680103302,0.49035728135730183,12.041594505310059,0.2267650735173851,3112.0,94.19925639742384,weak_ink_support
3280,True,0.6331877729257642,0.7903930131004366,0.1713973799126638,1.0,0.21929443965565734,12.727922439575195,0.0,,125.96747273829983,aligned
3281,True,0.7169230769230769,0.8738461538461538,0.1084615384615385,1.0,0.21929443965565734,6.4031243324279785,0.007479104022481106,1.0,69.48024687956895,aligned
3282,True,0.5720524017467249,0.6550218340611353,0.04530567685589515,2.0,0.4385888793113147,16.059208297729494,0.04554363383697682,2166.0,126.40327736124631,weak_ink_support
3284,True,0.60546875,0.6458333333333334,0.064453125,0.0,0.0,17.69180679321289,0.0956533356930015,2168.0,408.7863261408692,weak_ink_support
3285,True,0.5258426966292135,0.6696629213483146,-0.008426966292134797,2.2360680103302,0.49035728135730183,11.401754379272461,0.41098915898307864,2263.0,113.09151912351557,weak_ink_support
3287,True,0.0,0.0,0.0,335.4772644042969,73.56829871475308,365.5201721191406,0.07256752186386624,2520.0,105.08547088344393,weak_ink_support
3289,True,0.5342465753424658,0.773972602739726,-0.10730593607305938,2.2360680103302,0.49035728135730183,8.561500072479248,0.19483665137396916,2296.0,132.50302326264338,weak_ink_support
3290,True,0.4051172707889126,0.511727078891258,0.005330490405117239,5.385164737701416,1.1809366836076371,17.532645416259765,0.06660726498802101,2268.0,140.98726424227783,weak_ink_support
3293,True,0.48182883939038684,0.6307151230949589,0.013481828839390364,3.1622776985168457,0.6934699159318334,17.029386520385742,0.18973702163643233,2231.0,479.93090197740133,weak_ink_support
3294,False,,,,,,,,,,off_plate
3295,True,0.515695067264574,0.6838565022421524,0.12163677130044848,2.8284270763397217,0.6202583308128085,26.4007568359375,0.10157806039499381,2189.0,114.47343387688413,aligned
3299,True,0.07333333333333333,0.1,0.027222222222222224,26.009613037109375,5.703763516633381,49.47928886413574,0.001848175714588658,2620.0,118.41023455344563,weak_ink_support
3301,True,0.6704035874439462,0.8946188340807175,-0.08856502242152464,1.4142135381698608,0.31012916540640423,6.082762718200684,0.021662921010419334,2199.0,114.51477740885237,weak_ink_support
3303,True,0.48423423423423423,0.5540540540540541,-0.09684684684684691,4.182872772216797,0.9172807407341885,14.866068840026855,0.035550334115785426,2051.0,112.44925919308054,weak_ink_support
3305,True,0.5209790209790209,0.8251748251748252,-0.1722027972027972,3.0,0.657883318966972,8.0,0.03515728128795048,2167.0,56.15364018878482,weak_ink_support
3306,True,0.3423180592991914,0.4191374663072776,-0.01785714285714285,11.401754379272461,2.5003413376939916,62.2414665222168,0.14277884833922963,3424.0,387.3025067400509,weak_ink_support
3330,True,0.1366742596810934,0.19362186788154898,0.0011389521640091105,17.0,3.728005474146175,38.4837646484375,0.031577660148663776,12.0,107.04187193011946,weak_ink_support
3331,True,0.5129310344827587,0.75,-0.03825431034482751,3.0,0.657883318966972,8.19102506637573,0.01784899828411611,24.0,132.07673790914382,weak_ink_support
3332,False,,,,,,,,,,off_plate
3333,False,,,,,,,,,,off_plate
3334,True,0.0,0.0,0.0,82.73451232910156,18.143218521394402,101.91067123413087,0.0,,47.5536555175992,weak_ink_support
3337,True,0.541019955654102,0.5986696230598669,0.09090909090909094,1.0,0.21929443965565734,10.630146026611328,0.0,,119.68555365625937,weak_ink_support
3338,True,0.5254777070063694,0.7452229299363057,-0.09235668789808915,2.2360680103302,0.49035728135730183,7.8102498054504395,0.006537562359308219,1.0,61.689830264430235,weak_ink_support
3339,True,0.5655172413793104,0.696551724137931,0.058045977011494276,2.2360680103302,0.49035728135730183,16.905221557617192,0.004632036347150566,2166.0,103.54171080445452,weak_ink_support
3341,True,1.0,1.0,0.21103117505995206,0.0,0.0,0.0,0.03898096903625616,2168.0,117.09989377041776,aligned
3342,True,0.3550446998722861,0.5810983397190294,-0.1050446998722861,5.385164737701416,1.1809366836076371,12.961249732971204,0.3592943687355714,2277.0,450.8089072867386,weak_ink_support
3344,True,0.0,0.0,0.0,308.293701171875,67.607094447855,343.6859130859375,0.02635518814753971,2520.0,149.49502861523922,weak_ink_support
3346,True,0.5193236714975845,0.7028985507246377,0.017512077294685957,2.2360680103302,0.49035728135730183,12.481770229339597,0.23852601055851688,2296.0,110.58458312088723,weak_ink_support
3347,True,0.5836909871244635,0.628755364806867,0.17757510729613735,1.0,0.21929443965565734,21.586983680725098,0.06601190900441066,2268.0,139.7270772132114,aligned
3350,True,0.5681293302540416,0.7829099307159353,-0.10796766743648967,2.8284270763397217,0.6202583308128085,10.77935256958008,0.057970228671025824,2231.0,130.52329876131665,weak_ink_support
3351,False,,,,,,,,,,off_plate
3352,True,0.4541387024608501,0.5190156599552572,0.07102908277404918,5.385164737701416,1.1809366836076371,27.459060668945312,0.1253021503335687,2189.0,115.30826582832705,weak_ink_support
3355,True,0.46258503401360546,0.5904761904761905,-0.04285714285714287,3.605551242828369,0.7906773394458062,22.803508758544922,0.11012234075354303,2114.0,381.5548749540703,weak_ink_support
3356,True,0.0,0.0,0.0,52.611785888671875,11.53747210573972,77.26052551269532,0.0009050987052867127,2620.0,115.72807454381123,weak_ink_support
3358,True,0.6146788990825688,0.8440366972477065,-0.10722477064220193,2.2360680103302,0.49035728135730183,7.280109882354736,0.01971534403134413,2199.0,103.89062876509298,weak_ink_support
3360,True,0.38694638694638694,0.5337995337995338,-0.1078088578088578,5.385164737701416,1.1809366836076371,14.866068840026855,0.031019992603786725,2051.0,97.33335907745615,weak_ink_support
3362,True,0.72,0.8327272727272728,0.07090909090909081,0.0,0.0,7.924099922180175,0.03111379225220383,2167.0,49.69532998666934,weak_ink_support
3387,True,0.12895927601809956,0.19004524886877827,-0.1165158371040724,13.095675468444824,2.871808813764946,38.01315689086914,0.03280282974996507,12.0,110.74054245447427,weak_ink_support
3388,True,0.365296803652968,0.5799086757990868,-0.19463470319634713,6.0,1.315766637933944,8.335548782348637,0.014003931987171104,24.0,106.34724526796688,weak_ink_support
3391,True,0.0,0.0,-0.006377551020408163,51.09305191040039,11.204422188988667,85.42247772216797,0.0,,244.47742677798092,weak_ink_support
3394,True,0.3333333333333333,0.4742063492063492,-0.21726190476190482,6.4031243324279785,1.4041695625252986,10.630146026611328,0.0,,172.56534234021765,weak_ink_support
3395,True,0.2902208201892745,0.6025236593059937,-0.3927444794952681,5.385164737701416,1.1809366836076371,8.062257766723633,0.006690145537143806,1.0,63.69640000171025,weak_ink_support
3396,True,0.47392290249433106,0.7006802721088435,-5.551115123125783e-17,3.1622776985168457,0.6934699159318334,17.0,0.0,,109.81999362517811,weak_ink_support
3398,True,0.7212121212121212,0.8012121212121213,0.06727272727272715,0.0,0.0,9.219544410705566,0.0946516111954503,2168.0,455.9247404391362,weak_ink_support
3399,True,0.2017353579175705,0.27765726681127983,-0.205531453362256,10.0,2.1929443965565736,15.81138801574707,0.24801391819847426,2241.0,129.54547865573997,weak_ink_support
3401,True,0.0,0.0,0.0,254.06495666503906,55.71503230799861,306.5452575683594,0.03289347306309259,2475.0,548.707278334978,weak_ink_support
3402,True,0.15538847117794485,0.22055137844611528,0.0012531328320802004,16.155494689941406,3.5428101553906486,42.06896896362304,0.0,,102.36001990583283,weak_ink_support
3403,True,0.575,0.8083333333333333,0.07552083333333337,1.0,0.21929443965565734,8.9442720413208,0.16115037109568908,2296.0,169.77772255843195,weak_ink_support
3404,True,0.6409185803757829,0.6638830897703549,0.01565762004175364,0.0,0.0,24.59674835205078,0.07296071501371085,2268.0,154.43558009465724,weak_ink_support
3407,True,0.45965770171149145,0.5647921760391198,-0.13814180929095354,4.123105525970459,0.9041741159588362,12.727922439575195,0.04803061787313516,2231.0,110.45003711972359,weak_ink_support
3409,True,0.25396825396825395,0.35600907029478457,-0.1763038548752835,8.485280990600586,1.8607749401545566,27.018512725830078,0.11651295532223649,2189.0,109.36301192477603,weak_ink_support
3412,True,0.45692883895131087,0.6385767790262172,-0.1067415730337079,3.605551242828369,0.7906773394458062,22.847318649291992,0.05138803761399222,2114.0,214.52413669970198,weak_ink_support
3413,True,0.0,0.0,0.0,78.10569763183594,17.128145196087665,101.49776992797851,0.019155093116849074,3349.0,112.26271942676318,weak_ink_support
3415,True,0.6216216216216216,0.7477477477477478,-0.14020270270270274,1.4142135381698608,0.31012916540640423,7.6157732009887695,0.021314141651207073,2199.0,112.0041386171248,weak_ink_support
3417,True,0.367983367983368,0.501039501039501,-0.04469854469854467,5.830951690673828,1.278695283665525,16.6433162689209,0.04784647368862402,2051.0,148.87370288876232,weak_ink_support
3419,True,0.7440273037542662,0.856655290102389,0.10238907849829348,0.0,0.0,7.056854248046876,0.03726182221448965,2167.0,59.51503872764042,aligned
3444,True,0.1827309236947791,0.25100401606425704,-0.19929718875502006,9.848857879638672,2.159799769963568,13.892443656921387,0.048284874888360425,12.0,166.10703648766633,weak_ink_support
3445,True,0.5402298850574713,0.6597701149425287,-0.1293103448275862,2.2360680103302,0.49035728135730183,9.05538558959961,0.01328582652729407,24.0,103.44253471406327,weak_ink_support
3447,False,,,,,,,,,,off_plate
3448,True,0.0,0.0,-0.026881720430107527,46.27094268798828,10.146960449101426,60.088237380981454,0.0,,100.50104070953518,weak_ink_support
3451,True,0.28444444444444444,0.5022222222222222,-0.2622222222222222,5.656854152679443,1.240516661625617,11.401754379272461,0.0,,117.87162124338447,weak_ink_support
3452,True,0.5278688524590164,0.7836065573770492,-0.15245901639344261,2.2360680103302,0.49035728135730183,7.8102498054504395,0.00584167455633906,1.0,55.87987637782517,weak_ink_support
3453,True,0.4608540925266904,0.7562277580071174,-0.06405693950177938,3.605551242828369,0.7906773394458062,15.524174690246582,0.047837416121748536,2109.0,230.49091444591747,weak_ink_support
3455,True,0.7125307125307125,0.7714987714987716,-0.012899262899262909,0.0,0.0,9.869112777709963,0.016790642923889425,2168.0,109.05985632792239,weak_ink_support
3456,True,0.38072289156626504,0.44096385542168676,0.0993975903614458,9.219544410705566,2.0217948254261247,16.401220321655273,0.2066274801318378,2241.0,83.08939296947327,weak_ink_support
3458,True,0.0,0.0,0.0,280.99627685546875,61.62092107834598,316.66070556640625,0.026327772723751218,2475.0,122.15271559179665,weak_ink_support
3459,True,0.3616504854368932,0.4174757281553398,0.06674757281553395,10.29563045501709,2.257774511534693,28.234332847595233,0.0,,113.11420561960153,weak_ink_support
3460,True,0.6551020408163265,0.8530612244897959,0.1607142857142857,1.0,0.21929443965565734,7.091972017288213,0.27425378440810283,2299.0,177.79829547873493,aligned
3464,True,0.3740648379052369,0.5411471321695761,-0.10660847880299251,5.656854152679443,1.240516661625617,17.804492950439453,0.0473816016769455,2231.0,103.9250070009253,weak_ink_support
3465,True,0.0,0.0,0.0,240.35182189941406,52.70781810364836,296.9924011230469,0.0,,382.1364756659228,weak_ink_support
3466,True,0.22244488977955912,0.36472945891783565,-0.14128256513026055,10.0,2.1929443965565736,27.459060668945312,0.020628053497607123,2189.0,167.5397442867431,weak_ink_support
3467,True,0.0,0.0,0.0,104.12012481689453,22.83296442859799,125.04958419799804,0.0,,108.46224904875062,weak_ink_support
3469,True,0.5865921787709497,0.7094972067039106,-0.0761173184357542,2.532247543334961,0.5553078060850551,21.02379608154297,0.015514730350454451,2114.0,67.72176912353284,weak_ink_support
3470,True,0.0,0.0,0.0,100.6578369140625,22.07370394301988,138.13108673095704,0.18696201688247827,3349.0,166.67419695477338,weak_ink_support
3476,True,0.6103896103896104,0.788961038961039,-0.02840909090909094,2.0,0.4385888793113147,8.9442720413208,0.026500641600521433,2167.0,67.17508130998009,weak_ink_support
3501,True,0.27232142857142855,0.41964285714285715,-0.17299107142857145,6.7082037925720215,1.471071791788037,11.805768013000492,0.002488103011610549,3181.0,116.38882250216243,weak_ink_support
3502,True,0.6801801801801802,0.7702702702702703,-0.028716216216216117,1.0,0.21929443965565734,10.153589916229246,0.013235137265939445,24.0,112.42508791162416,weak_ink_support
3504,False,,,,,,,,,,off_plate
3505,True,0.1761006289308176,0.22012578616352202,0.016509433962264147,19.923847198486328,4.369188907176998,44.643028259277344,0.0,,64.47151201781176,weak_ink_support
3508,True,0.5121412803532008,0.6070640176600441,0.060154525386313384,2.8284270763397217,0.6202583308128085,11.384145164489746,0.0,,121.78526139842673,weak_ink_support
3509,True,0.44919786096256686,0.7379679144385026,-0.24398395721925126,3.605551242828369,0.7906773394458062,9.219544410705566,0.010431705071968804,1.0,101.74188799239028,weak_ink_support
3510,True,0.6050583657587548,0.7237354085603113,0.1089494163424124,2.8284270763397217,0.6202583308128085,17.262676239013672,0.13622447542869712,2109.0,182.56595118379087,aligned
3512,True,0.78099173553719,0.878099173553719,0.037190082644628086,0.0,0.0,6.4031243324279785,0.026961357642979602,2168.0,172.9988922878147,weak_ink_support
3513,True,0.37349397590361444,0.43614457831325304,0.02831325301204818,8.5440034866333,1.8736524570172322,16.124515533447266,0.08175502731046065,2283.0,83.29814035171326,weak_ink_support
3514,True,0.5029411764705882,0.6676470588235294,0.10330882352941173,3.0,0.657883318966972,15.0,0.07159108815830179,2235.0,335.6539291749642,aligned
3515,True,0.0,0.0,0.0,297.3550109863281,65.20830051304866,331.4814147949219,0.007406049190464529,2475.0,113.47244663125849,weak_ink_support
3516,True,0.6414634146341464,0.7536585365853659,0.16524390243902443,1.0,0.21929443965565734,13.601470947265625,0.0,,111.54428112703731,aligned
3517,True,0.669620253164557,0.6911392405063291,0.33734177215189876,0.0,0.0,18.25921440124512,0.6381252408523655,2305.0,428.9271297496454,aligned
3521,True,0.48333333333333334,0.6944444444444444,-0.03611111111111104,3.1622776985168457,0.6934699159318334,16.6433162689209,0.033086705082166656,2231.0,70.00439442972497,weak_ink_support
3522,True,0.0,0.0,0.0,205.9223175048828,45.15761922982764,236.10378723144532,0.0,,113.76080995122093,weak_ink_support
3523,True,0.32589285714285715,0.5066964285714286,-0.0518973214285714,5.656854152679443,1.240516661625617,27.79028434753418,0.019274596022584127,2021.0,115.96068538166041,weak_ink_support
3524,True,0.0,0.0,-0.004366812227074236,73.0,16.00849409486299,108.22661590576172,0.001488594515044676,2611.0,354.83858723701917,weak_ink_support
3526,True,0.6146341463414634,0.6902439024390243,-0.012195121951219523,2.0,0.4385888793113147,21.379895401000976,0.025574974444098966,2114.0,111.7280406142758,weak_ink_support
3529,True,0.5,0.6703539823008849,-0.23783185840707965,3.216989040374756,0.7054678089873729,7.8102498054504395,0.02297626211526653,2199.0,120.05800077254105,weak_ink_support
3533,True,0.6701754385964912,0.8491228070175438,0.002631578947368318,2.0,0.4385888793113147,6.883281517028807,0.025307709255924786,2063.0,53.46885157827811,weak_ink_support
3558,True,0.4335511982570806,0.5533769063180828,-0.05337690631808284,5.0,1.0964721982782868,10.816654205322266,0.002735784971033494,3181.0,127.51356042917848,weak_ink_support
3559,True,0.4532710280373832,0.5280373831775701,-0.05578271028037385,5.0,1.0964721982782868,17.0,0.045482823216122036,24.0,523.2020075837818,weak_ink_support
3562,True,0.1858974358974359,0.2403846153846154,0.033653846153846145,22.056716918945312,4.836915377383569,38.327537536621094,0.0,,60.948702223569555,weak_ink_support
3565,True,0.5146067415730337,0.5955056179775281,0.1573033707865168,2.2360680103302,0.49035728135730183,14.142135620117188,0.0,,113.51149488623712,aligned
3566,True,0.4666666666666667,0.7743589743589744,-0.17051282051282046,3.605551242828369,0.7906773394458062,9.219544410705566,0.011358852850645817,1.0,112.30332735153755,weak_ink_support
3569,True,0.6,0.856338028169014,-0.12112676056338023,1.0,0.21929443965565734,6.4031243324279785,0.010798822368134467,2168.0,65.30240982272842,weak_ink_support
3570,True,0.3574051407588739,0.4357405140758874,-0.024785801713586297,8.602325439453125,1.8864421369804794,18.027755737304688,0.45890259663155764,2283.0,484.4438534818036,weak_ink_support
3571,True,0.7640449438202247,0.7949438202247191,0.363061797752809,0.0,0.0,14.177402973175049,0.014764826035823688,2235.0,66.14593758036582,aligned
3572,True,0.0,0.0,0.0,316.4364013671875,69.39274332447006,350.25848388671875,0.0,,130.5763953250686,weak_ink_support
3573,True,0.5023364485981309,0.6425233644859814,0.02978971962616822,3.0,0.657883318966972,12.083045959472656,0.0,,126.69688693198378,weak_ink_support
3574,True,0.4880212954747116,0.6202307009760426,0.03771073646850043,3.605551242828369,0.7906773394458062,15.29705810546875,0.4322319656780111,2312.0,707.3049117486979,weak_ink_support
3576,True,0.6230769230769231,0.717948717948718,0.10000000000000009,0.0,0.0,12.04573965072632,0.1916595646767776,2149.0,100.56107312852475,aligned
3579,True,0.0,0.0,0.0,174.4505615234375,38.256038136897004,201.4348602294922,0.0,,187.22097150457722,weak_ink_support
3580,True,0.26587301587301587,0.5416666666666666,-0.16170634920634924,5.656854152679443,1.240516661625617,27.58622932434082,0.07916087185757588,2021.0,171.7739342282303,weak_ink_support
3581,True,0.0,0.03740157480314961,-0.06200787401574803,49.627220153808594,10.882973435297401,86.1939094543457,0.02682891769575451,2611.0,176.15352361347763,weak_ink_support
3583,True,0.6086956521739131,0.6728778467908902,0.026397515527950333,1.4142135381698608,0.31012916540640423,20.124610900878906,0.03837436939015933,2114.0,172.3133360423502,weak_ink_support
3586,True,0.5490196078431373,0.803921568627451,-0.22009803921568616,2.2360680103302,0.49035728135730183,8.0,0.03426620841873433,2199.0,178.15532742286558,weak_ink_support
3587,True,0.5371287128712872,0.6089108910891089,0.10086633663366346,2.8284270763397217,0.6202583308128085,13.416407585144043,0.016809475518465473,3177.0,106.51506965601983,aligned
3588,False,,,,,,,,,,off_plate
3590,True,0.5766666666666667,0.8966666666666666,-0.09833333333333327,2.0,0.4385888793113147,6.082762718200684,0.029263977849034978,2063.0,61.82745630498956,weak_ink_support
3616,True,0.49321266968325794,0.6312217194570136,-0.07466063348416285,4.0,0.8771777586226294,15.0,0.014971162794607865,24.0,110.57425705866305,weak_ink_support
3619,True,0.23509933774834438,0.4304635761589404,-0.07947019867549673,8.485280990600586,1.8607749401545566,23.409399032592773,0.0,,53.72110573280513,weak_ink_support
3620,False,,,,,,,,,,off_plate
3622,True,0.402,0.492,0.06450000000000006,6.324555397033691,1.3869398318636668,14.764822959899902,0.0,,168.08016139873118,weak_ink_support
3626,True,0.6159420289855072,0.8019323671497585,-0.1376811594202899,0.0,0.0,7.259407663345336,0.019472908069550116,2168.0,114.72596071825974,weak_ink_support
3627,True,0.40165631469979296,0.494824016563147,0.09420289855072461,6.324555397033691,1.3869398318636668,18.9576587677002,0.1284254111278476,2283.0,151.41458555285084,weak_ink_support
3628,True,0.7542372881355932,0.7909604519774012,0.25353107344632764,0.0,0.0,10.816654205322266,0.014318156512554121,2235.0,64.99475388254102,aligned
3629,True,0.0,0.0,0.0,336.1339111328125,73.71229769113464,367.3486022949219,0.0,,102.44616763455784,weak_ink_support
3630,True,0.2853828306264501,0.5150812064965197,-0.16647331786542924,5.830951690673828,1.278695283665525,12.041594505310059,0.0,,128.85234805528847,weak_ink_support
3631,True,0.5030674846625767,0.6482617586912065,-0.024028629856850725,3.0,0.657883318966972,17.804492950439453,0.2095796917180864,2299.0,177.19044859776972,weak_ink_support
3633,True,0.5964391691394659,0.6884272997032641,-0.035608308605341255,0.0,0.0,9.486832618713379,0.020015689329621316,2169.0,77.37496495566391,weak_ink_support
3635,False,,,,,,,,,,off_plate
3636,True,0.0,0.0,0.0,129.65338134765625,28.432265612095534,148.77529754638672,0.0,,126.13798099151998,weak_ink_support
3638,True,0.19488188976377951,0.2283464566929134,0.03444881889763779,35.7770881652832,7.845716501716829,70.21662979125976,0.04249980852415558,2611.0,176.16170424890313,weak_ink_support
3640,True,0.6267409470752089,0.7437325905292479,0.0069637883008356605,1.4142135381698608,0.31012916540640423,18.384777069091797,0.02069590205769882,2083.0,68.77384702608781,weak_ink_support
3641,True,0.0,0.0,0.0,170.46701049804688,37.38246754694425,199.6358413696289,0.03077004086437876,3350.0,114.04677289399702,weak_ink_support
3642,True,0.6173708920187794,0.7370892018779343,0.11795774647887325,2.8284270763397217,0.6202583308128085,11.677651405334473,0.050642248987640005,2270.0,124.2318908225298,aligned
3643,True,0.5267857142857143,0.7589285714285714,-0.1986607142857143,2.8284270763397217,0.6202583308128085,9.0,0.022457379188376477,2199.0,116.00885158173382,weak_ink_support
3644,True,0.4716599190283401,0.6153846153846154,0.03593117408906882,3.1622776985168457,0.6934699159318334,12.041594505310059,0.028329764416588375,3177.0,180.91155841227314,weak_ink_support
3647,True,0.8047945205479452,0.8767123287671232,0.09589041095890416,0.0,0.0,6.669838953018202,0.02674899961875292,2063.0,56.51393715721958,weak_ink_support
3673,True,0.6598639455782312,0.7505668934240363,0.04308390022675734,2.0,0.4385888793113147,14.0,0.015914393508878282,24.0,109.47576144657495,weak_ink_support
3676,True,0.8733509234828496,1.0,0.14841688654353558,0.0,0.0,3.1622776985168457,0.0,,105.09664979844605,aligned
3682,True,0.558891454965358,0.6882217090069284,-0.01443418013856812,2.2360680103302,0.49035728135730183,10.0,0.04779456271562458,2071.0,101.80818805626262,weak_ink_support
3683,True,0.6658227848101266,0.8810126582278481,-0.016455696202531733,0.0,0.0,8.062257766723633,0.017585769252121432,2168.0,98.80176854431745,weak_ink_support
3684,True,0.27654867256637167,0.334070796460177,0.006084070796460173,11.873147010803223,2.6037151206833355,19.209373474121094,0.16334134603764516,2248.0,120.0895371675499,weak_ink_support
3686,True,0.0,0.0,0.0,355.8159484863281,78.02845904385558,386.55137329101564,0.0,,115.58115039373023,weak_ink_support
3687,True,0.2951219512195122,0.4146341463414634,-0.21463414634146344,7.211102485656738,1.5813546788916124,9.848857879638672,0.0,,111.02358112019922,weak_ink_support
3688,True,0.4215686274509804,0.5637254901960784,-0.09007352941176477,5.0,1.0964721982782868,16.446738052368165,0.19880243451265064,2297.0,109.55967870938484,weak_ink_support
3689,True,0.42272727272727273,0.5772727272727273,-0.1357954545454546,3.605551242828369,0.7906773394458062,21.132611083984383,0.22046032750185568,2280.0,105.77320520312465,weak_ink_support
3690,True,1.0,1.0,0.2849056603773584,0.0,0.0,0.0,0.017354178273999474,2169.0,50.367468083591234,aligned
3692,False,,,,,,,,,,off_plate
3693,True,0.0,0.0,0.0,95.8018798828125,21.00881956685996,114.29166717529297,0.0,,127.07500950170146,weak_ink_support
3695,True,0.2311212814645309,0.2608695652173913,-0.004004576659038889,16.124515533447266,3.536016598626261,36.49657440185547,0.025517998792671064,2611.0,105.77210374450041,weak_ink_support
3697,True,0.63,0.725,0.03125,0.0,0.0,13.416407585144043,0.04032783657799508,2083.0,103.41572177448,weak_ink_support
3698,True,0.0,0.0,0.0,194.07730102539062,42.56007297824537,220.80987548828125,0.17715726575766969,3350.0,115.04551799067548,weak_ink_support
3699,True,0.5909090909090909,0.7566844919786097,-0.012700534759358173,2.8284270763397217,0.6202583308128085,9.848857879638672,0.0336726042583853,2270.0,81.49722494283363,weak_ink_support
3700,True,0.571150097465887,0.7719298245614035,-0.15984405458089668,2.8284270763397217,0.6202583308128085,9.848857879638672,0.03527588432605407,2199.0,181.32274728481707,weak_ink_support
3701,True,0.495260663507109,0.7014218009478673,0.004739336492890989,3.1622776985168457,0.6934699159318334,11.401754379272461,0.01893181485331081,3177.0,121.09970343197325,weak_ink_support
3730,True,0.4025,0.52375,-0.10374999999999995,6.0,1.315766637933944,10.0,0.0771201009715712,24.0,467.0909501417659,weak_ink_support
3733,True,0.5292207792207793,0.5681818181818182,-0.0032467532467532756,1.5,0.328941659483486,12.041594505310059,0.0,,58.23154132258274,weak_ink_support
3736,True,0.6023622047244095,0.7421259842519685,-0.03986220472440938,2.0,0.4385888793113147,8.062257766723633,0.026074393600716655,1970.0,175.8939464668171,weak_ink_support
3737,True,0.8241042345276873,0.9674267100977199,-0.017100977198696965,1.0,0.21929443965565734,5.656854152679443,0.019636534219961897,1.0,57.571484970617995,weak_ink_support
3739,True,0.5369127516778524,0.6890380313199105,0.00615212527964204,3.0,0.657883318966972,10.0,0.054629867283134355,2071.0,115.07502846487314,weak_ink_support
3740,True,0.7002012072434608,0.8953722334004024,-0.06237424547283699,0.0,0.0,6.324555397033691,0.03396137916332669,2168.0,183.49201740096436,weak_ink_support
3741,True,0.2148936170212766,0.2404255319148936,0.023404255319148914,19.209373474121094,4.212508792143633,29.27456283569336,0.18856991686344193,2248.0,138.63773373481976,weak_ink_support
3743,True,0.0,0.0,0.0,369.48883056640625,81.02684605808417,404.144775390625,0.0,,97.7709469103969,weak_ink_support
3744,True,0.2396694214876033,0.41735537190082644,-0.21952479338842976,6.7082037925720215,1.471071791788037,10.198039054870605,0.0,,173.2099012379221,weak_ink_support
3745,True,0.2687651331719128,0.4430992736077482,-0.14467312348668282,7.6157732009887695,1.6700967166554044,22.090721130371094,0.16015735002893067,2297.0,114.07147861530528,weak_ink_support
3746,True,0.38215102974828374,0.5423340961098398,-0.17620137299771166,4.0,0.8771777586226294,20.615528106689453,0.16080129066733725,2280.0,101.32681924012634,weak_ink_support
3747,True,1.0,1.0,0.22452229299363058,0.0,0.0,0.0,0.020831472370875407,2169.0,73.07272895990725,aligned
3749,False,,,,,,,,,,off_plate
3750,True,0.0,0.0,0.0,64.0,14.03484413796207,84.148681640625,0.0,,132.1686499106035,weak_ink_support
3752,True,0.3922413793103448,0.521551724137931,-0.045258620689655193,5.830951690673828,1.278695283665525,18.71484107971191,0.03188401592989347,2611.0,132.15924446616802,weak_ink_support
3753,True,0.0,0.0,0.0,75.66372680664062,16.592634572320996,90.55384826660156,0.0042553676115912155,2615.0,82.96028208692093,weak_ink_support
3754,True,0.7033492822966507,0.7320574162679426,0.07535885167464118,0.0,0.0,10.770329475402832,0.045160171997667004,2083.0,118.20085707519097,weak_ink_support
3755,True,0.0,0.0,0.0,218.65269470214844,47.94932016390716,243.8360137939453,0.2666394748646695,3350.0,113.7021172450817,weak_ink_support
3756,True,0.4986149584487535,0.7119113573407202,-0.09487534626038774,3.1622776985168457,0.6934699159318334,12.041594505310059,0.02939930849298992,2270.0,70.70461689177948,weak_ink_support
3757,True,0.5771028037383178,0.7313084112149533,-0.09813084112149517,2.8284270763397217,0.6202583308128085,10.339033317565919,0.018939473589163723,2199.0,96.75265426451114,weak_ink_support
3758,True,0.3231132075471698,0.6886792452830188,-0.07900943396226418,4.242640495300293,0.9303874700772783,13.30300664901733,0.019154774472336853,3177.0,122.9913458771939,weak_ink_support
3787,True,0.41779497098646035,0.8452611218568665,-0.13491295938104453,4.0,0.8771777586226294,7.280109882354736,0.03193867460053925,24.0,184.69753909065344,weak_ink_support
3790,True,0.39375,0.43125,0.034375000000000044,10.198039054870605,2.236373260124359,13.634162712097176,0.0,,65.84851849352684,weak_ink_support
3793,True,0.6445783132530121,0.7951807228915663,0.031124497991967814,1.0,0.21929443965565734,7.867174863815309,0.02176692949736546,1970.0,166.6957970530291,weak_ink_support
3794,True,0.8215488215488216,0.9966329966329966,-0.026936026936026813,1.0,0.21929443965565734,5.0,0.017344073901261532,1.0,50.85032209608034,weak_ink_support
3796,True,0.5626423690205011,0.7813211845102506,0.013097949886104687,2.2360680103302,0.49035728135730183,8.29402503967285,0.05158707743688843,2071.0,107.35665017885893,weak_ink_support
3797,True,0.8611825192802056,0.9074550128534704,0.0,0.0,0.0,5.830951690673828,0.07332062965639347,2127.0,93.8649508660486,weak_ink_support
3798,True,0.057692307692307696,0.09230769230769231,-0.06634615384615385,19.96242904663086,4.377649691946733,35.035533905029304,0.16624442663911623,2248.0,188.6582283013151,weak_ink_support
3799,True,0.4470899470899471,0.6481481481481481,-0.001322751322751281,4.0,0.8771777586226294,10.198039054870605,0.0,,423.27769655372913,weak_ink_support
3800,True,0.0,0.0,0.0,375.2132873535156,82.28218760154635,415.87738037109375,0.0,,117.68537379688934,weak_ink_support
3801,True,0.45545796737766625,0.739021329987453,-0.06242158092848177,3.605551242828369,0.7906773394458062,11.401754379272461,0.0017354230820612667,2620.0,433.2122812396411,weak_ink_support
3803,True,0.0,0.03167420814479638,-0.17420814479638008,17.464248657226562,3.829812623293565,32.300138854980474,0.12657275063175336,2279.0,105.04398500171428,weak_ink_support
3804,True,0.6068111455108359,0.7492260061919505,0.010061919504643968,1.4142135381698608,0.31012916540640423,10.0,0.009727088588533809,2169.0,78.33776635871165,weak_ink_support
3806,False,,,,,,,,,,off_plate
3807,True,0.0764163372859025,0.10540184453227931,-0.008893280632411071,30.805843353271484,6.755550156275626,67.41661834716797,0.0051173536869055436,2613.0,401.08788666790684,weak_ink_support
3809,True,0.5132743362831859,0.5995575221238938,-0.04314159292035391,2.9142136573791504,0.6390708510318246,14.317821502685547,0.029141494586680604,2611.0,120.7914936330137,weak_ink_support
3810,True,0.0,0.0,0.0,41.773197174072266,9.160629866913467,62.81797065734864,0.05322576558843098,2615.0,120.6469538489282,weak_ink_support
3812,True,0.0,0.0,0.0,244.38084411621094,53.591360273041026,267.9973937988281,0.0988121585181502,3350.0,115.55462151150972,weak_ink_support
3813,True,0.5641025641025641,0.7086247086247086,0.004079254079254024,2.2360680103302,0.49035728135730183,10.770329475402832,0.05316186508605864,2270.0,126.88588388524764,weak_ink_support
3814,True,0.6067415730337079,0.8584269662921349,-0.11011235955056176,1.4142135381698608,0.31012916540640423,7.071067810058594,0.08581277421616842,2177.0,113.70656886559102,weak_ink_support
3815,True,0.6089108910891089,0.7227722772277227,0.17017326732673266,1.4142135381698608,0.31012916540640423,12.626340675353998,0.0165822002091983,3177.0,106.76129705274643,aligned
3818,True,0.3096774193548387,0.5064516129032258,-0.32096774193548383,5.830951690673828,1.278695283665525,9.848857879638672,0.03604275638247229,2159.0,58.23311266256732,weak_ink_support
3844,True,0.531615925058548,0.7704918032786885,-0.09192037470725989,3.0,0.657883318966972,9.0,0.0165141341194714,24.0,95.49926445688715,weak_ink_support
3847,True,0.7484276729559748,0.789308176100629,0.19732704402515722,0.0,0.0,14.560219764709473,0.0,,64.5789243504088,aligned
3850,True,0.4675324675324675,0.5701298701298702,0.06266233766233764,4.0,0.8771777586226294,20.51828384399414,0.012530222179793379,1970.0,437.15113748768437,weak_ink_support
3851,True,0.6919354838709677,0.8064516129032258,0.013306451612903225,1.4142135381698608,0.31012916540640423,12.806248664855957,0.08493629766498922,1.0,265.1942441776407,weak_ink_support
3853,True,0.60727969348659,0.8390804597701149,0.029693486590038343,2.0,0.4385888793113147,8.227815723419196,0.09272788196692724,2071.0,190.30623283029047,weak_ink_support
3854,True,0.7186046511627907,0.813953488372093,0.023255813953488413,0.0,0.0,8.602325439453125,0.1290267645203301,2127.0,127.87084107761996,weak_ink_support
3855,True,0.2517857142857143,0.3339285714285714,0.03883928571428569,15.588424682617188,3.4184548558889545,25.942243576049805,0.20168694200866127,2261.0,227.76222499946132,weak_ink_support
3856,True,0.5010893246187363,0.6971677559912854,0.033224400871459614,3.0,0.657883318966972,10.0,0.0,,127.20308400213021,weak_ink_support
3857,True,0.0,0.0,0.0,380.1710205078125,83.36939091558015,419.65045166015625,0.0,,135.84812309416225,weak_ink_support
3858,True,0.5180180180180181,0.5855855855855856,0.05067567567567571,2.2360680103302,0.49035728135730183,23.021728515625,0.024189103084826767,3225.0,324.15934958052804,weak_ink_support
3861,True,0.2978142076502732,0.3907103825136612,0.017759562841530074,8.27376937866211,1.8143916197338434,20.51828384399414,0.23590768651240906,2135.0,88.00875380901518,weak_ink_support
3864,True,0.3117505995203837,0.3980815347721823,0.09892086330935254,14.764822959899902,3.2378435776062338,45.617977142333984,0.0,,117.15846753567038,weak_ink_support
3866,True,0.64,0.78,0.02111111111111119,1.0,0.21929443965565734,10.25526809692384,0.028651939355242795,2611.0,118.76228722270638,weak_ink_support
3867,True,0.5233644859813084,0.6822429906542056,0.07320872274143297,2.8284270763397217,0.6202583308128085,21.98403301239013,0.005516427459188884,2615.0,294.1797253700511,weak_ink_support
3868,True,0.5414746543778802,0.652073732718894,0.08467741935483875,1.0,0.21929443965565734,18.027755737304688,0.07400003524875913,2083.0,131.00187306810707,weak_ink_support
3869,True,0.0,0.0,0.0,305.13275146484375,66.91391575307186,361.3211975097656,0.0,,540.0986971569488,weak_ink_support
3870,True,0.6309794988610479,0.7129840546697038,0.10592255125284733,1.4142135381698608,0.31012916540640423,8.062257766723633,0.11194198932547973,2238.0,135.21647120271555,aligned
3871,True,0.5617977528089888,0.7955056179775281,-0.09325842696629205,2.0,0.4385888793113147,8.807493400573739,0.09798133928783175,2177.0,113.74550484530447,weak_ink_support
3872,True,0.6034755134281201,0.6682464454976303,0.16785150078988942,1.0,0.21929443965565734,13.0,0.04518585951135242,3177.0,296.8504609711728,aligned
3875,True,0.4427710843373494,0.677710843373494,-0.27635542168674704,3.8027756214141846,0.8339275490342178,7.071067810058594,0.053482018481823254,2159.0,73.79635262507216,weak_ink_support
3901,True,0.6484018264840182,0.8858447488584474,-0.008561643835616417,2.0,0.4385888793113147,6.795742654800418,0.018334431365589644,24.0,106.02582593686343,weak_ink_support
3904,True,0.7476340694006309,0.7854889589905363,0.19479495268138802,0.0,0.0,14.560219764709473,0.0,,63.80478916250674,aligned
3907,True,0.6433566433566433,0.7645687645687645,0.11538461538461542,0.0,0.0,13.007680892944336,0.0,,97.00652816932926,aligned
3908,True,0.4906832298136646,0.5683229813664596,0.20341614906832295,3.1622776985168457,0.6934699159318334,17.69180679321289,0.02130407527269094,1.0,67.1980243361675,weak_ink_support
3910,True,0.6206896551724138,0.8232758620689655,0.04849137931034486,1.4142135381698608,0.31012916540640423,8.485280990600586,0.0931362815648919,2164.0,132.63592611320325,weak_ink_support
3911,True,0.47880299251870323,0.6109725685785536,0.018079800498753074,3.605551242828369,0.7906773394458062,21.095022201538086,0.08742795951710756,2155.0,103.62633443477016,weak_ink_support
3912,True,0.3884297520661157,0.4179456906729634,-0.00354191263282172,11.661903381347656,2.55739056733105,22.203603744506836,0.4885944133684798,2291.0,514.5024636067665,weak_ink_support
3913,True,0.4192825112107623,0.6367713004484304,-0.0655829596412556,4.0,0.8771777586226294,10.198039054870605,0.0,,113.86690095815074,weak_ink_support
3914,True,0.0,0.0,0.0,386.93798828125,84.85334932162404,426.48797607421875,0.0,,122.26596474837211,weak_ink_support
3915,True,0.2985781990521327,0.4075829383886256,-0.06042654028436023,7.6157732009887695,1.6700967166554044,16.278820037841797,0.0,,121.5742325927302,weak_ink_support
3917,True,0.20861678004535147,0.3854875283446712,-0.14342403628117914,11.180339813232422,2.451786354502641,15.81138801574707,0.12785144556693978,2279.0,103.48276986064076,weak_ink_support
3918,True,0.48498845265588914,0.6997690531177829,-0.09122401847575062,3.605551242828369,0.7906773394458062,8.246211051940918,0.2878508980002269,2140.0,140.01738250225966,weak_ink_support
3921,True,0.3683453237410072,0.42589928057553955,0.12949640287769787,10.0,2.1929443965565736,56.24448852539064,0.0,,348.5233476124219,weak_ink_support
3922,True,0.31806615776081426,0.5852417302798982,-0.20992366412213737,5.656854152679443,1.240516661625617,9.806392288208013,0.0,,107.80516904873693,weak_ink_support
3923,True,0.5582417582417583,0.6637362637362637,0.013736263736263798,2.0,0.4385888793113147,20.51828384399414,0.02963889319167321,2611.0,122.85321082632112,weak_ink_support
3924,True,0.7469879518072289,0.858433734939759,0.08885542168674698,0.0,0.0,7.0,0.0,,62.3404032565387,weak_ink_support
3925,True,0.5462184873949579,0.6526610644257703,0.040616246498599407,1.0,0.21929443965565734,18.675963211059578,0.038241565634684456,2083.0,67.65133671685277,weak_ink_support
3926,True,0.0,0.0,0.0,256.785888671875,56.31171756777884,307.4166564941406,0.010658234963613204,2620.0,352.2207849069078,weak_ink_support
3927,True,0.5067750677506775,0.6070460704607046,0.14430894308943087,2.8284270763397217,0.6202583308128085,18.2701416015625,0.12560302831175216,2239.0,77.23887788165992,aligned
3928,True,0.3595641646489104,0.44794188861985473,-0.12681598062953992,6.7082037925720215,1.471071791788037,16.806939125061035,0.36933252850634224,2177.0,493.7735060255839,weak_ink_support
3929,True,0.565922920892495,0.6957403651115619,0.10243407707910746,1.4142135381698608,0.31012916540640423,13.340806961059574,0.027882355316383473,3177.0,180.6436029990065,aligned
3932,True,0.4984423676012461,0.7476635514018691,-0.26323987538940813,3.1622776985168457,0.6934699159318334,8.062257766723633,0.04865543636599217,2159.0,67.13646644454603,weak_ink_support
3958,True,0.66,0.9488888888888889,-0.0016666666666665941,2.0,0.4385888793113147,6.0,0.019759428702327077,24.0,118.41669203796691,weak_ink_support
3961,True,0.603225806451613,0.6419354838709678,0.09758064516129039,0.0,0.0,14.0,0.0,,59.43303326095556,weak_ink_support
3964,True,0.5268817204301075,0.7849462365591398,-0.001612903225806539,2.2360680103302,0.49035728135730183,12.041594505310059,0.0,,132.96221026056722,weak_ink_support
3967,True,0.6741071428571429,0.8392857142857143,0.10267857142857151,1.0,0.21929443965565734,8.0,0.0941395358415355,2164.0,116.23094638928829,aligned
3969,True,0.6247422680412371,0.8041237113402062,-0.10051546391752586,1.0,0.21929443965565734,8.246211051940918,0.24023337918259832,2258.0,152.97942847016628,weak_ink_support
3970,True,0.5176211453744494,0.6563876651982379,0.05066079295154191,2.8284270763397217,0.6202583308128085,22.83417568206787,0.0,,122.11721729182258,weak_ink_support
3971,True,0.0,0.0,0.0,395.4870300292969,86.7281066413548,437.9794616699219,0.0,,191.03436677086475,weak_ink_support
3974,True,0.5804988662131519,0.7392290249433107,0.06575963718820865,2.2360680103302,0.49035728135730183,17.8885440826416,0.054331295801891485,2268.0,115.00278174196542,weak_ink_support
3975,True,0.3155339805825243,0.6432038834951457,-0.2882281553398058,5.0,1.0964721982782868,9.219544410705566,0.44543224642155377,2140.0,125.51513425756414,weak_ink_support
3976,True,0.45884146341463417,0.5167682926829268,0.16196646341463417,5.656854152679443,1.240516661625617,41.31576919555664,0.08682918111006203,2222.0,314.29164375019525,weak_ink_support
3978,True,0.007159904534606206,0.059665871121718374,-0.020883054892601432,43.011627197265625,9.432210684902396,68.51690368652343,0.007639711828797301,3228.0,118.419861710064,weak_ink_support
3980,True,0.48444444444444446,0.5444444444444444,0.03999999999999998,4.123105525970459,0.9041741159588362,23.021728515625,0.028478139525181866,2611.0,118.04188693562506,weak_ink_support
3981,True,0.6740196078431373,0.7647058823529411,0.014705882352941235,2.0,0.4385888793113147,9.05538558959961,0.0,,119.19397816401653,weak_ink_support
3982,True,0.6783783783783783,0.7337837837837838,0.22432432432432425,0.0,0.0,22.847318649291992,0.21016075953476218,2083.0,386.2967322896298,aligned
3984,True,0.5248868778280543,0.6787330316742082,0.0961538461538462,2.532247543334961,0.5553078060850551,16.067698860168477,0.2769229433061838,2239.0,137.83939173260458,weak_ink_support
3986,True,0.5454545454545454,0.6866028708133971,0.0801435406698564,2.2360680103302,0.49035728135730183,13.892443656921387,0.014125334382514319,3177.0,117.94327562072701,weak_ink_support
3989,True,0.4885245901639344,0.6557377049180327,-0.24508196721311476,3.605551242828369,0.7906773394458062,8.062257766723633,0.04120444264023824,2159.0,56.85532567982685,weak_ink_support
4014,False,,,,,,,,,,off_plate
4015,True,0.647982062780269,0.8923766816143498,-0.026345291479820676,1.0,0.21929443965565734,7.0,0.01896376342860827,24.0,114.64106691836295,weak_ink_support
4018,True,0.17647058823529413,0.21895424836601307,-0.033496732026143755,14.03566837310791,3.077944031073331,34.97138977050781,0.0,,56.424001861423974,weak_ink_support
4020,True,0.0,0.0,0.0,589.834716796875,129.34747370942407,621.9019165039062,0.0040423419472978275,3479.0,118.79403521373662,weak_ink_support
4021,True,0.4292237442922374,0.5753424657534246,-0.11244292237442932,5.0,1.0964721982782868,13.0,0.0,,106.83508222848144,weak_ink_support
4023,True,0.34615384615384615,0.40497737556561086,0.11199095022624433,11.661903381347656,2.55739056733105,23.655367851257342,0.04035724655617441,2033.0,110.81875501559789,weak_ink_support
4024,True,0.6993736951983298,0.8663883089770354,0.10699373695198322,1.0,0.21929443965565734,7.0,0.12052627818760028,2164.0,147.72939571486654,aligned
4026,True,0.7467811158798283,0.7982832618025751,0.14914163090128751,0.0,0.0,12.727922439575195,0.23137096643531135,2257.0,134.69665996252712,aligned
4027,True,0.4774774774774775,0.6036036036036037,-0.0050675675675675436,3.605551242828369,0.7906773394458062,32.77134895324706,0.0,,112.56640891549212,weak_ink_support
4028,True,0.0,0.0,0.0,402.85479736328125,88.34381705037416,443.07200927734374,0.0,,137.15615334247744,weak_ink_support
4031,True,0.5835351089588378,0.648910411622276,0.0780871670702179,0.0,0.0,23.31092681884766,0.04243598073844001,2268.0,89.82402791687446,weak_ink_support
4032,True,0.45317220543806647,0.5800604229607251,-0.1714501510574018,4.123105525970459,0.9041741159588362,10.630146026611328,0.37842883887449585,2137.0,65.52561282730672,weak_ink_support
4033,True,1.0,1.0,0.39420654911838793,0.0,0.0,0.0,0.02381019630792788,2222.0,100.65131148105881,aligned
4035,True,0.0,0.0,0.0,68.3698501586914,14.993127979891486,92.09939956665039,0.05548109682288346,3228.0,119.7132469630387,weak_ink_support
4037,True,0.6965065502183406,0.7794759825327511,0.19814410480349343,0.0,0.0,11.479799079895022,0.030592267180333147,2611.0,126.80494596257361,aligned
4038,True,0.554140127388535,0.6050955414012739,-0.07696390658174102,2.2360680103302,0.49035728135730183,13.34166431427002,0.0,,166.86243829113585,weak_ink_support
4041,True,0.3146551724137931,0.4985632183908046,-0.14116379310344823,6.082762718200684,1.3339160418461422,14.815445899963379,0.23673784654293178,2239.0,348.7911429309041,weak_ink_support
4043,True,0.5427350427350427,0.6752136752136753,0.06677350427350426,2.2360680103302,0.49035728135730183,15.241383743286134,0.019858222574449712,3177.0,159.63457008960611,weak_ink_support
4046,True,0.6519174041297935,0.7846607669616519,0.0022123893805309214,2.0,0.4385888793113147,8.485280990600586,0.03450381786684996,2159.0,79.31209684664316,weak_ink_support
4071,False,,,,,,,,,,off_plate
4072,True,0.8008948545861297,0.8993288590604027,0.12583892617449666,0.0,0.0,6.033105087280276,0.019146083105082368,24.0,115.28725859792671,aligned
4075,True,0.06289308176100629,0.18867924528301888,-0.06918238993710692,30.413772583007812,6.669571216405293,52.17279052734375,0.0,,64.68051886696522,weak_ink_support
4078,True,0.4358974358974359,0.5226824457593688,-0.10108481262327418,5.0,1.0964721982782868,13.0,0.0,,175.02982294069835,weak_ink_support
4080,True,0.4054669703872437,0.4419134396355353,0.17710706150341685,12.529964447021484,2.7477515323148847,23.0347412109375,0.038910515504168304,2033.0,107.5621260723835,weak_ink_support
4081,True,0.6314606741573033,0.8561797752808988,0.03764044943820222,2.2360680103302,0.49035728135730183,7.0,0.04636154730911151,2164.0,112.98024509717149,weak_ink_support
4084,True,0.606318347509113,0.7278250303766707,-0.03736330498177398,2.2360680103302,0.49035728135730183,19.230181884765628,0.11461055051110926,2012.0,491.0460377107011,weak_ink_support
4085,True,0.0,0.0,0.0,410.60748291015625,90.04393788320262,449.48883056640625,0.0,,100.42765069341574,weak_ink_support
4089,True,0.5205047318611987,0.637223974763407,-0.07807570977917977,2.8284270763397217,0.6202583308128085,9.054380989074716,0.17763603186828938,2135.0,52.96980106464769,weak_ink_support
4090,True,1.0,1.0,0.3951612903225806,0.0,0.0,0.0,0.025074040241624455,2222.0,105.61413099081807,aligned
4092,True,0.0,0.0,0.0,84.1812515258789,18.460480382879563,115.24755859375,0.0,,103.1159687012429,weak_ink_support
4094,True,0.6652452025586354,0.7654584221748401,0.06076759061833681,1.0,0.21929443965565734,10.770329475402832,0.033031481998541536,2611.0,136.9154912644552,weak_ink_support
4095,True,0.5408163265306123,0.6020408163265306,-0.0535714285714286,2.0,0.4385888793113147,15.524174690246582,0.0,,107.61185065793252,weak_ink_support
4098,True,0.3574660633484163,0.47058823529411764,0.040158371040724006,6.4031243324279785,1.4041695625252986,16.619106674194345,0.11626751765892496,2237.0,137.74986184529914,weak_ink_support
4103,True,0.46153846153846156,0.6923076923076923,-0.12625418060200666,4.123105525970459,0.9041741159588362,9.899495124816895,0.035361686739985826,2074.0,53.794378148011944,weak_ink_support
4129,True,0.8490990990990991,0.9234234234234234,0.161036036036036,0.0,0.0,5.0,0.018686022959827926,24.0,112.25627012764215,aligned
4132,True,0.0,0.031598513011152414,-0.09711895910780668,43.92365264892578,9.632212795275908,81.11158294677735,0.0,,210.87970536874545,weak_ink_support
4135,True,0.26686807653575023,0.42799597180261834,-0.18126888217522663,7.0,1.5350610775896014,15.524174690246582,0.0,,660.3832868000527,weak_ink_support
4137,True,0.4696969696969697,0.6645021645021645,0.0800865800865801,3.605551242828369,0.7906773394458062,21.470911026000977,0.04682410133248283,2033.0,130.67471443573325,weak_ink_support
4138,True,0.5977777777777777,0.8044444444444444,-0.0005555555555556424,2.2360680103302,0.49035728135730183,8.0,0.06976658689714552,2165.0,118.79108618355566,weak_ink_support
4140,True,0.7139479905437353,0.8226950354609929,0.01654846335697402,1.4142135381698608,0.31012916540640423,12.529964447021484,0.0,,91.79229885134065,weak_ink_support
4141,True,0.5216450216450217,0.6147186147186147,0.04383116883116889,2.8284270763397217,0.6202583308128085,17.880138969421388,0.07578780280428331,2012.0,130.37875062058822,weak_ink_support
4142,True,0.0,0.0,0.0,419.3948059082031,91.97094895613257,457.59478759765625,0.0,,121.54547630127647,weak_ink_support
4145,True,0.6875,0.8169642857142857,0.23660714285714285,1.4142135381698608,0.31012916540640423,10.395985126495365,0.21439053326508392,2047.0,116.413225406472,aligned
4146,True,0.5856697819314641,0.7819314641744548,-0.02024922118380068,2.2360680103302,0.49035728135730183,7.8102498054504395,0.3495113254050551,2135.0,54.02562704142946,weak_ink_support
4147,True,1.0,1.0,0.34605911330049266,0.0,0.0,1.0,0.0238892776445791,2225.0,108.25981843235705,aligned
4148,False,,,,,,,,,,off_plate
4149,True,0.0,0.0,0.0,91.1317367553711,19.984683146615975,124.82026977539063,0.0,,105.10994697687626,weak_ink_support
4151,True,0.4346846846846847,0.49099099099099097,-0.022522522522522515,6.324555397033691,1.3869398318636668,27.294687271118164,0.012454095432494799,2611.0,112.06362483189015,weak_ink_support
4152,True,0.5952380952380952,0.6601731601731602,0.04329004329004327,1.4142135381698608,0.31012916540640423,16.124515533447266,0.0,,159.6225264161785,weak_ink_support
4153,True,0.2097902097902098,0.37995337995337997,-0.13752913752913754,9.433980941772461,2.0688195643481424,40.71854782104492,0.03201882133751107,2114.0,127.16425873081141,weak_ink_support
4155,True,0.5105386416861827,0.6569086651053864,0.10011709601873536,2.8284270763397217,0.6202583308128085,16.124515533447266,0.35568261682583246,2281.0,480.41424862940335,aligned
4157,True,0.6,0.7666666666666667,0.08273809523809517,1.4142135381698608,0.31012916540640423,10.343100357055675,0.015356627803492081,3177.0,119.32980110046286,weak_ink_support
4160,True,0.5808383233532934,0.7994011976047904,-0.062125748502994016,2.0,0.4385888793113147,8.880697631835933,0.05043487714445008,2074.0,76.72464475200427,weak_ink_support
4186,True,0.651394422310757,0.8207171314741036,-0.022410358565737032,1.0,0.21929443965565734,7.0,0.028371214046757784,24.0,169.9975485973642,weak_ink_support
4187,False,,,,,,,,,,off_plate
4189,True,0.0,0.0,0.0,76.40026092529297,16.754152409158134,82.2617691040039,0.0,,55.23908653157619,weak_ink_support
4192,True,0.5078740157480315,0.7106299212598425,-0.02706692913385822,3.0,0.657883318966972,8.561500072479248,0.012110049895393082,1970.0,175.80208204513696,weak_ink_support
4194,True,0.33031674208144796,0.6063348416289592,-0.14705882352941174,4.242640495300293,0.9303874700772783,20.03142433166506,0.03941500266350284,2033.0,110.68825487112485,weak_ink_support
4195,True,0.6143497757847534,0.7533632286995515,0.0016816143497757619,1.0,0.21929443965565734,9.219544410705566,0.0670146775717503,2165.0,114.62978041586409,weak_ink_support
4197,True,0.8135593220338984,0.8753026634382567,0.2388014527845037,0.0,0.0,11.180339813232422,0.5970843911908208,2023.0,493.16618174303903,aligned
4198,True,0.43300653594771243,0.49673202614379086,-0.007352941176470618,6.324555397033691,1.3869398318636668,17.029386520385742,0.16520178861902038,2012.0,279.7934728647309,weak_ink_support
4202,True,0.6836601307189543,0.7777777777777778,0.1473856209150326,1.0,0.21929443965565734,10.630146026611328,0.22108034948782188,2032.0,432.39893872086986,aligned
4203,True,0.7438692098092643,0.8801089918256131,0.15940054495912803,0.0,0.0,7.071067810058594,0.47697769192285605,2134.0,86.16615402673082,aligned
4204,True,0.7960339943342776,0.9121813031161473,0.16926345609065152,0.0,0.0,6.0,0.015882965814642165,2225.0,64.23054220812581,aligned
4205,False,,,,,,,,,,off_plate
4206,True,0.0,0.0,0.0,98.47842407226562,21.595770825099688,129.9168426513672,0.0,,105.73149959134615,weak_ink_support
4207,True,0.6696696696696697,0.7117117117117117,0.08183183183183185,1.0,0.21929443965565734,16.278820037841797,0.0,,75.13857342723897,weak_ink_support
4208,True,0.3980392156862745,0.4980392156862745,0.04362745098039217,6.324555397033691,1.3869398318636668,46.04345703125,0.0,,178.31521328267948,weak_ink_support
4209,True,0.6411764705882353,0.7294117647058823,0.09852941176470598,0.0,0.0,13.601470947265625,0.0,,68.3895157917485,weak_ink_support
4210,True,0.1831578947368421,0.3663157894736842,-0.16210526315789472,9.848857879638672,2.159799769963568,38.07886505126953,0.06013916617938863,2114.0,165.53354700229886,weak_ink_support
4212,True,0.8746987951807229,0.963855421686747,0.0740963855421688,0.0,0.0,3.605551242828369,0.2892273007175018,2281.0,115.32644169795616,weak_ink_support
4213,True,0.497196261682243,0.7065420560747664,-0.15747663551401875,3.1622776985168457,0.6934699159318334,8.172629737854008,0.0,,184.52940994199733,weak_ink_support
4214,True,0.653276955602537,0.7357293868921776,0.22304439746300203,1.0,0.21929443965565734,12.083045959472656,0.024169516411547583,3177.0,163.89089487743777,aligned
4215,False,,,,,,,,,,off_plate
4217,True,0.6910828025477707,0.7770700636942676,0.07165605095541405,1.4142135381698608,0.31012916540640423,10.03491268157959,0.04224086728404538,2074.0,64.25941173808482,weak_ink_support
4242,False,,,,,,,,,,off_plate
4243,True,0.5919282511210763,0.757847533632287,-0.015134529147981968,2.0,0.4385888793113147,8.9721360206604,0.019185148696257225,24.0,114.57821789115928,weak_ink_support
4244,False,,,,,,,,,,off_plate
4246,True,0.0,0.0,-0.004690431519699813,50.990196228027344,11.181866509757269,75.06369018554688,0.0,,207.46937785497087,weak_ink_support
4249,True,0.36153846153846153,0.5326923076923077,-0.07355769230769227,5.385164737701416,1.1809366836076371,11.180339813232422,0.021677515280376716,1970.0,188.47541683925675,weak_ink_support
4251,True,0.4646924829157175,0.6400911161731208,0.0028473804100227484,3.605551242828369,0.7906773394458062,14.560219764709473,0.03798072266675758,2033.0,107.34868943188175,weak_ink_support
4252,True,0.8097601323407775,0.890818858560794,0.24441687344913154,0.0,0.0,7.0,0.4891134983331124,2165.0,875.159805384199,aligned
4255,True,0.34210526315789475,0.4331983805668016,-0.002024291497975672,7.211102485656738,1.5813546788916124,24.74063892364502,0.09725891773400903,2012.0,162.38737356252753,weak_ink_support
4259,True,0.5090497737556561,0.6809954751131222,-0.020927601809954788,2.8284270763397217,0.6202583308128085,10.630146026611328,0.3439703911619898,2057.0,110.4597157390493,weak_ink_support
4260,True,0.7647058823529411,0.8716577540106952,0.18917112299465244,0.0,0.0,7.1690920829772935,0.4247422271221378,2144.0,89.57285377282561,aligned
4261,True,0.6169590643274854,0.7485380116959064,0.05153508771929827,2.0,0.4385888793113147,9.219544410705566,0.0813005541421145,2225.0,339.46250263687216,weak_ink_support
4263,True,0.0,0.0,0.0,112.7696762084961,24.729762954292067,142.8880615234375,0.0,,108.6130403637824,weak_ink_support
4264,True,0.43523316062176165,0.5984455958549223,-0.10556994818652854,4.242640495300293,0.9303874700772783,13.416407585144043,0.0,,102.00164125786932,weak_ink_support
4265,True,0.3690205011389522,0.44874715261959,0.05466970387243736,12.041594505310059,2.6406547196026118,39.44786148071288,0.0,,107.17425385187516,weak_ink_support
4266,True,0.6966292134831461,0.7258426966292135,0.15786516853932586,0.0,0.0,12.083045959472656,0.0,,146.94491612893,aligned
4267,True,0.3264887063655031,0.44353182751540043,-0.1057494866529774,6.324555397033691,1.3869398318636668,16.492422103881836,0.06359105669775546,2114.0,175.0349038994735,weak_ink_support
4269,True,0.6520547945205479,0.7671232876712328,0.03219178082191776,1.0,0.21929443965565734,10.816654205322266,0.05154635420436241,2281.0,73.85433633941155,weak_ink_support
4270,True,0.4714285714285714,0.6642857142857143,-0.07321428571428568,4.0,0.8771777586226294,9.0,0.0,,126.91373433287512,weak_ink_support
4271,True,0.45979899497487436,0.6381909547738693,0.045226130653266305,4.0,0.8771777586226294,13.03840446472168,0.01548074861838283,3177.0,100.9934166200464,weak_ink_support
4272,False,,,,,,,,,,off_plate
4274,True,0.8,0.867741935483871,0.11774193548387113,1.0,0.21929443965565734,8.0,0.04045324460041418,2074.0,61.53996989312097,aligned
4275,True,0.5079365079365079,0.6349206349206349,0.04629629629629628,3.0,0.657883318966972,15.81138801574707,0.0,,101.9854519232343,weak_ink_support
4299,False,,,,,,,,,,off_plate
4300,True,0.6040723981900452,0.7895927601809954,0.02828054298642535,2.0,0.4385888793113147,8.0,0.002369210398128392,24.0,110.66363008767077,weak_ink_support
4301,False,,,,,,,,,,off_plate
4303,True,0.0,0.0,-0.08762886597938144,30.5941162109375,6.7091195712376015,51.788028717041016,0.0,,111.10448096706266,weak_ink_support
4306,True,0.31938325991189426,0.5330396475770925,-0.14757709251101325,5.385164737701416,1.1809366836076371,11.401754379272461,0.017409555777946582,1970.0,122.28770958950575,weak_ink_support
4308,True,0.2905759162303665,0.35732984293193715,-0.001308900523560197,9.848857879638672,2.159799769963568,28.160255432128906,0.07328965225269722,2033.0,432.01350817272095,weak_ink_support
4312,True,0.3695150115473441,0.5265588914549654,0.07505773672055427,5.099019527435303,1.1181866300621794,25.589017486572267,0.06097356708153934,2012.0,101.01854449737922,weak_ink_support
4314,True,0.162291169451074,0.20286396181384247,0.062052505966587124,35.22782897949219,7.725267016343066,68.24954223632812,0.0,,105.76806960080933,weak_ink_support
4316,True,0.5364806866952789,0.778969957081545,0.021995708154506355,2.2360680103302,0.49035728135730183,9.219544410705566,0.2941656075810855,2049.0,134.7559516284802,weak_ink_support
4317,True,0.6786632390745502,0.7429305912596401,0.1446015424164525,0.0,0.0,12.049884796142578,0.23721395047698582,2149.0,97.94137166996585,aligned
4318,True,0.6305882352941177,0.7576470588235295,0.2164705882352942,1.4142135381698608,0.31012916540640423,20.248456954956055,0.061961683269461526,2225.0,123.54752655457182,aligned
4320,True,0.0,0.0,0.0,164.5600128173828,36.087095800515755,207.0386505126953,0.0,,330.6156249443696,weak_ink_support
4321,True,0.4416243654822335,0.6243654822335025,-0.0025380710659898,3.605551242828369,0.7906773394458062,11.313708305358887,0.0,,96.45899541012946,weak_ink_support
4322,True,0.3215077605321508,0.3946784922394678,-0.04212860310421285,9.899495124816895,2.1709042362706326,30.01666259765625,0.0,,118.92101995997855,weak_ink_support
4323,True,0.5398773006134969,0.7361963190184049,0.008179959100204526,3.0,0.657883318966972,8.0,0.0,,179.82857934800447,weak_ink_support
4324,True,0.2017738359201774,0.2749445676274945,-0.11585365853658536,10.770329475402832,2.3618733672152743,39.560081481933594,0.052767863317651854,2114.0,145.24397555909383,weak_ink_support
4326,True,0.4673913043478261,0.5760869565217391,-0.04959239130434784,4.0,0.8771777586226294,12.806248664855957,0.03639195359710885,2270.0,76.51325874263289,weak_ink_support
4327,True,0.4166666666666667,0.6527777777777778,-0.055555555555555525,4.123105525970459,0.9041741159588362,9.219544410705566,0.0,,60.96457409995647,weak_ink_support
4328,True,0.4877450980392157,0.6764705882352942,0.004289215686274439,3.1622776985168457,0.6934699159318334,10.630146026611328,0.014796843180179868,3177.0,109.81914681298582,weak_ink_support
4329,False,,,,,,,,,,off_plate
4331,True,0.44370860927152317,0.6059602649006622,-0.1390728476821192,4.0,0.8771777586226294,11.14397125244142,0.019528153695588326,2074.0,56.68388105021005,weak_ink_support
4332,True,0.4281437125748503,0.5868263473053892,-0.05014970059880236,4.357388496398926,0.9555510686798097,14.317821502685547,0.0,,71.83699252623764,weak_ink_support
4356,False,,,,,,,,,,off_plate
4357,True,0.5846501128668171,0.8690744920993227,0.03216704288939054,2.0,0.4385888793113147,7.0,0.0,,111.81041641038718,weak_ink_support
4358,False,,,,,,,,,,off_plate
4359,False,,,,,,,,,,off_plate
4360,True,0.5032258064516129,0.5967741935483871,0.03790322580645161,3.0,0.657883318966972,10.440306663513184,0.0,,59.442487852041076,weak_ink_support
4361,True,0.17681159420289855,0.4,-0.21956521739130436,7.6157732009887695,1.6700967166554044,29.308433914184576,0.0,,57.230580259963354,weak_ink_support
4363,True,0.39805825242718446,0.6524271844660194,-0.17815533980582526,4.123105525970459,0.9041741159588362,12.206555366516113,0.029429617334510112,1970.0,183.1738427590964,weak_ink_support
4365,True,0.3476297968397291,0.45598194130925507,-0.0349887133182844,7.280109882354736,1.5964876172825953,32.280025482177734,0.022290086354542882,2033.0,110.93891859210812,weak_ink_support
4369,True,0.47619047619047616,0.5510204081632653,0.051587301587301515,4.4721360206604,0.9807145627146037,20.0,0.06607164210156068,2012.0,108.93830768921826,weak_ink_support
4371,True,0.20465116279069767,0.2651162790697674,0.018604651162790697,25.522918701171875,5.597034154950384,61.22091293334961,0.0,,115.6397770644098,weak_ink_support
4373,True,0.40268456375838924,0.5973154362416108,0.03355704697986572,4.242640495300293,0.9303874700772783,17.20465087890625,0.3848592272813278,2044.0,412.56877132568957,weak_ink_support
4374,True,0.6923076923076923,0.8605769230769231,0.04747596153846145,1.0,0.21929443965565734,7.413437843322754,0.11085234291692868,2149.0,118.89285218253497,weak_ink_support
4375,True,0.6017505470459519,0.6323851203501094,0.26641137855579866,1.0,0.21929443965565734,24.05825347900391,0.07440333186830696,2225.0,150.76706311214804,aligned
4377,True,0.0,0.0,0.0,207.15451049804688,45.42783230181118,234.43426361083985,0.0,,114.26029007849478,weak_ink_support
4379,True,0.2762096774193548,0.4838709677419355,-0.11189516129032256,6.324555397033691,1.3869398318636668,27.784887313842773,0.0,,164.34078111157837,weak_ink_support
4380,True,0.5050761421319797,0.799492385786802,-0.06408629441624358,3.0,0.657883318966972,7.049747467041015,0.0,,109.04917613582951,weak_ink_support
4381,True,0.27605633802816903,0.352112676056338,-0.02183098591549293,10.770329475402832,2.3618733672152743,42.85310134887696,0.023802921100628097,2114.0,65.51773509878231,weak_ink_support
4383,True,0.516042780748663,0.6737967914438503,-0.046791443850267345,2.8284270763397217,0.6202583308128085,17.029386520385742,0.039140784387926716,2270.0,81.4794695253644,weak_ink_support
4384,True,0.39552238805970147,0.6156716417910447,-0.146455223880597,5.0,1.0964721982782868,9.05538558959961,0.0,,50.996514774478264,weak_ink_support
4385,True,0.5987525987525988,0.7110187110187111,0.14033264033264037,2.2360680103302,0.49035728135730183,12.727922439575195,0.01945356182542244,3177.0,170.29845935676053,aligned
4386,False,,,,,,,,,,off_plate
4388,True,0.7459807073954984,0.8327974276527331,0.01688102893890675,1.4142135381698608,0.31012916540640423,9.0,0.04421796553000473,2162.0,62.838570269231965,weak_ink_support
4389,True,0.36684782608695654,0.4320652173913043,-0.021059782608695676,8.801162719726562,1.930046046940698,20.615528106689453,0.0,,95.11484852163571,weak_ink_support
4413,False,,,,,,,,,,off_plate
4414,True,0.6391982182628062,0.8619153674832962,0.10244988864142535,2.0,0.4385888793113147,7.0,0.12405056829407778,2104.0,117.3516891657967,aligned
4415,False,,,,,,,,,,off_plate
4416,False,,,,,,,,,,off_plate
4417,True,0.4342105263157895,0.5427631578947368,-0.11348684210526316,4.123105525970459,0.9041741159588362,13.830313301086422,0.0,,55.18976619862922,weak_ink_support
4418,True,0.22482435597189696,0.3583138173302108,-0.17974238875878215,7.8102498054504395,1.7127443546569612,26.59321746826172,0.0,,125.0889321793814,weak_ink_support
4420,True,0.6028225806451613,0.7600806451612904,-0.02872983870967749,2.2360680103302,0.49035728135730183,11.661903381347656,0.027587489880765478,1970.0,164.03226340971244,weak_ink_support
4422,True,0.4891304347826087,0.5717391304347826,0.11467391304347824,3.1622776985168457,0.6934699159318334,30.08321762084961,0.02569394611752369,2033.0,128.23041716573158,weak_ink_support
4426,True,0.4609375,0.5846354166666666,0.052734375,4.182872772216797,0.9172807407341885,25.298221588134766,0.26454454281425194,2012.0,435.93162491117465,weak_ink_support
4428,True,0.17997293640054127,0.2665764546684709,-0.07239512855209743,13.416407585144043,2.942143583576074,46.72021789550783,0.0038236466159450784,3477.0,397.6658629192655,weak_ink_support
4430,True,0.22602739726027396,0.2534246575342466,-0.11643835616438356,11.401754379272461,2.5003413376939916,24.166091918945312,0.35804831559300854,2043.0,106.0458207120241,weak_ink_support
4432,True,0.6182266009852216,0.6502463054187192,0.3004926108374384,0.0,0.0,24.75883674621582,0.052936087417704884,2225.0,108.29530679169338,aligned
4435,True,0.19523809523809524,0.34523809523809523,-0.05178571428571427,11.180339813232422,2.451786354502641,28.844409942626953,0.08009211912868132,2467.0,88.46126318138647,weak_ink_support
4436,True,0.18160919540229886,0.3839080459770115,-0.1275862068965517,10.0,2.1929443965565736,26.79536628723145,0.0,,103.3000194294747,weak_ink_support
4437,True,0.6256410256410256,0.7948717948717948,0.08269230769230762,2.2360680103302,0.49035728135730183,8.246211051940918,0.0,,106.02085074613152,weak_ink_support
4438,True,0.5029940119760479,0.9880239520958084,-0.050149700598802416,2.8284270763397217,0.6202583308128085,5.656854152679443,0.03912794167608141,2202.0,73.03894366898952,weak_ink_support
4440,True,0.5245901639344263,0.644808743169399,-0.002049180327868827,2.8284270763397217,0.6202583308128085,19.364848136901855,0.03636185853880139,2270.0,74.93150045595453,weak_ink_support
4441,True,0.6377491207502931,0.8839390386869871,-0.06447831184056263,1.0,0.21929443965565734,7.0,0.0,,343.04767195254624,weak_ink_support
4445,True,0.7147766323024055,0.845360824742268,0.04982817869415812,2.0,0.4385888793113147,7.6157732009887695,0.03566111388246793,2162.0,50.67834722205739,weak_ink_support
4446,True,0.46105919003115264,0.5295950155763239,0.049844236760124616,5.0,1.0964721982782868,21.540658950805664,0.0,,62.14218205072239,weak_ink_support
4470,False,,,,,,,,,,off_plate
4472,False,,,,,,,,,,off_plate
4473,False,,,,,,,,,,off_plate
4474,True,0.6038338658146964,0.6741214057507987,0.09105431309904144,0.0,0.0,13.601470947265625,0.0,,61.68547391906872,weak_ink_support
4475,True,0.2853598014888337,0.3920595533498759,-0.1495037220843673,8.9442720413208,1.9614291254292073,21.60082893371582,0.0,,105.33345025978046,weak_ink_support
4477,True,0.5924276169265034,0.7906458797327395,-0.027839643652561197,2.2360680103302,0.49035728135730183,12.083045959472656,0.019576352310103236,1970.0,116.88559333044954,weak_ink_support
4479,True,0.5239043824701195,0.5737051792828686,0.14243027888446208,1.4142135381698608,0.31012916540640423,28.460498809814453,0.033432207756287496,2033.0,169.83474768191763,aligned
4482,True,0.5492700729927007,0.5857664233576643,0.027828467153284686,1.0,0.21929443965565734,21.959013557434083,0.15804617637482202,2022.0,215.96821691373174,weak_ink_support
4483,True,0.49557522123893805,0.5685840707964602,0.09292035398230092,3.605551242828369,0.7906773394458062,27.996353530883795,0.008696304351779465,2012.0,120.81465239073333,weak_ink_support
4485,True,0.19612590799031476,0.29055690072639223,-0.04358353510895882,11.180339813232422,2.451786354502641,41.617305755615234,0.004790160028480555,3477.0,100.12776312617531,weak_ink_support
4486,True,0.5706666666666667,0.7133333333333334,0.12866666666666665,2.0,0.4385888793113147,17.029386520385742,0.2420359904948082,2067.0,415.5945138962466,aligned
4487,True,0.42152466367713004,0.48654708520179374,-0.06950672645739914,6.4031243324279785,1.4041695625252986,22.637856483459473,0.24792033378590606,2043.0,114.23579204887474,weak_ink_support
4488,True,0.6919060052219321,0.8381201044386423,0.09725848563968664,0.0,0.0,7.266308403015137,0.0,,96.54337368392872,weak_ink_support
4489,True,0.4587378640776699,0.5266990291262136,0.0976941747572816,5.242092132568359,1.149561656834908,28.300175666809082,0.054835130233904544,2225.0,113.23079124292852,weak_ink_support
4492,True,0.3064182194616977,0.37681159420289856,0.051759834368530044,10.770329475402832,2.3618733672152743,27.294687271118164,0.12807999113007057,2467.0,151.07321881231286,weak_ink_support
4493,True,0.289532293986637,0.40089086859688194,0.007795100222717177,9.433980941772461,2.0688195643481424,26.870058059692383,0.0,,117.3575339268735,weak_ink_support
4494,True,0.5541284403669725,0.581651376146789,0.1605504587155963,1.4142135381698608,0.31012916540640423,26.909105110168458,0.0,,630.0337028974172,aligned
4497,True,0.26150121065375304,0.39709443099273606,-0.05871670702179177,8.062257766723633,1.7680082993131305,21.840330123901367,0.05592275610394166,2270.0,113.99874407336614,weak_ink_support
4498,True,0.6896551724137931,0.8896551724137931,0.03534482758620694,2.0,0.4385888793113147,6.332412290573122,0.0,,62.16064387850804,weak_ink_support
4499,True,0.4294234592445328,0.49502982107355864,0.008449304174950267,6.4031243324279785,1.4041695625252986,20.615528106689453,0.0718687906796552,3476.0,155.94432082661407,weak_ink_support
4502,True,0.5652173913043478,0.8136645962732919,-0.11568322981366463,2.2360680103302,0.49035728135730183,8.0,0.049548360416099065,2162.0,70.41364500633865,weak_ink_support
4503,True,0.7929292929292929,0.9116161616161617,0.1262626262626263,0.0,0.0,5.0,0.0,,115.1784065595956,aligned
4527,False,,,,,,,,,,off_plate
4528,True,0.5153129161118508,0.7523302263648469,-0.0279627163781625,3.0,0.657883318966972,8.9442720413208,0.22344900115192357,2107.0,395.1623910704954,weak_ink_support
4529,False,,,,,,,,,,off_plate
4530,False,,,,,,,,,,off_plate
4531,True,0.4205298013245033,0.4602649006622517,0.033112582781456956,9.01541805267334,1.9770310501224975,15.524174690246582,0.0,,54.11484669692804,weak_ink_support
4532,True,0.3992583436341162,0.4857849196538937,0.07601977750309025,6.4031243324279785,1.4041695625252986,43.931766510009766,0.054142272221263284,2424.0,443.12547944398233,weak_ink_support
4534,True,0.46306306306306305,0.7081081081081081,-0.11981981981981987,3.605551242828369,0.7906773394458062,9.848857879638672,0.03677599367039686,1970.0,223.0325006189834,weak_ink_support
4536,True,0.39588100686498856,0.551487414187643,-0.040617848970251724,5.0,1.0964721982782868,27.73084831237793,0.020971572657423256,2033.0,105.40746703268228,weak_ink_support
4539,True,0.5274949083503055,0.5519348268839104,0.020875763747454257,0.0,0.0,23.430749893188477,0.19493577756396674,2022.0,159.1496915604958,weak_ink_support
4540,True,0.24866785079928952,0.3285968028419183,0.0071047957371225545,9.899495124816895,2.1709042362706326,32.526912689208984,0.0,,230.6521313322966,weak_ink_support
4542,True,0.26932668329177056,0.33665835411471323,0.07855361596009974,13.45362377166748,2.9503048863458514,42.20189666748047,0.00428686141357015,3477.0,88.75797571235276,weak_ink_support
4543,True,0.5440180586907449,0.6862302483069977,0.005079006772009009,2.2360680103302,0.49035728135730183,26.476404190063477,0.032417592935901594,2111.0,111.75825052921266,weak_ink_support
4544,True,0.43507972665148065,0.4806378132118451,0.014806378132118436,8.062257766723633,1.7680082993131305,29.4108829498291,0.210530263877956,2054.0,107.71605225015597,weak_ink_support
4545,True,0.6521739130434783,0.8231884057971014,0.02753623188405796,0.0,0.0,8.0,5.324618279089107e-05,2169.0,75.97032376385354,weak_ink_support
4546,True,0.2549019607843137,0.48179271708683474,-0.11344537815126055,6.324555397033691,1.3869398318636668,30.35093002319337,0.032474048861071206,2225.0,67.24520279132041,weak_ink_support
4548,True,0.0,0.0,0.0,64.64895629882812,14.177156645874595,70.69087524414063,0.0,,84.40108631283377,weak_ink_support
4550,True,0.321011673151751,0.490272373540856,-0.011186770428015524,6.324555397033691,1.3869398318636668,15.620499610900879,0.0,,182.41829392665915,weak_ink_support
4551,True,0.0,0.0,0.0,27.20294189453125,5.965453899746636,42.20189666748047,0.0,,115.57353695688188,weak_ink_support
4553,True,0.49899396378269617,0.6177062374245473,-0.015593561368209274,3.1622776985168457,0.6934699159318334,14.866068840026855,0.005971648703102202,2620.0,165.3363483122299,weak_ink_support
4554,True,0.4083333333333333,0.5916666666666667,-0.03888888888888886,5.0,1.0964721982782868,14.866068840026855,0.03466999143173729,2270.0,69.86718759981605,weak_ink_support
4555,True,0.7100371747211895,0.8773234200743495,-0.04646840148698894,2.0,0.4385888793113147,6.464140224456792,0.0,,51.52235373998827,weak_ink_support
4556,True,0.40631163708086787,0.4970414201183432,-0.022682445759368786,6.4031243324279785,1.4041695625252986,21.21320343017578,0.2875042978512937,3096.0,159.51728886137602,weak_ink_support
4559,True,0.6613924050632911,0.9240506329113924,-0.11946202531645567,1.0,0.21929443965565734,5.743902921676636,0.04713157597539355,2162.0,66.97912971187519,weak_ink_support
4560,True,0.7767857142857143,0.8720238095238095,0.13467261904761907,0.0,0.0,7.0,0.0,,76.43457409968043,aligned
4584,False,,,,,,,,,,off_plate
4585,True,0.8217821782178217,0.9900990099009901,0.1188118811881188,0.0,0.0,5.830951690673828,0.06689055210869642,2107.0,106.39536694494267,aligned
4586,False,,,,,,,,,,off_plate
4588,True,0.6144859813084113,0.6495327102803738,0.052570093457943945,0.0,0.0,15.231546401977539,0.0,,137.71840030046707,weak_ink_support
4589,True,0.0,0.019230769230769232,-0.1875,22.803508758544922,5.000682675387983,52.02863883972168,0.10621620181271839,2424.0,116.43284921004609,weak_ink_support
4591,True,0.501002004008016,0.7595190380761523,-0.06212424849699405,3.0,0.657883318966972,8.30576953887939,0.027605288545356352,1970.0,167.25468722632286,weak_ink_support
4593,True,0.22391304347826088,0.3652173913043478,-0.12336956521739131,8.602325439453125,1.8864421369804794,29.529645919799805,0.018413994788927527,2036.0,128.07245983245284,weak_ink_support
4594,True,0.578125,0.7700892857142857,0.0234375,2.8284270763397217,0.6202583308128085,8.062257766723633,0.08525359134197988,2164.0,116.80568637434925,weak_ink_support
4596,True,0.5992578849721707,0.6437847866419295,-0.06586270871985156,0.0,0.0,12.569556045532224,0.21142769958428442,2022.0,207.22423040878752,weak_ink_support
4597,True,0.4622222222222222,0.5955555555555555,0.06888888888888883,3.864328384399414,0.8474257277023212,15.623697280883789,0.0,,118.6907053837644,weak_ink_support
4599,True,0.3157894736842105,0.37860780984719866,0.10823429541595922,12.041594505310059,2.6406547196026118,43.8292121887207,0.00766135466404667,3477.0,260.73173420909103,weak_ink_support
4601,True,0.3942931258106355,0.4565499351491569,-0.1177042801556421,7.071067810058594,1.5506458531739553,20.808652877807617,0.5012427699826308,2054.0,438.36271882233115,modern_proxy_suspect
4602,True,0.5671641791044776,0.6626865671641791,-0.06119402985074629,1.0,0.21929443965565734,10.770329475402832,0.027693248040375408,2169.0,80.37481030688565,weak_ink_support
4603,True,0.0702247191011236,0.3398876404494382,-0.13974719101123595,17.958148956298828,3.93812221262438,25.88424301147461,0.03181992400770233,2225.0,66.24896286378825,weak_ink_support
4605,True,0.0,0.0,0.0,55.31726837158203,12.130769370827698,69.2603759765625,0.0,,72.11515780072473,weak_ink_support
4607,True,0.07743362831858407,0.15265486725663716,-0.11946902654867257,15.231546401977539,3.3401934333108088,32.429869461059575,0.0,,120.12704427262899,weak_ink_support
4608,True,0.23255813953488372,0.35917312661498707,-0.08268733850129198,15.0,3.28941659483486,29.832868576049805,0.0,,103.86694910425558,weak_ink_support
4610,True,0.6202247191011236,0.7393258426966293,0.03764044943820233,1.0,0.21929443965565734,15.65247631072998,0.0,,113.72355121652944,weak_ink_support
4611,True,0.358974358974359,0.5034965034965035,-0.0582750582750583,5.830951690673828,1.278695283665525,19.10497283935547,0.06313367499685353,2270.0,127.43597663693875,weak_ink_support
4613,True,0.3687374749498998,0.4969939879759519,-0.06062124248496997,6.324555397033691,1.3869398318636668,21.931713104248047,0.1947893198930375,3096.0,150.9233220947441,weak_ink_support
4615,False,,,,,,,,,,off_plate
4616,True,0.5395189003436426,0.7010309278350515,-0.17010309278350522,2.2360680103302,0.49035728135730183,9.219544410705566,0.09037741251926448,2131.0,51.52396631521095,weak_ink_support
4617,True,0.6146788990825688,0.7584097859327217,-0.10168195718654438,1.0,0.21929443965565734,9.022154235839846,0.0,,72.11723306083401,weak_ink_support
4642,True,0.7607843137254902,1.0,0.05882352941176472,0.0,0.0,5.0,0.10625519325585216,2107.0,194.58426204598254,weak_ink_support
4643,False,,,,,,,,,,off_plate
4645,True,0.8300653594771242,0.8986928104575164,0.0931372549019609,0.0,0.0,6.041381359100342,0.0,,57.00761096739898,weak_ink_support
4646,True,0.15980629539951574,0.2179176755447942,-0.10714285714285715,10.630146026611328,2.3311319163635438,38.93840789794922,0.09586376312131045,2424.0,114.13849179364506,weak_ink_support
4648,True,0.6979405034324943,0.8787185354691075,0.024027459954233388,1.0,0.21929443965565734,6.7082037925720215,0.01735432527228921,1970.0,104.9375726065168,weak_ink_support
4650,True,0.2918968692449355,0.3692449355432781,-0.0474217311233886,9.219544410705566,2.0217948254261247,38.1507682800293,0.2643060111505283,2036.0,752.6447007692321,weak_ink_support
4651,True,0.5955056179775281,0.7910112359550562,0.02752808988764044,2.0,0.4385888793113147,8.602325439453125,0.05552122552610479,2164.0,113.03403336577442,weak_ink_support
4653,True,0.5552665799739922,0.6788036410923277,0.005526657997399154,2.2360680103302,0.49035728135730183,10.630146026611328,0.2460269066481545,2022.0,436.30393213930853,weak_ink_support
4654,True,0.3761467889908257,0.5019659239842726,-0.032437745740498014,6.0,1.315766637933944,13.0,0.0,,430.9635165026502,weak_ink_support
4656,True,0.2981220657276995,0.4154929577464789,0.019953051643192443,9.219544410705566,2.0217948254261247,41.72529220581055,0.0011794983451785532,3477.0,111.45270076271991,weak_ink_support
4657,True,0.8206896551724138,0.9126436781609195,0.14137931034482765,0.0,0.0,5.0,0.06090281927659855,2111.0,103.08229963273419,aligned
4659,True,0.6750788643533123,0.8138801261829653,0.01104100946372244,0.0,0.0,6.824922275543223,0.02532099580490854,2169.0,73.48976297882402,weak_ink_support
4660,True,0.24714285714285714,0.45,-0.20392857142857143,7.071067810058594,1.5506458531739553,21.931713104248047,0.14123771827537038,2206.0,354.60092601149483,weak_ink_support
4662,True,0.0,0.0,0.0,34.01470184326172,7.459234980772334,47.52892646789551,0.0,,71.32873375412136,weak_ink_support
4664,True,0.0,0.027896995708154508,-0.05954935622317597,19.052486419677734,4.17810433345025,32.24903106689453,0.0,,134.30281964339946,weak_ink_support
4665,True,0.31952662721893493,0.636094674556213,-0.13091715976331358,4.4721360206604,0.9807145627146037,23.794925880432128,0.0,,67.10973745240709,weak_ink_support
4666,True,0.6606683804627249,0.7737789203084833,0.115038560411311,2.0,0.4385888793113147,8.485280990600586,0.059566686974922574,2202.0,111.19133049539482,aligned
4668,True,0.37383177570093457,0.4322429906542056,0.05607476635514014,9.433980941772461,2.0688195643481424,19.72308349609375,0.13543569731747082,2290.0,126.07087791505262,weak_ink_support
4670,True,0.39959016393442626,0.5061475409836066,-0.0210040983606557,5.656854152679443,1.240516661625617,23.34523582458496,0.13982129403472152,3099.0,139.0571203542143,weak_ink_support
4671,False,,,,,,,,,,off_plate
4672,False,,,,,,,,,,off_plate
4673,True,0.8269230769230769,0.875,0.039262820512820484,0.0,0.0,7.8102498054504395,0.10109359064427607,2131.0,64.79193190811945,weak_ink_support
4699,True,0.7122448979591837,0.963265306122449,0.014285714285714346,0.0,0.0,4.4721360206604,0.07229804867244383,2087.0,177.98804489803484,weak_ink_support
4700,False,,,,,,,,,,off_plate
4702,True,0.6587837837837838,0.7128378378378378,0.014358108108108114,0.0,0.0,16.41588306427002,0.0,,50.26299353909302,weak_ink_support
4703,True,0.22058823529411764,0.3088235294117647,-0.0422794117647059,13.797880172729492,3.025798400914619,47.42678527832031,0.012180108727790252,2424.0,109.44835055322862,weak_ink_support
4704,True,0.0,0.0,0.0,852.98828125,187.05558716956102,886.9120483398438,0.008727279042492481,3479.0,118.99460877172882,weak_ink_support
4705,True,0.6297117516629712,0.7937915742793792,-0.003325942350332567,1.0,0.21929443965565734,8.062257766723633,0.019685801342279142,1970.0,119.25084379634822,weak_ink_support
4707,True,0.3624161073825503,0.4250559284116331,0.04250559284116323,9.433980941772461,2.0688195643481424,23.843483352661153,0.09720403961257024,2036.0,114.94622012961227,weak_ink_support
4708,True,0.6636771300448431,0.8161434977578476,0.08239910313901344,1.0,0.21929443965565734,7.807886600494385,0.05176714475247622,2071.0,114.16968316033383,weak_ink_support
4710,True,0.6236559139784946,0.7784946236559139,0.1510752688172043,1.4142135381698608,0.31012916540640423,18.357559204101562,0.03614923911564369,3148.0,133.5901506038514,aligned
4711,True,0.560081466395112,0.6904276985743381,0.07586558044806524,2.2360680103302,0.49035728135730183,12.529964447021484,0.0,,159.238049719742,weak_ink_support
4713,True,0.1933139534883721,0.3328488372093023,-0.09811046511627902,10.816654205322266,2.3720321229051557,48.65893440246583,0.023774689384496766,3477.0,351.35312553618155,weak_ink_support
4714,True,0.668918918918919,0.8108108108108109,0.09177927927927931,1.0,0.21929443965565734,14.190208148956295,0.06373779191621674,2111.0,112.59540591850444,weak_ink_support
4716,True,0.9228070175438596,1.0,0.21842105263157896,0.0,0.0,3.0,0.020083658513799528,2169.0,58.28930723335347,aligned
4717,True,0.5601965601965602,0.7371007371007371,0.09950859950859947,2.8284270763397217,0.6202583308128085,15.575495338439946,0.0362183495204326,2225.0,109.0977710676465,weak_ink_support
4719,True,0.5877318116975749,0.6718972895863052,0.19258202567760346,1.0,0.21929443965565734,24.331050872802734,0.0,,353.57816324232783,aligned
4721,True,0.1728110599078341,0.2672811059907834,-0.00864055299539171,15.0,3.28941659483486,23.323806762695312,0.0,,102.5815828764242,weak_ink_support
4722,True,0.053164556962025315,0.2430379746835443,-0.2291139240506329,8.9442720413208,1.9614291254292073,25.14331550598145,0.0,,109.68915821321794,weak_ink_support
4723,True,0.4403183023872679,0.7559681697612732,-0.10676392572944304,3.605551242828369,0.7906773394458062,7.8102498054504395,0.05488308382477033,2202.0,102.44859034607116,weak_ink_support
4725,True,0.6958424507658644,0.7352297592997812,0.08096280087527352,1.0,0.21929443965565734,13.45362377166748,0.1647773245812837,2290.0,150.8054769900449,weak_ink_support
4727,True,0.3978685612788632,0.43872113676731794,0.039520426287744215,10.630146026611328,2.3311319163635438,24.20743751525879,0.22160530748632715,3099.0,220.93895237338228,weak_ink_support
4728,False,,,,,,,,,,off_plate
4729,False,,,,,,,,,,off_plate
4730,True,0.7682119205298014,0.9139072847682119,0.004139072847682113,1.0,0.21929443965565734,5.656854152679443,0.11915093196751661,2143.0,58.824948267039446,weak_ink_support
4756,True,0.7588652482269503,0.9574468085106383,0.0715130023640661,0.0,0.0,4.0,0.4646456841997859,2087.0,121.73927599104712,weak_ink_support
4759,True,0.4577922077922078,0.5454545454545454,-0.025974025974025983,4.061553001403809,0.8906759895746016,26.604460334777833,0.012079545474197304,3396.0,57.907649024519536,weak_ink_support
4760,True,0.26666666666666666,0.31827956989247314,0.04569892473118278,22.671567916870117,4.971748782445212,56.61272048950195,0.0,,157.1617873698594,weak_ink_support
4762,True,0.6404494382022472,0.8292134831460675,0.024719101123595544,2.0,0.4385888793113147,8.062257766723633,0.018587565199753207,1970.0,113.0799034069584,weak_ink_support
4763,True,0.4307692307692308,0.49846153846153846,-0.0015384615384614886,6.324555397033691,1.3869398318636668,20.51828384399414,0.008885390646978585,3.0,69.55146707108844,weak_ink_support
4764,True,0.1986754966887417,0.40176600441501104,-0.06732891832229584,10.29563045501709,2.257774511534693,33.105892181396484,0.09886059795271578,2036.0,121.11855979433867,weak_ink_support
4765,True,0.6635730858468677,0.7911832946635731,0.07482598607888635,1.0,0.21929443965565734,8.062257766723633,0.04541313057638138,2071.0,99.8395272878283,weak_ink_support
4767,True,0.5155925155925156,0.6486486486486487,0.06340956340956344,2.8284270763397217,0.6202583308128085,24.166091918945312,0.054253289600837924,3148.0,149.61894445285986,weak_ink_support
4768,True,0.450199203187251,0.5936254980079682,0.018426294820717115,4.061553001403809,0.8906759895746016,14.720122814178483,0.0,,170.60043416681697,weak_ink_support
4770,True,0.19811320754716982,0.22169811320754718,0.08195754716981132,34.532371520996094,7.572757062677818,65.78059692382813,0.01625863229019567,3477.0,109.55186196894203,weak_ink_support
4771,True,0.5169300225733634,0.654627539503386,0.04006772009029341,2.8284270763397217,0.6202583308128085,27.73084831237793,0.04817702033295592,2111.0,111.57391889448347,weak_ink_support
4773,True,1.0,1.0,0.15340909090909083,0.0,0.0,0.0,0.01758972680648178,2169.0,51.051106513750405,aligned
4774,True,0.5602240896358543,0.6610644257703081,0.1092436974789916,1.4142135381698608,0.31012916540640423,18.357559204101562,0.026061143108668857,2225.0,67.35119072727925,aligned
4776,True,0.4697674418604651,0.6511627906976745,-0.018604651162790697,4.0,0.8771777586226294,7.6157732009887695,0.0,,128.02085179144288,weak_ink_support
4778,True,0.20995670995670995,0.38961038961038963,-0.0600649350649351,8.246211051940918,1.8083482319176725,22.46105175018311,0.0,,130.34848578812287,weak_ink_support
4779,True,0.4580152671755725,0.5216284987277354,-0.15776081424936395,5.656854152679443,1.240516661625617,10.770329475402832,0.0,,108.07765213138846,weak_ink_support
4780,True,0.4511494252873563,0.6120689655172413,-0.007183908045977017,4.242640495300293,0.9303874700772783,11.401754379272461,0.04391286014359659,2202.0,81.97080605272401,weak_ink_support
4784,True,0.39960629921259844,0.4645669291338583,-0.023622047244094446,7.413437843322754,1.6257256977735084,26.90724754333496,0.31451425797854654,2286.0,161.03664218737657,weak_ink_support
4785,False,,,,,,,,,,off_plate
4786,False,,,,,,,,,,off_plate
4787,True,0.7545454545454545,0.8787878787878788,0.04469696969696968,0.0,0.0,7.007106781005861,0.045871423944503546,2072.0,76.68671800816806,weak_ink_support
4813,True,0.695,0.885,0.03500000000000003,0.0,0.0,7.654195880889901,0.05232775650971299,2150.0,103.21351697581267,weak_ink_support
4815,False,,,,,,,,,,off_plate
4816,True,0.3268608414239482,0.36893203883495146,0.03964401294498382,14.03566837310791,3.077944031073331,38.60828552246094,0.15509311966965744,3396.0,58.77160290907426,weak_ink_support
4817,True,0.20822622107969152,0.23136246786632392,0.08483290488431877,30.610456466674805,6.712702898463344,54.40034866333008,0.26300416598079224,2389.0,93.76709040750538,weak_ink_support
4818,True,0.0,0.0,0.0,881.9461669921875,193.40589049700657,913.7173706054688,0.015667633771392537,3479.0,96.53951834328521,weak_ink_support
4819,True,0.7632183908045977,0.9172413793103448,0.11091954022988515,1.4142135381698608,0.31012916540640423,5.830951690673828,0.0033986725352193143,1970.0,103.28128649027313,aligned
4820,True,0.3128834355828221,0.42024539877300615,-0.1549079754601227,6.889636039733887,1.510858874764865,20.51828384399414,0.009674235133288096,3.0,70.15562339824413,weak_ink_support
4821,True,0.3116591928251121,0.4977578475336323,0.033071748878923724,6.082762718200684,1.3339160418461422,35.0,0.08990718371591258,2036.0,114.03121499106959,weak_ink_support
4822,True,0.6440329218106996,0.831275720164609,0.03240740740740744,1.0,0.21929443965565734,9.0,0.07028466002895455,2071.0,154.53572870649447,weak_ink_support
4824,True,0.5711340206185567,0.668041237113402,0.07989690721649484,2.2360680103302,0.49035728135730183,23.323806762695312,0.055561482336017404,3148.0,153.44284228548614,weak_ink_support
4825,True,0.3851203501094092,0.5667396061269147,-0.0432166301969365,5.0,1.0964721982782868,11.704699516296387,0.0,,125.35931680710223,weak_ink_support
4827,True,0.24278846153846154,0.28846153846153844,0.019831730769230754,27.0364990234375,5.9289539035954535,59.64059066772461,0.01518991182851793,3477.0,102.35074477707921,weak_ink_support
4828,True,0.5154867256637168,0.5973451327433629,-0.0033185840707964376,3.0,0.657883318966972,27.658634185791016,0.07874149814934624,2163.0,120.15307286078863,weak_ink_support
4830,True,0.9868852459016394,1.0,0.13524590163934436,0.0,0.0,1.0,0.010774089773854604,2169.0,68.87468583155935,aligned
4831,True,0.3979848866498741,0.5138539042821159,-0.06423173803526444,5.830951690673828,1.278695283665525,20.16426620483399,0.006835272066789855,2222.0,100.20461617451336,weak_ink_support
4833,True,0.5520628683693517,0.6286836935166994,0.075147347740668,0.0,0.0,10.049875259399414,0.0,,193.9651264149582,weak_ink_support
4835,True,0.2821011673151751,0.41050583657587547,-0.01410505836575876,10.29563045501709,2.257774511534693,26.4007568359375,0.0,,182.15245510720445,weak_ink_support
4836,True,0.8291925465838509,0.8633540372670807,0.12810559006211175,0.0,0.0,8.602325439453125,0.0,,55.10563842718897,aligned
4837,True,0.4194373401534527,0.5166240409207161,0.12787723785166238,5.385164737701416,1.1809366836076371,14.21267032623291,0.05952706994698878,2202.0,111.11737858922139,weak_ink_support
4839,True,0.529891304347826,0.6086956521739131,0.08491847826086951,2.8284270763397217,0.6202583308128085,19.28279571533204,0.05668537512127551,2289.0,76.19403369814667,weak_ink_support
4840,False,,,,,,,,,,off_plate
4841,True,0.5100401606425703,0.6405622489959839,-0.11244979919678721,3.0,0.657883318966972,13.601470947265625,0.426892076814702,2286.0,149.7647222872958,weak_ink_support
4843,False,,,,,,,,,,off_plate
4844,True,0.7010309278350515,0.8934707903780069,0.03264604810996552,1.0,0.21929443965565734,6.324555397033691,0.04415485874785745,2072.0,52.88430185336899,weak_ink_support
4869,False,,,,,,,,,,off_plate
4870,True,0.5472154963680388,0.7409200968523002,-0.07687651331719125,2.0,0.4385888793113147,9.0,0.05707545026755467,2150.0,113.64090065297087,weak_ink_support
4873,True,0.19805194805194806,0.275974025974026,-0.024350649350649345,18.572925567626953,4.072939305118984,41.231056213378906,0.0,,57.74861757151093,weak_ink_support
4874,True,0.30434782608695654,0.5,0.015096618357487934,6.07775354385376,1.332817557764596,37.202152252197266,0.09153080555220779,2389.0,114.77397232043883,weak_ink_support
4876,True,0.6032482598607889,0.8004640371229699,-0.051044083526682105,2.0,0.4385888793113147,8.062257766723633,0.0,,99.62269964834259,weak_ink_support
4877,True,0.4342105263157895,0.5230263157894737,-0.045230263157894746,5.328427314758301,1.1684944822358205,20.51828384399414,0.008206316929738517,3.0,55.372114920147084,weak_ink_support
4878,True,0.33176470588235296,0.3905882352941176,0.10941176470588238,11.313708305358887,2.481033323251234,36.2353401184082,0.06977223683028182,2036.0,93.8288847253373,weak_ink_support
4879,True,0.6747252747252748,0.8549450549450549,0.0725274725274726,1.0,0.21929443965565734,8.062257766723633,0.05627748890054485,2071.0,123.08601914123247,weak_ink_support
4881,True,0.6299045599151644,0.7073170731707317,0.21420996818663834,2.2360680103302,0.49035728135730183,17.69180679321289,0.18418177805255623,3148.0,609.8741311333818,aligned
4882,True,0.3705357142857143,0.5580357142857143,-0.0909598214285714,5.242092132568359,1.149561656834908,11.401754379272461,0.0,,116.41821680532385,weak_ink_support
4883,True,0.0,0.0,0.0,202.71408081054688,44.45407076166052,228.0789337158203,0.0070138408998146,2620.0,108.75867792905552,weak_ink_support
4885,True,0.46258503401360546,0.5963718820861678,-0.05102040816326531,4.0,0.8771777586226294,24.083189010620117,0.07388673475226598,2163.0,109.6861819383261,weak_ink_support
4887,True,0.7923875432525952,0.8823529411764706,0.040657439446366794,0.0,0.0,7.0,0.010974487970513267,2169.0,61.94299251034371,weak_ink_support
4888,True,0.38141809290953543,0.46454767726161367,-0.055012224938875365,7.211102485656738,1.5813546788916124,25.0,0.01757566050297099,2222.0,110.10375192115463,weak_ink_support
4890,True,0.7325842696629213,0.7595505617977528,0.23258426966292134,0.0,0.0,11.401754379272461,0.0,,140.05933216911015,aligned
4891,True,0.1038135593220339,0.15889830508474576,-0.003707627118644058,18.357559204101562,4.0257106591090075,46.10155296325686,0.2968087054979613,2446.0,140.66192696420592,weak_ink_support
4893,True,0.3157894736842105,0.38421052631578945,0.04671052631578948,10.147815704345703,2.2253595586133708,26.185843276977543,0.0,,98.60109686426783,weak_ink_support
4894,True,0.36768802228412256,0.4763231197771588,-0.02715877437325903,6.7082037925720215,1.471071791788037,17.532645416259765,0.047300218988373326,2202.0,88.29388621621598,weak_ink_support
4895,True,0.5792207792207792,0.6909090909090909,-0.045454545454545525,2.2360680103302,0.49035728135730183,13.265206336975107,0.1685042284464183,2470.0,90.24510554064055,weak_ink_support
4896,True,0.5162162162162162,0.6108108108108108,0.07432432432432423,2.8284270763397217,0.6202583308128085,19.10497283935547,0.1353064767955106,2289.0,77.81214233701749,weak_ink_support
4897,False,,,,,,,,,,off_plate
4898,True,0.6422594142259415,0.8158995815899581,-0.06433054393305437,0.0,0.0,11.313708305358887,0.0003094154975679046,2286.0,128.9701227449964,weak_ink_support
4900,False,,,,,,,,,,off_plate
4901,True,0.5662251655629139,0.8609271523178808,-0.11092715231788086,2.8284270763397217,0.6202583308128085,7.561302661895771,0.05024234869588247,2072.0,60.17529235973826,weak_ink_support
4926,False,,,,,,,,,,off_plate
4927,True,0.6814814814814815,0.745679012345679,-0.013580246913580285,0.0,0.0,7.071067810058594,0.05328644380648652,2150.0,106.98304424621631,weak_ink_support
4930,True,0.3569023569023569,0.42424242424242425,0.0016835016835016758,9.848857879638672,2.159799769963568,29.154760360717773,0.0,,50.9397372764745,weak_ink_support
4931,True,0.49022556390977445,0.750375939849624,0.026315789473684237,3.1622776985168457,0.6934699159318334,12.083045959472656,0.006034596661338015,2423.0,323.54706377241735,weak_ink_support
4933,True,0.5935754189944135,0.803072625698324,-0.0041899441340781385,2.2360680103302,0.49035728135730183,8.773298740386963,0.018551668228075423,3181.0,383.3233297369318,weak_ink_support
4934,True,0.46078431372549017,0.6013071895424836,0.02696078431372545,3.605551242828369,0.7906773394458062,19.569786071777344,0.008854795029773993,3.0,56.56260232422306,weak_ink_support
4935,True,0.20089285714285715,0.27232142857142855,-0.1015625,11.180339813232422,2.451786354502641,37.013511657714844,0.2727544687614155,2060.0,115.9069316869552,weak_ink_support
4936,True,0.588,0.788,-0.04349999999999998,2.0,0.4385888793113147,9.0,0.05388279357354455,2071.0,168.3390813801899,weak_ink_support
4938,True,0.3091684434968017,0.4861407249466951,-0.19882729211087424,6.7082037925720215,1.471071791788037,12.727922439575195,0.041290372343610125,3148.0,137.15253541268982,weak_ink_support
4939,True,0.5179372197309418,0.6995515695067265,0.0526905829596413,3.0,0.657883318966972,10.29563045501709,0.0,,113.92182862419436,weak_ink_support
4940,True,0.0,0.0,0.0,159.5399627685547,34.986226738014636,202.08909606933594,0.014773654007518896,2620.0,390.7611679848968,weak_ink_support
4941,True,0.552026286966046,0.6593647316538883,-0.04189485213581601,2.0,0.4385888793113147,13.03840446472168,0.07118650135069172,3477.0,556.9198896840883,weak_ink_support
4942,True,0.49203187250996017,0.6274900398406374,-0.02689243027888444,3.1622776985168457,0.6934699159318334,21.3775577545166,0.11775948058313372,2163.0,170.52952974680517,weak_ink_support
4944,True,0.8944099378881988,0.9565217391304348,0.17624223602484468,0.0,0.0,3.9605551242828505,0.008687582256390124,2169.0,76.16398148059669,aligned
4945,True,0.351010101010101,0.4393939393939394,-0.031565656565656575,8.062257766723633,1.7680082993131305,23.25940704345703,0.02342682468688784,2222.0,99.632957179245,weak_ink_support
4947,True,0.7276688453159041,0.7538126361655774,0.22331154684095855,0.0,0.0,11.704699516296387,0.0,,152.1851762912006,aligned
4948,True,0.1625,0.36041666666666666,-0.11927083333333335,8.573163986206055,1.8800471924311186,20.0,0.5102626104584013,2443.0,147.90151452692677,modern_proxy_suspect
4950,True,0.12979351032448377,0.17404129793510326,-0.050147492625368745,12.041594505310059,2.6406547196026118,26.638309097290037,0.0,,68.0869819214234,weak_ink_support
4951,True,0.46464646464646464,0.6212121212121212,-0.11047979797979801,3.605551242828369,0.7906773394458062,12.041594505310059,0.060725189914877103,2202.0,113.35387284613194,weak_ink_support
4952,True,0.37579617834394907,0.47770700636942676,-0.1273885350318471,6.4031243324279785,1.4041695625252986,18.027755737304688,0.10041769559916702,2440.0,162.39637077296857,weak_ink_support
4953,True,0.5608695652173913,0.7014492753623188,-0.01231884057971011,2.2360680103302,0.49035728135730183,14.142135620117188,0.4443353776585687,2289.0,344.4362362476673,weak_ink_support
4954,False,,,,,,,,,,off_plate
4955,True,0.3560311284046693,0.3754863813229572,-0.04426070038910507,7.071067810058594,1.5506458531739553,17.804492950439453,0.07658771334730007,1923.0,167.0482319958935,weak_ink_support
4957,False,,,,,,,,,,off_plate
4958,True,0.8426573426573427,1.0,0.0673076923076924,1.0,0.21929443965565734,3.605551242828369,0.03827651078018011,2072.0,50.6969071547762,weak_ink_support
4959,True,0.5620915032679739,0.673202614379085,-0.006535947712418277,2.0,0.4385888793113147,10.440306663513184,0.0,,57.736818214300385,weak_ink_support
4984,True,0.7911547911547911,0.828009828009828,0.06203931203931201,0.0,0.0,7.0,0.053870740293316864,2150.0,109.13069767925401,weak_ink_support
4987,True,0.565359477124183,0.7026143790849673,-0.01388888888888884,2.0,0.4385888793113147,15.426023006439209,0.0,,56.74018590556519,weak_ink_support
4988,True,0.5446756425948592,0.8102815177478581,0.029069767441860517,2.8284270763397217,0.6202583308128085,11.348926734924314,0.18012050930791954,2423.0,449.51369674516127,weak_ink_support
4989,True,0.0,0.0,0.0,931.9855346679688,204.37924559219041,982.095703125,0.0046669080495881,2476.0,419.43951044567666,weak_ink_support
4990,True,0.5222222222222223,0.7155555555555555,0.04444444444444451,3.0,0.657883318966972,8.9442720413208,0.0069998717928487445,3181.0,118.3997070070805,weak_ink_support
4991,True,0.3263327948303716,0.4620355411954766,-0.12075928917609047,6.7082037925720215,1.471071791788037,18.601076126098633,0.06765633301860081,3.0,264.947563955325,weak_ink_support
4992,True,0.31543624161073824,0.37360178970917224,0.0005592841163311046,7.8102498054504395,1.7127443546569612,27.018512725830078,0.20315145402499218,2060.0,115.81337557593275,weak_ink_support
4995,True,0.40365111561866124,0.5963488843813387,-0.17545638945233272,5.0,1.0964721982782868,9.433980941772461,0.04880303406163033,3148.0,161.006196659632,weak_ink_support
4998,True,0.7128463476070529,0.8211586901763224,-0.032745591939546626,0.0,0.0,9.140155601501482,0.01062101135069928,3477.0,85.22246798204459,weak_ink_support
4999,True,0.5415730337078651,0.6269662921348315,-0.0050561797752809445,2.8284270763397217,0.6202583308128085,18.989466094970705,0.03245686463647139,2163.0,113.69043696575191,weak_ink_support
5001,True,0.5445859872611465,0.60828025477707,0.05573248407643311,2.0,0.4385888793113147,19.54678039550781,0.009901666446596855,2169.0,68.11615074934396,weak_ink_support
5004,True,0.5823389021479713,0.665871121718377,0.09367541766109777,0.0,0.0,9.486832618713379,0.0,,118.75250858052945,weak_ink_support
5005,True,0.31069958847736623,0.565843621399177,-0.11471193415637859,5.099019527435303,1.1181866300621794,16.6433162689209,0.48538502842316694,2439.0,154.58274273442302,weak_ink_support
5006,True,0.23094170403587444,0.31390134529147984,-0.01905829596412556,14.03566837310791,3.077944031073331,34.597639083862305,0.0,,114.50472428177868,weak_ink_support
5007,True,0.3252279635258359,0.40425531914893614,-0.0661094224924012,9.219544410705566,2.0217948254261247,14.866068840026855,0.0,,60.08314105090999,weak_ink_support
5009,True,0.21243523316062177,0.3160621761658031,-0.19624352331606218,8.9442720413208,1.9614291254292073,20.59126091003418,0.1072823215564853,2440.0,91.76311334438275,weak_ink_support
5010,True,0.45879732739420936,0.6859688195991092,-0.1720489977728285,3.605551242828369,0.7906773394458062,10.816654205322266,0.1859424003292903,2289.0,143.8279636647573,weak_ink_support
5011,False,,,,,,,,,,off_plate
5012,True,0.35355648535564854,0.40794979079497906,-0.16631799163179917,7.071067810058594,1.5506458531739553,12.751420307159425,0.13979926952136248,1923.0,128.19231333983674,weak_ink_support
5014,False,,,,,,,,,,off_plate
5015,True,0.5197368421052632,0.7171052631578947,-0.16776315789473684,2.8284270763397217,0.6202583308128085,9.433980941772461,0.001159480496055218,2072.0,61.69153343559442,weak_ink_support
5016,True,0.44868035190615835,0.624633431085044,-0.052052785923753675,4.0,0.8771777586226294,10.0,0.0,,79.55028281540243,weak_ink_support
5041,True,0.6642512077294686,0.8478260869565217,-0.0157004830917874,0.0,0.0,6.324555397033691,0.05625536349934549,2150.0,115.07531221399907,weak_ink_support
5044,True,0.7933333333333333,0.9766666666666667,0.04249999999999987,0.0,0.0,4.123105525970459,0.0,,52.43349721047029,weak_ink_support
5045,True,0.6374695863746959,0.732360097323601,0.1575425790754258,1.0,0.21929443965565734,22.022714614868164,0.02615830009406187,3326.0,112.3681556701698,aligned
5046,True,0.0,0.0,0.0,882.32080078125,193.4880456038551,917.8339965820313,0.043539035481511994,2476.0,188.0451268129319,weak_ink_support
5047,True,0.42923433874709976,0.654292343387471,-0.11716937354988405,4.123105525970459,0.9041741159588362,9.433980941772461,0.006110718351828989,3181.0,99.19399657077287,weak_ink_support
5048,True,0.3875,0.6375,-0.04375000000000001,4.4721360206604,0.9807145627146037,18.50567722320558,0.03773952044840106,3.0,66.29287289546977,weak_ink_support
5049,True,0.432183908045977,0.5218390804597701,-0.0011494252873563426,5.099019527435303,1.1181866300621794,15.264337539672852,0.12741533888107898,2038.0,103.40174628237664,weak_ink_support
5052,True,0.6755102040816326,0.7816326530612245,0.14744897959183667,0.0,0.0,12.727922439575195,0.04778612865144847,3148.0,158.05537050253682,aligned
5053,False,,,,,,,,,,off_plate
5055,True,0.7754137115839244,0.8297872340425532,0.07860520094562651,0.0,0.0,9.336039161682134,0.013518213260410951,3477.0,109.07241351106495,weak_ink_support
5056,True,0.5152838427947598,0.6266375545851528,-0.03111353711790399,3.0,0.657883318966972,16.408846282958994,0.026297511941197452,31.0,126.2926372410666,weak_ink_support
5057,True,0.7714285714285715,0.9318681318681319,0.2131868131868132,0.0,0.0,5.656854152679443,0.07427393243528274,2053.0,122.96140318646403,aligned
5058,True,0.22549019607843138,0.26143790849673204,-0.04983660130718956,10.440306663513184,2.2895011996083494,22.090721130371094,0.002872539590779518,2169.0,58.27302164320626,weak_ink_support
5059,True,0.3417890520694259,0.40053404539385845,0.14052069425901204,24.413110733032227,5.353659438451816,54.979858398437514,0.2105489484253541,1850.0,416.226618330732,weak_ink_support
5061,True,0.42758620689655175,0.6206896551724138,-0.02873563218390801,5.0,1.0964721982782868,8.062257766723633,0.0,,132.3242393942435,weak_ink_support
5062,True,0.3303769401330377,0.5543237250554324,-0.10698447893569846,5.0,1.0964721982782868,16.6433162689209,0.08456746579504201,2462.0,119.10831630215633,weak_ink_support
5063,True,0.21040723981900453,0.31221719457013575,0.00622171945701358,22.022714614868164,4.829458861163969,32.884635543823244,0.0,,110.1678464648897,weak_ink_support
5064,True,0.5671641791044776,0.6417910447761194,0.059701492537313494,1.0,0.21929443965565734,23.021728515625,0.0,,64.45077589882733,weak_ink_support
5066,True,0.35006273525721454,0.4353826850690088,0.03419071518193223,7.6157732009887695,1.6700967166554044,26.248809814453125,0.32353587797500866,2440.0,433.2658826653524,weak_ink_support
5067,True,0.24533333333333332,0.39466666666666667,-0.13600000000000004,8.246211051940918,1.8083482319176725,16.552946090698242,0.03152511021883182,2270.0,81.85942011928651,weak_ink_support
5068,False,,,,,,,,,,off_plate
5069,True,0.6079207920792079,0.7584158415841584,-0.05049504950495054,1.4142135381698608,0.31012916540640423,11.401754379272461,0.16958172313339553,1923.0,157.80012244368373,weak_ink_support
5071,False,,,,,,,,,,off_plate
5073,True,0.6956521739130435,0.863768115942029,0.005072463768115876,1.0,0.21929443965565734,7.481507873535164,0.0,,81.18477020044007,weak_ink_support
5098,True,0.3135215453194651,0.4903417533432392,-0.09658246656760772,7.0,1.5350610775896014,27.658634185791016,0.09853100733056967,2150.0,329.89221062766586,weak_ink_support
5101,True,0.36684782608695654,0.4701086956521739,-0.05400815217391308,7.071067810058594,1.5506458531739553,21.540658950805664,0.0,,354.4810813359523,weak_ink_support
5102,True,0.5190476190476191,0.580952380952381,0.07857142857142863,2.532247543334961,0.5553078060850551,23.430749893188477,0.0332033506573377,2423.0,119.84475333807988,weak_ink_support
5104,True,0.6704260651629073,0.7869674185463659,0.018170426065162948,1.0,0.21929443965565734,8.246211051940918,0.02484840801600449,3181.0,465.90547300748545,weak_ink_support
5105,True,0.16875,0.421875,-0.128125,7.936253547668457,1.740376274701177,29.742210769653322,0.03747868723826958,3.0,65.83469582695602,weak_ink_support
5106,True,0.345372460496614,0.5079006772009029,-0.09537246049661396,5.656854152679443,1.240516661625617,12.529964447021484,0.13135064378809622,2038.0,111.19284960636107,weak_ink_support
5109,True,0.5416666666666666,0.5942982456140351,0.25438596491228066,1.0,0.21929443965565734,17.20465087890625,0.22441378893136268,1997.0,124.45801709382738,aligned
5110,False,,,,,,,,,,off_plate
5112,True,0.7624703087885986,0.836104513064133,0.06888361045130642,1.0,0.21929443965565734,9.219544410705566,0.01317804751335852,3477.0,106.84131138657118,weak_ink_support
5113,True,0.49333333333333335,0.6222222222222222,-0.05444444444444435,3.1622776985168457,0.6934699159318334,15.0,0.024909737506477854,31.0,118.29860820384317,weak_ink_support
5114,True,0.46041412911084045,0.6370280146163215,-0.004567600487210666,3.1622776985168457,0.6934699159318334,11.313708305358887,0.2613092974154943,2053.0,487.9518818216922,weak_ink_support
5115,True,0.2303206997084548,0.42565597667638483,-0.08965014577259472,8.5440034866333,1.8736524570172322,21.260292053222656,0.0,,77.16752495993674,weak_ink_support
5118,True,0.4401805869074492,0.744920993227991,-0.037246049661399494,4.0,0.8771777586226294,7.6157732009887695,0.0,,139.1279423979334,weak_ink_support
5119,True,0.2290748898678414,0.41629955947136565,-0.15198237885462557,6.7082037925720215,1.471071791788037,17.492855072021484,0.08646112787531979,2462.0,122.28632786654418,weak_ink_support
5120,True,0.26376146788990823,0.4724770642201835,-0.0797018348623853,7.071067810058594,1.5506458531739553,29.068883895874023,0.0,,104.52566612438497,weak_ink_support
5121,True,0.46419098143236076,0.5596816976127321,-0.05305039787798399,5.0,1.0964721982782868,24.59674835205078,0.0,,95.8488529953106,weak_ink_support
5123,True,0.5641891891891891,0.6216216216216216,0.265625,2.2360680103302,0.49035728135730183,30.425105285644523,0.07241807056418074,2440.0,262.88709038631737,aligned
5126,True,0.5716064757160647,0.7036114570361146,-0.08281444582814446,2.0,0.4385888793113147,10.0,0.3828327488697819,1923.0,479.2288817925351,weak_ink_support
5128,False,,,,,,,,,,off_plate
5130,True,0.6872964169381107,0.8697068403908795,-0.009771986970684043,2.0,0.4385888793113147,7.414375209808361,0.0,,52.859647359309385,weak_ink_support
5155,True,0.39664804469273746,0.48044692737430167,-0.03840782122905023,7.0,1.5350610775896014,23.53720474243164,0.11690209568267314,2150.0,366.0504968555082,weak_ink_support
5158,True,0.3506172839506173,0.4641975308641975,-0.035802469135802484,9.848857879638672,2.159799769963568,20.937738800048834,0.0,,122.83378800600313,weak_ink_support
5159,True,0.43675417661097854,0.5250596658711217,-0.027446300715990413,5.0,1.0964721982782868,20.51828384399414,0.011556362985103723,3325.0,118.87381962001075,weak_ink_support
5161,True,0.6572668112798264,0.7830802603036876,0.05097613882863339,1.0,0.21929443965565734,7.8102498054504395,0.0016815705736093096,1970.0,129.44749158891898,weak_ink_support
5162,True,0.2731829573934837,0.44611528822055135,-0.03258145363408521,7.8102498054504395,1.7127443546569612,29.832868576049805,0.04708647008579185,3.0,118.52931850477374,weak_ink_support
5163,True,0.20087336244541484,0.34934497816593885,-0.15556768558951964,8.062257766723633,1.7680082993131305,19.872061157226565,0.10609772695307819,2038.0,126.7738998524908,weak_ink_support
5164,True,0.6711409395973155,0.8187919463087249,0.0441834451901566,1.4142135381698608,0.31012916540640423,8.062257766723633,0.052359156896290615,2123.0,115.55822563913709,weak_ink_support
5166,True,0.3039647577092511,0.394273127753304,-0.07488986784140966,7.071067810058594,1.5506458531739553,20.21130313873291,0.17405392973270703,1997.0,122.49125419092582,weak_ink_support
5167,False,,,,,,,,,,off_plate
5168,True,0.0,0.0,-0.012761020881670533,42.01190185546875,9.212976476263492,70.68238830566406,0.009071156551059952,2620.0,99.32931796736781,weak_ink_support
5169,True,0.6466666666666666,0.7444444444444445,-0.053333333333333344,1.4142135381698608,0.31012916540640423,10.29563045501709,0.016412794523555995,3477.0,134.21025155984796,weak_ink_support
5170,True,0.5856832971800434,0.6898047722342733,0.061279826464208265,1.0,0.21929443965565734,13.34166431427002,0.02748806424528553,31.0,128.95883584863935,weak_ink_support
5171,True,0.6719817767653758,0.8405466970387244,0.16002277904328022,2.0,0.4385888793113147,8.508689880371092,0.08175014196397522,2053.0,107.7031300032994,aligned
5172,True,0.5316091954022989,0.6637931034482759,0.05962643678160928,2.8284270763397217,0.6202583308128085,19.92485809326172,0.0,,73.35024976683749,weak_ink_support
5176,True,0.40848214285714285,0.5178571428571429,0.09877232142857145,5.830951690673828,1.278695283665525,17.464248657226562,0.08215833182566042,2462.0,116.45752582009821,weak_ink_support
5177,True,0.3888888888888889,0.5644444444444444,-0.02777777777777779,5.0,1.0964721982782868,14.317821502685547,0.0,,118.33073457270605,weak_ink_support
5178,True,0.32592592592592595,0.45185185185185184,-0.15061728395061724,6.7082037925720215,1.471071791788037,25.495098114013672,0.0,,116.8550450442519,weak_ink_support
5180,True,0.36180904522613067,0.4798994974874372,0.04396984924623115,6.4031243324279785,1.4041695625252986,22.135944366455078,0.0,,101.72750156065808,weak_ink_support
5183,True,0.5938775510204082,0.6591836734693878,0.050000000000000044,2.2360680103302,0.49035728135730183,20.615528106689453,0.41928898352175215,1896.0,141.9819328983225,weak_ink_support
5185,False,,,,,,,,,,off_plate
5212,True,0.5766423357664233,0.7031630170316302,-0.09367396593673971,2.0,0.4385888793113147,11.0,0.06425697781636117,2150.0,112.4517551236841,weak_ink_support
5215,True,0.39057239057239057,0.4511784511784512,0.02104377104377103,9.848857879638672,2.159799769963568,22.360679626464844,0.0,,50.653155882186205,weak_ink_support
5216,True,0.5029013539651838,0.6015473887814313,0.0957446808510638,3.0,0.657883318966972,21.931713104248047,0.005698813997768007,2424.0,200.24581822209407,weak_ink_support
5218,True,0.5844155844155844,0.7922077922077922,-0.05627705627705637,2.0,0.4385888793113147,8.0,0.008863972559427622,1970.0,130.42901281397874,weak_ink_support
5220,True,0.17777777777777778,0.25656565656565655,-0.13282828282828282,12.041594505310059,2.6406547196026118,24.1908992767334,0.06206616664619651,2042.0,163.4291543000611,weak_ink_support
5221,True,0.7342342342342343,0.8243243243243243,0.08502252252252251,1.0,0.21929443965565734,8.358374023437495,0.05131153662435352,2123.0,112.8262218761705,weak_ink_support
5223,True,0.4252136752136752,0.5277777777777778,0.03418803418803418,5.0,1.0964721982782868,19.894603729248047,0.0,,136.38418935767893,weak_ink_support
5224,False,,,,,,,,,,off_plate
5225,True,0.14874141876430205,0.17848970251716248,0.016018306636155583,26.172504425048828,5.739484692276295,65.003076171875,0.006511133286095395,2620.0,105.83093330351095,weak_ink_support
5226,True,0.6037735849056604,0.7113207547169811,-0.018396226415094308,2.1180338859558105,0.46447305419237395,10.29563045501709,0.024924967542032776,3477.0,206.49917524041308,weak_ink_support
5227,True,0.5239130434782608,0.7347826086956522,0.019565217391304346,2.0,0.4385888793113147,13.0,0.02744692018671603,31.0,128.42899326344653,weak_ink_support
5228,True,0.47757847533632286,0.6704035874439462,0.02858744394618834,3.605551242828369,0.7906773394458062,12.368259906768799,0.0870198803940148,2053.0,114.45952619688326,weak_ink_support
5229,True,0.8023598820058997,0.9144542772861357,0.1032448377581121,0.0,0.0,5.099019527435303,0.0,,58.38346135807391,aligned
5233,True,0.29111531190926276,0.3383742911153119,0.12712665406427223,15.65247631072998,3.432501021784982,40.804412841796875,0.1362275826432528,2462.0,197.36808631075607,weak_ink_support
5235,True,0.34074074074074073,0.4666666666666667,-0.1253086419753086,6.324555397033691,1.3869398318636668,23.744452285766602,0.03825358867859347,3398.0,117.19409637822285,weak_ink_support
5237,True,0.2681564245810056,0.37988826815642457,-0.004888268156424569,9.0,1.973649956900916,22.360679626464844,0.00901660741261959,20.0,68.52872361381502,weak_ink_support
5240,True,0.486328125,0.6328125,-0.0615234375,3.1622776985168457,0.6934699159318334,21.21320343017578,0.2570805830166145,1937.0,165.23118711882088,weak_ink_support
5244,True,0.52,0.7511111111111111,-0.13722222222222213,2.8284270763397217,0.6202583308128085,20.547320747375494,0.04311933920806264,2434.0,116.8027483293864,weak_ink_support
5269,True,0.6867469879518072,0.7542168674698795,-0.012650602409638556,0.0,0.0,11.0,0.0653217327142225,2150.0,115.69871299937508,weak_ink_support
5271,False,,,,,,,,,,off_plate
5272,True,0.34563758389261745,0.4395973154362416,0.020134228187919434,10.737985610961914,2.3547805375864046,22.360679626464844,0.0,,51.262108485718485,weak_ink_support
5273,True,0.5027777777777778,0.6305555555555555,0.04583333333333334,3.0,0.657883318966972,27.0369556427002,0.010358068249631189,2424.0,70.19165071823917,weak_ink_support
5275,True,0.6082004555808656,0.8132118451025057,-0.10990888382687936,2.0,0.4385888793113147,7.224903964996337,0.008677966400209298,1970.0,107.62254033687005,weak_ink_support
5277,True,0.5395348837209303,0.641860465116279,-0.07499999999999996,2.2360680103302,0.49035728135730183,13.03840446472168,0.036522705248720005,2042.0,98.4625437928813,weak_ink_support
5280,True,0.4829787234042553,0.5553191489361702,0.1180851063829787,3.605551242828369,0.7906773394458062,17.69180679321289,0.057153500822504644,1996.0,138.72666547143308,weak_ink_support
5282,True,0.30751708428246016,0.35990888382687924,0.027334851936218707,21.095022201538086,4.626021073209945,62.143376159667966,0.006398029466084779,2620.0,107.50617043651312,weak_ink_support
5283,True,0.45933014354066987,0.6794258373205742,-0.08433014354066987,4.123105525970459,0.9041741159588362,10.440306663513184,0.00899726934173081,3477.0,104.76912350803156,weak_ink_support
5284,True,0.48148148148148145,0.7124183006535948,-0.035403050108932466,3.1622776985168457,0.6934699159318334,12.099541854858398,0.027354305069749573,31.0,127.40565654445956,weak_ink_support
5285,True,0.5518590998043053,0.6555772994129159,0.14481409001956946,2.2360680103302,0.49035728135730183,13.416407585144043,0.2880674619621404,2034.0,179.41785718883125,aligned
5286,True,0.7531486146095718,0.9042821158690176,0.11397984886649881,0.0,0.0,5.656854152679443,0.005819679329897141,2149.0,103.30064902032346,aligned
5287,True,0.3572984749455338,0.4335511982570806,0.09368191721132901,7.8102498054504395,1.7127443546569612,44.94440841674805,0.40580480778903305,1802.0,127.81176939001763,weak_ink_support
5290,True,0.11297539149888143,0.17002237136465326,-0.05229306487695749,17.804492950439453,3.9044263049197214,57.80138397216797,0.28584526783647124,2462.0,561.0765933988545,weak_ink_support
5291,False,,,,,,,,,,off_plate
5292,True,0.5,0.6265060240963856,0.00828313253012053,3.081138849258423,0.6756766174494028,19.692632484436036,0.02750650725314078,3398.0,62.63823240966881,weak_ink_support
5294,True,0.18238993710691823,0.2893081761006289,-0.11844863731656183,10.0,2.1929443965565736,19.697715759277344,0.03336683572452001,20.0,167.1727412236597,weak_ink_support
5297,True,0.48902195608782434,0.5169660678642715,-0.08582834331337325,4.242640495300293,0.9303874700772783,22.671567916870117,0.1121663206835468,1937.0,153.9431967094029,weak_ink_support
5301,True,0.27292576419213976,0.4497816593886463,-0.09497816593886466,6.4031243324279785,1.4041695625252986,23.676709556579592,0.03719728381956123,2434.0,125.87682253855073,weak_ink_support
5326,True,0.7830188679245284,0.8113207547169812,0.0389150943396227,0.0,0.0,7.884731960296627,0.06852305705132165,2150.0,123.08343892498029,weak_ink_support
5328,False,,,,,,,,,,off_plate
5329,True,0.17434210526315788,0.21052631578947367,-0.016447368421052627,14.317821502685547,3.139818643521149,24.59674835205078,0.0,,55.46969599197173,weak_ink_support
5330,True,0.41359773371104813,0.49575070821529743,-0.008498583569405083,6.324555397033691,1.3869398318636668,31.688750839233403,0.010193579837413886,2424.0,64.3703958334421,weak_ink_support
5332,True,0.7387387387387387,0.9031531531531531,-0.06362612612612606,0.5,0.10964721982782867,5.830951690673828,0.010372508856028728,1970.0,112.2598732449377,weak_ink_support
5333,True,0.36875,0.47,-0.10499999999999998,6.4031243324279785,1.4041695625252986,19.720429992675786,0.2894326201729054,2220.0,433.389311086362,weak_ink_support
5334,True,0.5389876880984952,0.6060191518467852,-0.023255813953488413,2.2360680103302,0.49035728135730183,21.095022201538086,0.13627891372797318,2042.0,398.48241396937965,weak_ink_support
5337,True,0.3283898305084746,0.3983050847457627,-0.01800847457627114,10.630146026611328,2.3311319163635438,16.99077949523927,0.32215906570932434,1996.0,140.32683720983908,weak_ink_support
5339,True,0.34521158129175944,0.38084632516703787,0.008908685968819552,20.0,4.385888793113147,60.320794677734376,0.004379114416212768,2620.0,117.76087851458904,weak_ink_support
5340,True,0.5371702637889688,0.750599520383693,0.07553956834532372,2.2360680103302,0.49035728135730183,10.816654205322266,0.0009544633798285779,3477.0,104.05438100214133,weak_ink_support
5341,True,0.6467991169977925,0.7748344370860927,0.05298013245033106,2.0,0.4385888793113147,10.198039054870605,0.02616918916099851,31.0,121.71450316829349,weak_ink_support
5342,True,0.48873873873873874,0.7477477477477478,-0.0016891891891892552,3.605551242828369,0.7906773394458062,11.180339813232422,0.19637884369362704,2034.0,112.41166507103202,weak_ink_support
5343,True,0.5102040816326531,0.6355685131195336,0.12099125364431484,3.0,0.657883318966972,20.59126091003418,0.09721370484751113,2149.0,60.34454301097465,aligned
5344,True,0.26170212765957446,0.3468085106382979,-0.03138297872340429,10.0,2.1929443965565736,45.17742919921875,0.2178557654539931,1843.0,138.609363120418,weak_ink_support
5347,True,0.0,0.0,-0.0724400871459695,24.698177337646484,5.416172959775241,60.530982971191406,0.201433422139472,2464.0,127.67893037873,weak_ink_support
5348,False,,,,,,,,,,off_plate
5349,True,0.5425219941348973,0.6510263929618768,-0.016862170087976636,2.0,0.4385888793113147,17.464248657226562,0.0,,69.00577910075177,weak_ink_support
5351,True,0.25812619502868067,0.4225621414913958,-0.19980879541108992,6.7082037925720215,1.471071791788037,13.446180534362794,0.04172385555694873,20.0,205.1917014537588,weak_ink_support
5352,True,0.22362869198312235,0.2468354430379747,0.120253164556962,23.25940704345703,5.100658634317759,45.54119110107422,0.21073693826682557,1936.0,142.5288174868424,weak_ink_support
5354,True,0.4970873786407767,0.5475728155339806,-0.011650485436893177,3.1622776985168457,0.6934699159318334,23.498602676391606,0.0511726551447156,1921.0,169.07106660295608,weak_ink_support
5357,True,0.2028169014084507,0.2647887323943662,-0.006338028169014076,15.81138801574707,3.4673494750914293,35.4484733581543,0.0288294394262484,2307.0,65.99402115809526,weak_ink_support
5383,True,0.7692307692307693,0.9735576923076923,0.02824519230769229,1.0,0.21929443965565734,5.0,0.06373653399843517,2150.0,116.09790948995605,weak_ink_support
5385,False,,,,,,,,,,off_plate
5386,True,0.16293929712460065,0.2012779552715655,-0.02236421725239615,14.317821502685547,3.139818643521149,23.706539154052734,0.0,,61.16305604844423,weak_ink_support
5387,True,0.29904306220095694,0.36363636363636365,-0.06758373205741625,7.8102498054504395,1.7127443546569612,38.20994567871094,0.006087253768197379,2424.0,118.3362833493672,weak_ink_support
5389,True,0.7876106194690266,0.8960176991150443,-0.006084070796460117,0.0,0.0,6.082762718200684,0.012650053832621322,1970.0,120.69687566323749,weak_ink_support
5391,True,0.49049429657794674,0.5494296577946768,0.024714828897338392,3.605551242828369,0.7906773394458062,21.63330841064453,0.09983215699435603,2042.0,194.45579979218425,weak_ink_support
5394,True,0.2,0.2673913043478261,-0.12445652173913047,10.630146026611328,2.3311319163635438,17.7611038208008,0.16579457700293923,2014.0,128.33461330387559,weak_ink_support
5396,True,0.3694690265486726,0.4004424778761062,0.007743362831858447,17.72004508972168,3.8859073586234985,58.13776779174805,0.0005688968042622841,2620.0,120.42186952086034,weak_ink_support
5397,True,0.6375,0.7325,0.22999999999999993,2.0,0.4385888793113147,11.322512912750247,0.0,,87.93952903142288,aligned
5398,True,0.8491321762349799,0.9492656875834445,0.10480640854472623,0.0,0.0,4.0,0.07827651685362841,31.0,420.6833182919074,aligned
5399,True,0.7264770240700219,0.9146608315098468,0.17396061269146623,1.0,0.21929443965565734,5.0,0.0676635520360027,2052.0,124.90759871292109,aligned
5404,True,0.2570806100217865,0.29193899782135074,-0.05991285403050106,13.152946472167969,2.88436802643493,51.865211486816406,0.2171900136488179,2464.0,127.30261095165491,weak_ink_support
5405,False,,,,,,,,,,off_plate
5406,True,0.4949238578680203,0.631979695431472,-0.16370558375634525,3.1622776985168457,0.6934699159318334,13.892443656921387,0.0,,108.6719347124621,weak_ink_support
5408,True,0.43617021276595747,0.6610942249240122,-0.1071428571428571,4.0,0.8771777586226294,10.630146026611328,0.07375539555194931,20.0,317.77126372523264,weak_ink_support
5409,True,0.27235772357723576,0.3252032520325203,-0.008130081300812997,11.313708305358887,2.481033323251234,25.317977905273438,0.38250113314343465,1915.0,160.35017897216517,weak_ink_support
5411,True,0.5557809330628803,0.5760649087221096,0.026876267748478733,2.2360680103302,0.49035728135730183,24.641164016723636,0.044021733598244316,1921.0,145.03472554533036,weak_ink_support
5414,True,0.185,0.24,-0.0018750000000000155,18.192657470703125,3.98954862588515,32.90590629577637,0.04413494510519037,2307.0,103.10533292093989,weak_ink_support
5415,True,0.5704225352112676,0.7652582159624414,-0.03227699530516426,2.2360680103302,0.49035728135730183,9.899495124816895,0.03899427970326054,2434.0,105.6286836050121,weak_ink_support
5440,True,0.7729468599033816,0.9565217391304348,-0.011473429951690761,1.0,0.21929443965565734,4.0,0.5049112714165824,2102.0,114.8480247803158,modern_proxy_suspect
5441,True,0.0,0.0,0.0,755.3184814453125,165.63714315011183,792.393701171875,0.06965963325132424,2475.0,174.61798030640094,weak_ink_support
5443,True,0.4567901234567901,0.48641975308641977,0.02407407407407408,7.211102485656738,1.5813546788916124,19.375176239013673,0.0,,122.40362882621243,weak_ink_support
5444,True,0.3701578192252511,0.5423242467718795,-0.06348637015781922,5.385164737701416,1.1809366836076371,34.455762481689455,0.0,,349.4987427246765,weak_ink_support
5446,True,0.6681922196796338,0.8100686498855835,0.0022883295194506825,0.0,0.0,7.6157732009887695,0.01236609366169329,1970.0,105.50154589624348,weak_ink_support
5447,True,0.41013824884792627,0.5092165898617511,0.06451612903225806,5.830951690673828,1.278695283665525,26.414009475708006,0.0,,131.14169634921993,weak_ink_support
5448,True,0.45076586433260396,0.5010940919037199,-0.0016411378555797884,5.656854152679443,1.240516661625617,24.637319946289065,0.06558939080777465,2042.0,125.04001105593946,weak_ink_support
5451,True,0.35353535353535354,0.5181818181818182,0.03838383838383835,5.656854152679443,1.240516661625617,17.210453414916994,0.4560560739703804,2014.0,657.2867213552495,weak_ink_support
5453,True,0.3611111111111111,0.41435185185185186,0.0005787037037037202,15.667781829833984,3.4358574370205335,56.21476097106934,0.0,,99.96464875955945,weak_ink_support
5455,True,0.7537593984962406,0.9586466165413534,0.13862781954887227,2.0,0.4385888793113147,5.0,0.03857953741989907,31.0,199.84886782760412,aligned
5456,True,0.530638852672751,0.5984354628422425,0.08963494132985661,2.2360680103302,0.49035728135730183,9.219544410705566,0.4248403371710651,2052.0,434.6718544470592,weak_ink_support
5457,True,0.7780373831775701,0.9135514018691588,0.2143691588785046,0.0,0.0,5.385164737701416,0.18108826680512544,2144.0,131.8756484483202,aligned
5463,True,0.8694581280788177,0.9901477832512315,0.039408866995073843,0.0,0.0,3.605551242828369,0.0,,117.57880057056387,weak_ink_support
5465,True,0.6856435643564357,0.806930693069307,0.0928217821782179,2.0,0.4385888793113147,8.062257766723633,0.03475427378103965,20.0,106.67207678933633,weak_ink_support
5468,True,0.5755693581780539,0.6045548654244306,0.025879917184265078,1.4142135381698608,0.31012916540640423,26.870058059692383,0.040832239117774956,1921.0,134.04567929296297,weak_ink_support
5472,True,0.4069767441860465,0.5255813953488372,-0.007558139534883768,5.0,1.0964721982782868,16.278820037841797,0.040059724629132876,2434.0,108.51478756256574,weak_ink_support
5497,True,0.8070588235294117,0.9152941176470588,0.008235294117647007,1.0,0.21929443965565734,6.0,0.20756555166404617,2091.0,123.84750564246424,weak_ink_support
5498,True,0.0,0.0,0.0,773.6028442382812,169.64680224325667,807.6199340820312,0.006730027691103817,2475.0,115.87340791786312,weak_ink_support
5500,True,0.4,0.5050847457627119,-0.02457627118644068,5.830951690673828,1.278695283665525,21.06653175354004,0.0,,49.69591151825909,weak_ink_support
5501,True,0.2801120448179272,0.5378151260504201,-0.10644257703081234,5.656854152679443,1.240516661625617,31.38471031188965,0.0,,67.07580320176038,weak_ink_support
5503,True,0.5909090909090909,0.8722943722943723,-0.04761904761904756,2.0,0.4385888793113147,6.7082037925720215,0.017178961845248166,1970.0,130.41354086631614,weak_ink_support
5504,True,0.20902612826603326,0.334916864608076,-0.11282660332541564,8.602325439453125,1.8864421369804794,22.022714614868164,0.05087482891008417,2212.0,120.46177637809001,weak_ink_support
5505,True,0.40789473684210525,0.4517543859649123,-0.022478070175438625,11.180339813232422,2.451786354502641,26.832815170288086,0.06580305903189301,2042.0,124.44752673281087,weak_ink_support
5508,True,0.5609756097560976,0.6208425720620843,0.13968957871396903,1.0,0.21929443965565734,15.0,0.0,,119.07856853697267,aligned
5510,True,0.21315192743764172,0.26077097505668934,-0.01814058956916098,21.02379608154297,4.610401581136769,56.29387283325195,0.002313893704949453,2620.0,109.81440981226399,weak_ink_support
5512,True,0.7927927927927928,0.9099099099099099,0.13288288288288286,1.4142135381698608,0.31012916540640423,6.0,0.021780582083485663,31.0,112.78650093712189,aligned
5513,True,0.3656884875846501,0.4785553047404063,-0.06489841986455985,6.7082037925720215,1.471071791788037,14.422204971313477,0.12637853645056707,2052.0,110.9106271431988,weak_ink_support
5514,True,0.6,0.7138888888888889,0.12430555555555556,1.4142135381698608,0.31012916540640423,16.552946090698242,0.20100210402572963,2134.0,81.20893057373753,aligned
5520,True,0.45439469320066334,0.560530679933665,0.028192371475953548,4.4721360206604,0.9807145627146037,15.65247631072998,0.0,,265.3544466780189,weak_ink_support
5522,True,0.7132701421800948,0.7938388625592417,0.10426540284360186,1.4142135381698608,0.31012916540640423,8.5440034866333,0.03902550359305216,20.0,121.65029016743236,aligned
5524,False,,,,,,,,,,off_plate
5525,True,0.5950413223140496,0.6342975206611571,0.024793388429751984,1.4142135381698608,0.31012916540640423,29.698484420776367,0.04118596210579827,1921.0,134.813992298136,weak_ink_support
5526,False,,,,,,,,,,off_plate
5527,False,,,,,,,,,,off_plate
5528,True,0.4156378600823045,0.5082304526748971,0.14763374485596703,5.0495100021362305,1.1073294664541018,26.105159759521484,0.07854987722536584,2307.0,174.69551558558857,weak_ink_support
5529,True,0.0,0.0,-0.03263403263403264,18.357559204101562,4.0257106591090075,26.0,0.039101463038042183,2434.0,105.91902451253843,weak_ink_support
5554,True,0.8646616541353384,0.9548872180451128,0.06578947368421051,1.0,0.21929443965565734,4.298484420776357,0.18937123121208715,2091.0,101.79933832002028,weak_ink_support
5555,True,0.0,0.0,0.0,788.5258178710938,172.91932738406044,824.9175415039062,0.0,,133.7134156935898,weak_ink_support
5557,True,0.30743243243243246,0.44256756756756754,-0.08952702702702703,8.0,1.7543555172452587,21.840330123901367,0.0,,50.047525027096825,weak_ink_support
5560,True,0.7549234135667396,0.9277899343544858,0.10175054704595188,0.0,0.0,5.385164737701416,0.017709948041509653,1970.0,124.90056178597081,aligned
5561,True,0.4219512195121951,0.48048780487804876,0.09207317073170734,6.889636039733887,1.510858874764865,22.825424194335938,0.05676159061368265,2212.0,111.34228199939454,weak_ink_support
5563,True,0.6067415730337079,0.8901373283395755,0.00905118601747823,2.2360680103302,0.49035728135730183,7.0,0.15092031249901217,41.0,468.05198563889246,weak_ink_support
5565,True,0.7479508196721312,0.7745901639344263,0.18545081967213117,0.0,0.0,14.317821502685547,0.0,,156.55661255115945,aligned
5567,True,0.0,0.0,-0.03505747126436782,39.20458984375,8.597348561715032,63.04125061035156,0.006922974912873601,2620.0,102.92091927808976,weak_ink_support
5569,True,0.7225950782997763,0.8702460850111857,0.10123042505592839,1.0,0.21929443965565734,7.0,0.0221911333432792,31.0,115.2167824387411,aligned
5570,True,0.41523809523809524,0.5580952380952381,-0.015714285714285736,5.0,1.0964721982782868,14.142135620117188,0.1871741429131116,2047.0,193.26660547585706,weak_ink_support
5571,True,0.39233038348082594,0.5752212389380531,0.013274336283185861,4.242640495300293,0.9303874700772783,21.118658447265624,0.26702351753073295,2137.0,70.73924411447305,weak_ink_support
5577,True,0.29081632653061223,0.4336734693877551,-0.022321428571428548,7.6157732009887695,1.6700967166554044,21.63330841064453,0.016699973741579718,2613.0,107.59217621361596,weak_ink_support
5579,True,0.6682926829268293,0.8170731707317073,0.014024390243902451,1.4142135381698608,0.31012916540640423,8.062257766723633,0.03515858432465448,20.0,111.284738841106,weak_ink_support
5582,True,0.6203319502074689,0.6576763485477178,0.016078838174273913,0.0,0.0,30.805843353271484,0.04057704143443433,1921.0,132.42223026265208,weak_ink_support
5583,False,,,,,,,,,,off_plate
5585,True,0.2833333333333333,0.3611111111111111,0.05069444444444443,12.206555366516113,2.676829719225908,25.36687774658204,0.0318343861480615,2307.0,69.38451965106428,weak_ink_support
5586,True,0.22093023255813954,0.24883720930232558,0.05348837209302326,17.0,3.728005474146175,28.08022861480713,0.038888068231871395,2434.0,105.34097530543686,weak_ink_support
5610,False,,,,,,,,,,off_plate
5611,True,0.7914572864321608,0.9748743718592965,0.03768844221105527,1.0,0.21929443965565734,5.0,0.16429899508651785,2091.0,101.26762114117534,weak_ink_support
5613,False,,,,,,,,,,off_plate
5614,True,0.42953020134228187,0.5134228187919463,0.005033557046979831,5.0,1.0964721982782868,21.609151649475102,0.0,,51.109801424639194,weak_ink_support
5617,True,0.7936507936507936,0.9484126984126984,0.14087301587301582,0.0,0.0,5.0,0.026560627354559514,1970.0,172.22542492925254,aligned
5618,True,0.11764705882352941,0.15781922525107603,0.03730272596843616,26.0,5.701655431047091,46.0,0.11411705850388114,2212.0,349.4805054217348,weak_ink_support
5619,True,0.6933085501858736,0.7639405204460966,0.08782527881040891,1.0,0.21929443965565734,18.027755737304688,0.06273985351120663,3122.0,176.64575950312795,weak_ink_support
5620,True,0.5180180180180181,0.7657657657657657,-0.045608108108108114,3.0,0.657883318966972,7.0,0.050527653211418916,41.0,112.23576157305932,weak_ink_support
5622,True,0.6811594202898551,0.7481884057971014,0.08152173913043481,1.0,0.21929443965565734,13.416407585144043,0.0,,220.51495442827104,weak_ink_support
5624,True,0.0,0.0,-0.047921478060046194,35.22782897949219,7.725267016343066,57.80138397216797,0.011190027362248858,2620.0,101.41682208259832,weak_ink_support
5626,True,0.6143497757847534,0.8161434977578476,-0.018497757847533602,1.0,0.21929443965565734,7.071067810058594,0.021977038164131185,31.0,114.32188393107971,weak_ink_support
5634,True,0.41839762611275966,0.4896142433234421,0.13353115727002968,6.324555397033691,1.3869398318636668,22.360679626464844,0.03750631312259276,2613.0,66.33058289744196,weak_ink_support
5636,True,0.6881188118811881,0.8094059405940595,-0.03650990099009899,1.0,0.21929443965565734,7.211102485656738,0.033293736276472745,20.0,106.68626890343386,weak_ink_support
5639,True,0.645224171539961,0.6705653021442495,0.031189083820662766,0.0,0.0,27.658634185791016,0.051223989430346735,1921.0,166.82570195793562,weak_ink_support
5642,True,0.1921182266009852,0.22167487684729065,0.04433497536945813,19.55710220336914,4.288763768976257,45.094247817993164,0.04994654046153444,2307.0,107.69010428305155,weak_ink_support
5643,True,0.49195402298850577,0.5287356321839081,0.06724137931034485,3.605551242828369,0.7906773394458062,24.75883674621582,0.040265668623811535,2434.0,109.0726538244843,weak_ink_support
5667,False,,,,,,,,,,off_plate
5668,True,0.7554479418886199,0.8401937046004843,0.04358353510895874,1.0,0.21929443965565734,7.0,0.059634671361564924,2107.0,113.8410789999747,weak_ink_support
5670,False,,,,,,,,,,off_plate
5671,True,0.4148606811145511,0.5139318885448917,-0.040247678018575817,5.385164737701416,1.1809366836076371,21.080776977539063,0.0,,68.24194107787112,weak_ink_support
5672,True,0.6513157894736842,0.7796052631578947,-0.047697368421052655,2.0,0.4385888793113147,11.401754379272461,0.0,,55.22285698915917,weak_ink_support
5674,True,0.7865168539325843,0.9617977528089887,0.1207865168539326,0.0,0.0,4.380337810516362,0.018508002535285686,1970.0,112.94609761085468,aligned
5677,True,0.7357630979498861,0.8496583143507973,0.16457858769931666,1.0,0.21929443965565734,7.0,0.04834964587219297,41.0,107.39781053252905,aligned
5680,False,,,,,,,,,,off_plate
5681,True,0.30385487528344673,0.38095238095238093,0.0056689342403628,11.401754379272461,2.5003413376939916,34.885528564453125,0.012272764880738536,2620.0,109.8543799522272,weak_ink_support
5683,True,0.6666666666666666,0.8134556574923547,0.01860346585117223,0.0,0.0,8.0,0.1166892080269364,31.0,648.0354525467789,weak_ink_support
5684,True,0.6536502546689303,0.7894736842105263,0.013157894736842146,1.0,0.21929443965565734,9.043908882141123,0.0,,254.90530927651292,weak_ink_support
5688,False,,,,,,,,,,off_plate
5691,True,0.21899736147757257,0.3403693931398417,2.7755575615628914e-17,9.433980941772461,2.0688195643481424,27.262748336791983,0.07813309423402276,2613.0,97.9138436295,weak_ink_support
5693,True,0.30612244897959184,0.4489795918367347,-0.16262755102040816,6.889636039733887,1.510858874764865,16.970561981201172,0.09829653991557581,20.0,422.32401614389596,weak_ink_support
5695,False,,,,,,,,,,off_plate
5696,True,0.5377616014558689,0.7643312101910829,0.04458598726114643,2.8284270763397217,0.6202583308128085,22.039811325073266,0.24255037087641684,1921.0,799.0556324998429,weak_ink_support
5699,True,0.21323529411764705,0.2426470588235294,0.06985294117647059,25.903488159179688,5.680490920994265,44.961085891723634,0.051572501272743904,2307.0,109.6992383538249,weak_ink_support
5700,True,0.5046082949308756,0.543778801843318,0.0259216589861751,3.0,0.657883318966972,23.98525733947754,0.03961470269821924,2434.0,107.30930098618883,weak_ink_support
5724,False,,,,,,,,,,off_plate
5725,True,0.5853658536585366,0.9121951219512195,-0.1097560975609756,2.0,0.4385888793113147,6.0,0.059701338620746315,2107.0,111.0663989403614,weak_ink_support
5727,False,,,,,,,,,,off_plate
5728,True,0.45141065830721006,0.5266457680250783,-0.0054858934169279006,5.099019527435303,1.1181866300621794,21.17019996643066,0.0,,65.607022540697,weak_ink_support
5729,True,0.6987577639751553,0.7919254658385093,0.02329192546583858,1.0,0.21929443965565734,9.894431400299075,0.0,,67.43581297909127,weak_ink_support
5731,True,0.6736111111111112,0.7708333333333334,0.04513888888888895,1.0,0.21929443965565734,8.602325439453125,0.016382008871247612,1970.0,100.1876070669057,weak_ink_support
5734,True,0.8463251670378619,0.9042316258351893,0.27282850779510015,1.0,0.21929443965565734,6.0,0.05296952763919379,41.0,117.65983371273184,aligned
5735,False,,,,,,,,,,off_plate
5737,False,,,,,,,,,,off_plate
5738,True,0.5242290748898678,0.7444933920704846,-0.03524229074889862,2.8284270763397217,0.6202583308128085,11.401754379272461,0.030372688812592308,3351.0,122.56728672994771,weak_ink_support
5741,True,0.75,0.8928571428571429,0.09672619047619047,0.0,0.0,6.4031243324279785,0.0,,65.25595623785317,weak_ink_support
5742,True,0.43729903536977494,0.5176848874598071,-0.029742765273311877,5.0,1.0964721982782868,10.630146026611328,0.03853458664909545,2382.0,59.98368549674096,weak_ink_support
5745,False,,,,,,,,,,off_plate
5748,True,0.06470588235294118,0.10882352941176471,0.015441176470588236,25.495098114013672,5.590933254878634,44.04184646606446,0.05491420289946885,2613.0,68.29536814856361,weak_ink_support
5750,True,0.5543175487465181,0.584958217270195,-0.07799442896935938,2.8284270763397217,0.6202583308128085,15.55634880065918,0.01794290207923389,20.0,69.3656935044703,weak_ink_support
5752,False,,,,,,,,,,off_plate
5753,True,0.6472945891783567,0.8496993987975952,0.11222444889779559,1.4142135381698608,0.31012916540640423,8.485280990600586,0.05046834290400783,1921.0,151.5866999297256,aligned
5756,True,0.3249630723781389,0.34416543574593794,0.11742983751846384,15.55634880065918,3.411420793328512,43.194526672363274,0.0596773734321749,2307.0,333.3629307779761,weak_ink_support
5757,True,0.4889867841409692,0.5506607929515418,0.017621145374449365,3.605551242828369,0.7906773394458062,23.323806762695312,0.046200002666955224,2434.0,125.14772683057097,weak_ink_support
5782,True,0.45145631067961167,0.7985436893203883,-0.18810679611650483,4.123105525970459,0.9041741159588362,6.324555397033691,0.05949100845735106,2107.0,112.69607349841714,weak_ink_support
5785,True,0.4772727272727273,0.551948051948052,-0.007305194805194759,4.182872772216797,0.9172807407341885,21.470911026000977,0.0,,57.91275145712714,weak_ink_support
5786,True,0.7523510971786834,0.8307210031347962,0.09796238244514122,0.0,0.0,6.4031243324279785,0.0,,65.4265290195974,weak_ink_support
5791,True,0.8134831460674158,0.9011235955056179,0.2657303370786518,1.0,0.21929443965565734,6.0,0.05111376546071517,41.0,113.53767746437956,aligned
5792,False,,,,,,,,,,off_plate
5793,True,0.7242888402625821,0.8358862144420132,0.11761487964989059,1.0,0.21929443965565734,8.098484420776376,0.037777849206029654,3494.0,156.3010449363354,aligned
5794,False,,,,,,,,,,off_plate
5795,True,0.3283705541770058,0.43837882547559964,-0.07795698924731187,7.071067810058594,1.5506458531739553,24.17022819519043,0.0781296122219871,2620.0,875.5793938130956,weak_ink_support
5798,True,0.5419463087248322,0.7332214765100671,-0.08221476510067116,2.8284270763397217,0.6202583308128085,9.848857879638672,0.0,,260.0109268439034,weak_ink_support
5799,True,0.46178343949044587,0.535031847133758,0.15605095541401276,5.0,1.0964721982782868,15.620499610900879,0.03878664235582486,2382.0,61.75909554091709,weak_ink_support
5802,False,,,,,,,,,,off_plate
5803,True,0.12444444444444444,0.3088888888888889,-0.032777777777777795,24.698177337646484,5.416172959775241,52.38781776428224,0.08992749469352468,2454.0,118.10134740405302,weak_ink_support
5805,True,0.0,0.0,0.0,55.578773498535156,12.188115991109965,70.78044738769532,0.09109264467987867,2613.0,113.28955671864597,weak_ink_support
5807,True,0.3918269230769231,0.6225961538461539,-0.1899038461538461,5.0,1.0964721982782868,14.560219764709473,0.030002912569234857,20.0,116.50215212567468,weak_ink_support
5808,True,0.17248908296943233,0.2554585152838428,-0.1097161572052402,11.704699516296387,2.5667755217640598,20.10720863342285,0.30699037411066127,1913.0,126.36632791652694,weak_ink_support
5810,True,0.359026369168357,0.5253549695740365,-0.047160243407707914,5.656854152679443,1.240516661625617,14.696299362182621,0.028599359076858684,1921.0,145.21492480300327,weak_ink_support
5839,True,0.4549019607843137,0.5856209150326798,-0.09901960784313729,4.0,0.8771777586226294,12.0,0.2089451364778457,2107.0,406.3410308856346,weak_ink_support
5842,True,0.5290322580645161,0.5838709677419355,0.04032258064516131,2.2360680103302,0.49035728135730183,22.360679626464844,0.0,,59.64821587473014,weak_ink_support
5843,True,0.6721854304635762,0.9370860927152318,-0.04470198675496695,1.0,0.21929443965565734,5.830951690673828,0.0,,54.333801632893355,weak_ink_support
5846,True,0.6338028169014085,0.7154929577464789,0.07183098591549297,2.0,0.4385888793113147,9.848857879638672,0.029958705743827377,23.0,65.38796622906328,weak_ink_support
5848,True,0.8311111111111111,0.9377777777777778,0.2766666666666667,0.0,0.0,5.099019527435303,0.04020805124645473,41.0,118.6844938294225,aligned
5849,False,,,,,,,,,,off_plate
5850,True,0.5753012048192772,0.7469879518072289,0.04216867469879526,2.0,0.4385888793113147,8.9442720413208,0.015361096888467811,3494.0,62.665863084436786,weak_ink_support
5851,False,,,,,,,,,,off_plate
5852,True,0.199203187250996,0.3605577689243028,-0.12151394422310757,9.924428939819336,2.176372083260071,40.04996871948242,0.01983547293105248,2620.0,170.46332649498373,weak_ink_support
5853,True,0.4798387096774194,0.6612903225806451,0.10534274193548393,3.8027756214141846,0.8339275490342178,22.627416610717773,0.0688405667237108,2429.0,163.82234614883416,weak_ink_support
5856,True,0.32857142857142857,0.4020408163265306,0.08163265306122447,9.899495124816895,2.1709042362706326,15.0,0.06952823277195089,2382.0,179.3325637770091,weak_ink_support
5858,False,,,,,,,,,,off_plate
5859,False,,,,,,,,,,off_plate
5860,True,0.12364425162689804,0.2885032537960954,-0.037418655097613884,27.784887313842773,6.093071294384733,62.36986541748047,0.09807545864659543,2454.0,128.86298741456358,weak_ink_support
5862,True,0.0,0.0,0.0,88.14192962646484,19.329035067603993,104.9571304321289,0.07340907314796975,2613.0,115.30242549387361,weak_ink_support
5864,True,0.4486873508353222,0.6348448687350835,-0.09009546539379465,4.123105525970459,0.9041741159588362,14.785072135925292,0.030526061838650823,20.0,118.61417230237976,weak_ink_support
5865,True,0.16059957173447537,0.24411134903640258,-0.15417558886509636,10.630146026611328,2.3311319163635438,20.615528106689453,0.17106565346229638,1933.0,134.9918936159956,weak_ink_support
5867,True,0.4031620553359684,0.5513833992094862,-0.01976284584980237,5.0,1.0964721982782868,14.142135620117188,0.004050276855379299,1921.0,158.51347238695055,weak_ink_support
5900,True,0.5236593059936908,0.5867507886435331,0.05205047318611988,2.2360680103302,0.49035728135730183,24.20743751525879,0.0,,63.6935283817842,weak_ink_support
5901,True,0.7570977917981072,0.9684542586750788,0.02444794952681384,0.0,0.0,4.170919513702397,0.0,,64.13868896859285,weak_ink_support
5902,True,0.6077097505668935,0.8253968253968254,-0.06405895691609975,2.0,0.4385888793113147,8.0,0.012316514988747692,1952.0,108.96825553435288,weak_ink_support
5904,True,0.6062322946175638,0.6968838526912181,0.04815864022662897,2.0,0.4385888793113147,11.357471466064455,0.029298995890392487,23.0,63.94808140939717,weak_ink_support
5905,True,0.7071129707112971,0.7761506276150628,0.06956066945606687,0.0,0.0,20.615528106689453,0.034229077489700395,2200.0,106.45586433062759,weak_ink_support
5906,True,0.7758007117437722,0.8612099644128114,0.19439501779359425,0.0,0.0,8.0,0.10931126845665207,2123.0,230.31299973688004,aligned
5908,True,0.682716049382716,0.8530864197530864,0.07253086419753085,1.0,0.21929443965565734,7.211102485656738,0.07385216690595617,3494.0,420.29478260018544,weak_ink_support
5909,False,,,,,,,,,,off_plate
5910,True,0.2594059405940594,0.4396039603960396,-0.07871287128712867,8.9442720413208,1.9614291254292073,43.08131790161133,0.015601159890289476,2620.0,172.95827669136813,weak_ink_support
5911,True,0.5819327731092437,0.680672268907563,0.2883403361344538,2.2360680103302,0.49035728135730183,23.021728515625,0.11366279456477185,2429.0,144.62822403025442,aligned
5914,True,0.4364820846905538,0.511400651465798,0.15553745928338764,5.656854152679443,1.240516661625617,14.866068840026855,0.06130118242952263,2383.0,57.0908097472833,weak_ink_support
5917,False,,,,,,,,,,off_plate
5918,True,0.12179487179487179,0.19017094017094016,-0.04433760683760686,19.235383987426758,4.218212753084154,51.594268035888675,0.10389803279799521,2454.0,136.52989110899077,weak_ink_support
5920,True,0.0,0.0,0.0,128.177490234375,28.108610897415755,149.8101608276367,0.014630552957651402,2613.0,139.0614029196658,weak_ink_support
5922,True,0.6341948310139165,0.7594433399602386,0.10238568588469188,1.0,0.21929443965565734,14.317821502685547,0.04827605492426753,20.0,188.863682070285,aligned
5923,True,0.08178438661710037,0.13382899628252787,-0.12221189591078067,12.206555366516113,2.676829719225908,52.31670761108399,0.37672026238944767,1933.0,205.87266768465855,weak_ink_support
5925,True,0.20315581854043394,0.27416173570019725,-0.060650887573964446,10.770329475402832,2.3618733672152743,26.491275787353523,0.08250529040688652,2266.0,160.0196633153557,weak_ink_support
5929,True,0.4966292134831461,0.6134831460674157,-0.03539325842696622,3.1622776985168457,0.6934699159318334,25.0,0.04184009624268464,2434.0,113.33750287615263,weak_ink_support
5958,True,0.44551282051282054,0.5641025641025641,-0.0881410256410256,4.4721360206604,0.9807145627146037,25.553865432739258,0.0,,60.559614248508126,weak_ink_support
5959,True,0.7707006369426752,0.8929936305732484,0.11751592356687901,0.0,0.0,7.155088615417483,0.045641943958556266,2423.0,374.9018864887553,aligned
5960,True,0.6283185840707964,0.8723135271807838,0.003476611883691416,2.0,0.4385888793113147,6.7082037925720215,0.055848498726125885,1952.0,458.7704128518791,weak_ink_support
5961,True,0.43526785714285715,0.5602678571428571,0.02734375,4.4721360206604,0.9807145627146037,21.609151649475102,0.012552616457576882,1894.0,116.12965971570333,weak_ink_support
5962,True,0.40336134453781514,0.6666666666666666,-0.14635854341736698,5.0,1.0964721982782868,13.601470947265625,0.030743288834673387,23.0,67.10039977298241,weak_ink_support
5963,True,0.5557851239669421,0.7706611570247934,-0.07696280991735549,0.0,0.0,21.095022201538086,0.03650895649796431,2200.0,113.15699604093442,weak_ink_support
5964,True,0.6586538461538461,0.8044871794871795,-0.0012019230769231282,1.0,0.21929443965565734,8.0,0.11429973448726069,2123.0,291.5663544837799,weak_ink_support
5966,True,0.6030534351145038,0.8473282442748091,-0.11221374045801524,2.0,0.4385888793113147,7.071067810058594,0.058743071942627435,3494.0,304.2835816544606,weak_ink_support
5967,False,,,,,,,,,,off_plate
5968,True,0.3176470588235294,0.47058823529411764,-0.004411764705882337,6.324555397033691,1.3869398318636668,40.49691390991211,0.018849190659195558,2620.0,178.26056050395295,weak_ink_support
5969,True,0.4074074074074074,0.5359477124183006,0.04684095860566445,3.605551242828369,0.7906773394458062,23.021728515625,0.09341128919999322,2429.0,126.91850883574455,weak_ink_support
5971,True,0.3438155136268344,0.3689727463312369,0.05555555555555558,19.10497283935547,4.18961431344301,31.247148513793952,0.0,,170.79101855687762,weak_ink_support
5972,True,0.5144694533762058,0.594855305466238,0.13906752411575563,2.8284270763397217,0.6202583308128085,14.21267032623291,0.046519855103714446,2407.0,59.72417531025061,aligned
5975,False,,,,,,,,,,off_plate
5976,True,0.16081330868761554,0.2476894639556377,-0.13031423290203328,7.8102498054504395,1.7127443546569612,21.470911026000977,0.2504131260803746,2442.0,208.883013174854,weak_ink_support
5978,True,0.0,0.0,0.0,171.39720153808594,37.58645326984233,191.1256103515625,0.0,,126.16684458363896,weak_ink_support
5980,True,0.5662650602409639,0.7060240963855422,0.08795180722891571,1.4142135381698608,0.31012916540640423,15.81138801574707,0.01733467776335995,20.0,115.90740753612306,weak_ink_support
5983,True,0.0,0.010080645161290322,-0.12802419354838712,18.094635009765625,3.968052845240193,40.563974380493164,0.2395318490485195,2266.0,148.38608171115277,weak_ink_support
5987,True,0.8177777777777778,0.98,-0.03111111111111098,1.4142135381698608,0.31012916540640423,4.0,0.03154956801266831,2434.0,115.77965430409209,weak_ink_support
6016,True,0.5442622950819672,0.6065573770491803,0.04590163934426228,2.2360680103302,0.49035728135730183,24.413110733032227,0.0,,56.33944763576781,weak_ink_support
6017,True,0.23197492163009403,0.322884012539185,-0.03526645768025077,12.206555366516113,2.676829719225908,30.805843353271484,0.044264075778141676,2423.0,65.33700822527842,weak_ink_support
6018,True,0.738562091503268,0.8932461873638344,0.1421568627450981,0.0,0.0,6.131121253967282,0.02191654369231549,1952.0,126.8687744636762,aligned
6019,True,0.4634703196347032,0.5593607305936074,0.029680365296803624,4.182872772216797,0.9172807407341885,21.931713104248047,0.011469345413440819,1894.0,106.6689316349104,weak_ink_support
6020,True,0.29238329238329236,0.4963144963144963,-0.08538083538083541,6.082762718200684,1.3339160418461422,17.262676239013672,0.050022495338378874,23.0,109.17925706965212,weak_ink_support
6021,True,0.5488565488565489,0.762993762993763,-0.11694386694386694,1.0,0.21929443965565734,21.931713104248047,0.03565278051886395,2200.0,110.05299604367079,weak_ink_support
6022,True,0.7504990019960079,0.8622754491017964,0.0004990019960079417,0.0,0.0,6.7082037925720215,0.05199498580670119,2123.0,169.21403153658198,weak_ink_support
6024,True,0.6102941176470589,0.8455882352941176,-0.10661764705882337,2.0,0.4385888793113147,7.280109882354736,0.0336179566025362,3494.0,119.43855214842159,weak_ink_support
6025,False,,,,,,,,,,off_plate
6026,True,0.2100656455142232,0.3063457330415755,0.03063457330415753,20.880613327026367,4.579002399216699,49.04079818725586,0.015322120203319065,2620.0,125.68921098996613,weak_ink_support
6027,True,0.311340206185567,0.3938144329896907,0.009793814432989711,10.29563045501709,2.257774511534693,28.62166519165039,0.024340145269873503,2429.0,153.1928277797631,weak_ink_support
6029,True,0.608359133126935,0.6269349845201239,0.05147058823529416,0.0,0.0,22.1131591796875,0.0,,297.7233030273901,weak_ink_support
6030,True,0.5893186003683242,0.7366482504604052,0.07366482504604066,2.0,0.4385888793113147,8.485280990600586,0.07532009100574062,2407.0,214.2829425449769,weak_ink_support
6033,False,,,,,,,,,,off_plate
6034,True,0.3482905982905983,0.4551282051282051,-0.08493589743589741,6.7082037925720215,1.471071791788037,23.04124755859375,0.31364659572666875,2445.0,136.60452216364544,weak_ink_support
6036,True,0.0,0.0,0.0,231.821044921875,50.837066146531555,269.4679870605469,0.0,,279.0552219663728,weak_ink_support
6037,True,0.489749430523918,0.55125284738041,0.0723234624145786,3.605551242828369,0.7906773394458062,20.51828384399414,0.030347486610581422,2059.0,107.17595293033922,weak_ink_support
6038,True,0.5093896713615024,0.6971830985915493,0.024647887323943685,2.8284270763397217,0.6202583308128085,15.967951774597168,0.0,,124.52997460496758,weak_ink_support
6039,True,0.1,0.15531914893617021,-0.0324468085106383,23.883468627929688,5.237511869795313,47.75981521606445,0.15416858259060354,1905.0,138.37236975420106,weak_ink_support
6041,True,0.0,0.0631163708086785,-0.08382642998027613,25.0,5.482360991391434,44.777225494384766,0.2697450199567755,2266.0,159.71039825904782,weak_ink_support
6074,True,0.5420560747663551,0.5981308411214953,0.08411214953271029,2.2360680103302,0.49035728135730183,26.07680892944336,0.0,,66.51786473536447,weak_ink_support
6075,True,0.2643312101910828,0.3980891719745223,-0.011942675159235638,14.01183795928955,3.072718153828271,41.04509658813477,0.028181386929447935,2423.0,62.26701391682785,weak_ink_support
6076,True,0.7171532846715328,0.8832116788321168,0.13275547445255476,1.4142135381698608,0.31012916540640423,6.7082037925720215,0.03605166409040634,1952.0,216.11026938072067,aligned
6077,True,0.4147465437788018,0.5,0.037442396313364046,6.07775354385376,1.332817557764596,21.79347248077392,0.01091348739800366,1894.0,102.01479050402664,weak_ink_support
6078,True,0.31958762886597936,0.49355670103092786,-0.11243556701030932,6.082762718200684,1.3339160418461422,26.90724754333496,0.1781530435334926,23.0,415.2691773031454,weak_ink_support
6079,True,0.7293388429752066,0.756198347107438,0.08367768595041314,0.0,0.0,22.149337005615234,0.037066763996125456,2200.0,113.85592228149905,weak_ink_support
6080,True,0.7139689578713969,0.8470066518847007,-0.03270509977827052,0.0,0.0,7.071067810058594,0.12370995372693278,2161.0,119.54795101601269,weak_ink_support
6082,True,0.5594989561586639,0.7828810020876826,-0.16440501043841338,2.8284270763397217,0.6202583308128085,8.246211051940918,0.04851668214586997,3494.0,172.37104381622999,weak_ink_support
6083,False,,,,,,,,,,off_plate
6084,True,0.16964285714285715,0.19196428571428573,0.05189732142857144,38.07886505126953,8.350483374141547,69.4693832397461,0.014137761315028754,2620.0,115.97377133652205,weak_ink_support
6085,True,0.4232142857142857,0.48214285714285715,0.09687499999999999,7.211102485656738,1.5813546788916124,24.041629791259766,0.0,,227.90972119428744,weak_ink_support
6087,True,0.552821997105644,0.5890014471780028,-0.02279305354558614,1.4142135381698608,0.31012916540640423,27.58622932434082,0.0,,330.7581142557242,weak_ink_support
6088,True,0.3116883116883117,0.3961038961038961,-0.03977272727272724,8.062257766723633,1.7680082993131305,16.552946090698242,0.04843362423065951,2407.0,57.899548697631346,weak_ink_support
6091,False,,,,,,,,,,off_plate
6094,True,0.0,0.0,0.0,244.2969512939453,53.57296304359116,274.657958984375,0.0,,107.235414982762,weak_ink_support
6095,True,0.4150197628458498,0.4624505928853755,-0.007905138339920958,6.7082037925720215,1.471071791788037,18.520082473754883,0.0442312391939238,2059.0,174.70384252648145,weak_ink_support
6096,True,0.5147058823529411,0.6813725490196079,0.09374999999999994,2.8284270763397217,0.6202583308128085,16.446738052368165,0.0,,109.60473847300297,weak_ink_support
6097,True,0.26666666666666666,0.325,0.024999999999999994,11.313708305358887,2.481033323251234,30.4138126373291,0.30039170574092094,1905.0,147.85259554401838,weak_ink_support
6099,True,0.16923076923076924,0.19316239316239317,-0.028632478632478642,16.124515533447266,3.536016598626261,36.878177642822266,0.10517861223354927,2272.0,244.50876445441816,weak_ink_support
6102,True,0.3341176470588235,0.3952941176470588,-0.047647058823529376,8.5440034866333,1.8736524570172322,15.65247631072998,0.03361032604734929,2307.0,123.47731310734854,weak_ink_support
6103,True,0.9059304703476483,1.0,0.23108384458077713,0.0,0.0,3.0,0.016659101675957882,2434.0,152.90284026576194,aligned
6129,True,0.18584070796460178,0.23514538558786346,-0.07585335018963335,13.34166431427002,2.925752799871724,31.38471031188965,0.0015677155336669705,2620.0,458.4777259880911,weak_ink_support
6132,True,0.5095541401273885,0.5859872611464968,0.030254777070063688,2.8284270763397217,0.6202583308128085,23.479614067077634,0.0,,62.28453155526944,weak_ink_support
6133,True,0.18120805369127516,0.3523489932885906,-0.08808724832214768,14.422204971313477,3.162709357783225,41.69172134399414,0.004180420502560625,2423.0,51.35101308892866,weak_ink_support
6134,True,0.6855895196506551,0.834061135371179,0.120906113537118,1.0,0.21929443965565734,7.447941541671753,0.08574319783583541,1952.0,582.7009761959432,aligned
6135,True,0.4311023622047244,0.5177165354330708,0.04527559055118113,5.385164737701416,1.1809366836076371,20.161764717102052,0.018687837415308925,1894.0,176.4327384172453,weak_ink_support
6136,True,0.3164251207729469,0.3961352657004831,0.022342995169082114,11.830951690673828,2.594461921599469,36.578529739379874,0.04657598034229485,23.0,114.5882206900084,weak_ink_support
6137,True,0.7009174311926606,0.7229357798165138,0.1146788990825689,0.0,0.0,21.931713104248047,0.0602678847090062,2200.0,184.15631975806772,aligned
6138,True,0.6798245614035088,0.8464912280701754,-0.007127192982456232,1.0,0.21929443965565734,7.0,0.11951414402579504,2161.0,124.78568835829742,weak_ink_support
6140,True,0.6227848101265823,0.7721518987341772,-0.08734177215189876,2.0,0.4385888793113147,8.062257766723633,0.03094554969917847,3494.0,109.94397117009962,weak_ink_support
6143,True,0.44171779141104295,0.558282208588957,0.12576687116564422,5.0,1.0964721982782868,26.870058059692383,0.0,,157.5820967903869,weak_ink_support
6145,True,0.6286472148541115,0.6578249336870027,0.0,0.0,0.0,20.51828384399414,0.0,,96.14718063589127,weak_ink_support
6146,True,0.296875,0.36875,-0.05625000000000002,8.485280990600586,1.8607749401545566,26.172504425048828,0.05473639834804118,2407.0,66.28343452962848,weak_ink_support
6149,False,,,,,,,,,,off_plate
6152,True,0.0,0.0,0.0,255.8378448486328,56.103816828791935,285.4898223876953,0.0,,110.42315028892256,weak_ink_support
6153,True,0.5232558139534884,0.5790697674418605,0.07500000000000001,2.8284270763397217,0.6202583308128085,17.804492950439453,0.022379313373493043,2059.0,98.07348084493802,weak_ink_support
6154,True,0.4944920440636475,0.6364749082007344,-0.038861689106487074,3.1622776985168457,0.6934699159318334,12.041594505310059,0.49569477960562425,2470.0,449.7109741897402,weak_ink_support
6155,True,0.20229007633587787,0.25318066157760816,-0.03944020356234096,11.401754379272461,2.5003413376939916,22.203603744506836,0.3527000997949129,1932.0,453.33633257058574,weak_ink_support
6157,True,0.18087318087318088,0.2681912681912682,-0.020270270270270285,15.0,3.28941659483486,35.902645111083984,0.08384540356003137,2272.0,131.7295787649794,weak_ink_support
6158,False,,,,,,,,,,off_plate
6160,True,0.2494172494172494,0.3916083916083916,-0.14102564102564108,8.246211051940918,1.8083482319176725,15.620499610900879,0.1367058613042885,2303.0,127.12089791722534,weak_ink_support
6161,True,0.49311926605504586,0.6215596330275229,-0.02752293577981657,3.1622776985168457,0.6934699159318334,16.20166778564453,0.02954699050016314,2434.0,102.64718706140515,weak_ink_support
6186,True,0.8618421052631579,1.0,0.2582236842105262,0.0,0.0,3.605551242828369,0.061071289299110494,2093.0,60.40053823815337,aligned
6187,True,0.5021929824561403,0.5855263157894737,0.009868421052631526,2.9142136573791504,0.6390708510318246,16.76305389404297,0.0,,123.99773103467685,weak_ink_support
6190,True,0.5348837209302325,0.6744186046511628,0.009966777408637828,2.8284270763397217,0.6202583308128085,13.601470947265625,0.0,,53.28038685583553,weak_ink_support
6191,True,0.26143790849673204,0.3758169934640523,-0.006535947712418277,15.21120834350586,3.3357334101745773,42.43819046020508,0.0,,56.9620055903439,weak_ink_support
6192,True,0.7602459016393442,0.8852459016393442,0.1598360655737705,0.0,0.0,6.7082037925720215,0.0331136212732338,1952.0,156.74643559625096,aligned
6193,True,0.5461638491547465,0.64629388816645,0.08062418725617682,1.4142135381698608,0.31012916540640423,16.50452690124512,0.030808287671180237,1894.0,436.3192080483475,weak_ink_support
6194,True,0.3056234718826406,0.3691931540342298,0.004889975550122272,13.03840446472168,2.859249601094962,28.284271240234375,0.03014844813098408,23.0,110.86004085590618,weak_ink_support
6195,True,0.6473029045643154,0.7489626556016598,0.01970954356846477,1.2071068286895752,0.26471181560199797,21.095022201538086,0.03662323825053116,2200.0,111.11525088175935,weak_ink_support
6198,True,0.5690721649484536,0.7793814432989691,-0.07268041237113398,2.0,0.4385888793113147,7.6157732009887695,0.04972723222781849,3494.0,176.67191048699533,weak_ink_support
6201,True,0.6126315789473684,0.7263157894736842,0.2521052631578947,1.0,0.21929443965565734,14.098957633972175,0.024243837954613552,2430.0,143.18687954651952,aligned
6203,True,0.658974358974359,0.6846153846153846,0.07948717948717954,0.0,0.0,17.029386520385742,0.0,,106.01010846144175,weak_ink_support
6204,True,0.3385093167701863,0.40993788819875776,-0.01164596273291929,7.8102498054504395,1.7127443546569612,26.812239074707037,0.055177452203611754,2407.0,67.12959816595222,weak_ink_support
6207,False,,,,,,,,,,off_plate
6208,True,0.20851063829787234,0.2702127659574468,-0.040957446808510656,11.180339813232422,2.451786354502641,34.06721496582033,0.05938209676564084,3478.0,138.2684088350066,weak_ink_support
6210,True,0.0,0.0,0.0,277.2164306640625,60.792021825816974,302.9785461425781,0.0,,170.3371719161453,weak_ink_support
6211,True,0.6004901960784313,0.7120098039215687,0.059742647058823484,0.0,0.0,17.029386520385742,0.09838512105328767,2059.0,480.33668134495827,weak_ink_support
6214,False,,,,,,,,,,off_plate
6215,True,0.024193548387096774,0.07258064516129033,-0.05947580645161291,18.13802146911621,3.977567254532122,37.57658767700195,0.11400323548419644,2272.0,147.87146104218095,weak_ink_support
6216,False,,,,,,,,,,off_plate
6218,True,0.16981132075471697,0.2783018867924528,-0.24410377358490568,8.9442720413208,1.9614291254292073,14.764822959899902,0.1540763488761171,2303.0,122.72592940213069,weak_ink_support
6219,True,0.5100671140939598,0.6868008948545862,0.09787472035794187,2.8284270763397217,0.6202583308128085,21.63330841064453,0.03437336608189166,2434.0,116.8274640855159,weak_ink_support
6244,True,0.7205128205128205,0.7948717948717948,0.20576923076923082,0.0,0.0,8.5440034866333,0.1156880250243869,2093.0,114.41741380239208,aligned
6245,True,0.5121412803532008,0.5960264900662252,-0.01876379690949226,2.8284270763397217,0.6202583308128085,18.027755737304688,0.0,,121.06072788663786,weak_ink_support
6248,True,0.5916398713826366,0.7170418006430869,0.02813504823151125,2.0,0.4385888793113147,9.219544410705566,0.0,,60.199334233098995,weak_ink_support
6249,True,0.2253968253968254,0.36507936507936506,-0.018253968253968217,15.55634880065918,3.411420793328512,42.8018684387207,0.0,,62.37252353772419,weak_ink_support
6250,True,0.666058394160584,0.8248175182481752,0.06523722627737227,1.0,0.21929443965565734,8.0,0.045673856149336334,1952.0,216.20148676192264,weak_ink_support
6251,True,0.5668934240362812,0.764172335600907,-0.14002267573696148,2.0,0.4385888793113147,8.5440034866333,0.009204395999906275,1894.0,109.70772144235839,weak_ink_support
6252,True,0.25646123260437376,0.3359840954274354,-0.04274353876739562,12.083045959472656,2.6497447930161107,37.161808013916016,0.004395332682733119,2046.0,188.8382926711265,weak_ink_support
6253,True,0.6142857142857143,0.7489795918367347,-0.03316326530612246,2.2360680103302,0.49035728135730183,21.21320343017578,0.0398288715158121,2200.0,120.28466596168667,weak_ink_support
6256,True,0.3910891089108911,0.6658415841584159,-0.16646039603960394,3.8027756214141846,0.8339275490342178,8.485280990600586,0.032802631668734726,3494.0,116.54184933048741,weak_ink_support
6258,True,0.5326315789473685,0.6526315789473685,0.036315789473684246,2.8284270763397217,0.6202583308128085,28.383046340942386,0.0,,143.45715564918993,weak_ink_support
6259,True,0.5,0.5759493670886076,0.189873417721519,3.081138849258423,0.6756766174494028,25.046225929260245,0.12473514222942057,2430.0,142.00381297836512,aligned
6261,True,0.7083333333333334,0.7380952380952381,0.06324404761904767,0.0,0.0,13.601470947265625,0.0,,65.68133650527535,weak_ink_support
6262,True,0.3333333333333333,0.4084967320261438,-0.006535947712418333,7.211102485656738,1.5813546788916124,26.248809814453125,0.04689636596810406,2407.0,56.53123325043988,weak_ink_support
6265,False,,,,,,,,,,off_plate
6266,True,0.07304785894206549,0.10579345088161209,-0.17254408060453402,11.401754379272461,2.5003413376939916,21.63330841064453,0.18130908286897748,2467.0,461.17566276592623,weak_ink_support
6268,True,0.0,0.0,0.0,267.0599365234375,58.56475913438265,295.7020324707031,0.0,,160.98832272938284,weak_ink_support
6269,True,0.48519362186788156,0.6856492027334852,-0.004555808656036442,3.1622776985168457,0.6934699159318334,9.899495124816895,0.030684000194146493,2059.0,107.71648943272598,weak_ink_support
6273,True,0.1450676982591876,0.27852998065764023,-0.09864603481624759,13.892443656921387,3.0465356471923664,33.30165100097656,0.07938683903483525,2272.0,170.9374321468989,weak_ink_support
6274,False,,,,,,,,,,off_plate
6276,True,0.22877358490566038,0.37264150943396224,-0.21757075471698115,9.848857879638672,2.159799769963568,13.892443656921387,0.00020970976030947443,2303.0,123.01991443957517,weak_ink_support
6277,True,0.4863636363636364,0.55,0.08238636363636365,4.182872772216797,0.9172807407341885,20.248456954956055,0.03324075659039943,2434.0,110.95547586733423,weak_ink_support
6302,True,0.34797891036906853,0.4094903339191564,-0.03734622144112476,7.280109882354736,1.5964876172825953,22.803508758544922,0.13753534625575398,2093.0,225.5744835515595,weak_ink_support
6303,True,0.48148148148148145,0.6296296296296297,-0.03812636165577338,3.1622776985168457,0.6934699159318334,20.02492218017578,0.0,,127.59103872736328,weak_ink_support
6306,True,0.7033333333333334,0.8133333333333334,0.011666666666666714,0.0,0.0,8.062257766723633,0.0,,52.71275354486969,weak_ink_support
6307,True,0.2435064935064935,0.37012987012987014,0.0332792207792208,15.917584419250488,3.490637755891158,42.63801193237305,0.0,,57.707836614567405,weak_ink_support
6308,True,0.6973969631236443,0.8720173535791758,0.0330802603036876,0.0,0.0,6.970820379257195,0.12437304675615209,1952.0,588.7314951877765,weak_ink_support
6309,True,0.5259593679458239,0.7471783295711061,-0.05248306997742669,2.8284270763397217,0.6202583308128085,8.484444999694828,0.009191053279618923,1894.0,111.6764903505471,weak_ink_support
6310,True,0.21342925659472423,0.30455635491606714,-0.04256594724220625,13.928388595581055,3.054418172374196,44.217620849609375,0.03675255082749438,2046.0,116.87551559580228,weak_ink_support
6311,True,0.6937119675456389,0.7505070993914807,0.11815415821501007,0.0,0.0,20.596079254150393,0.04128970946578144,2200.0,124.07285611591021,aligned
6314,True,0.39805825242718446,0.5744336569579288,-0.12580906148867316,4.123105525970459,0.9041741159588362,9.219544410705566,0.07781894541089866,3494.0,276.47671390275974,weak_ink_support
6316,True,0.5255319148936171,0.6893617021276596,0.005319148936170248,2.8284270763397217,0.6202583308128085,23.626134681701664,0.0,,138.56672251074647,weak_ink_support
6317,True,0.3729281767955801,0.5386740331491713,-0.08908839779005528,5.0,1.0964721982782868,34.058773040771484,0.11688925810290758,2430.0,391.8549199263606,weak_ink_support
6320,True,0.369727047146402,0.5533498759305211,0.013027295285359786,4.4721360206604,0.9807145627146037,26.870058059692383,0.048971058465442426,2407.0,121.12128906878438,weak_ink_support
6323,False,,,,,,,,,,off_plate
6324,True,0.14473684210526316,0.31359649122807015,-0.09046052631578946,12.083045959472656,2.6497447930161107,31.240999221801758,0.10827070017691333,2467.0,124.17109470398418,weak_ink_support
6326,True,0.0,0.0,0.0,230.783447265625,50.60952674991618,244.0,0.0,,64.72900851449957,weak_ink_support
6327,True,0.5258064516129032,0.6403225806451613,0.029032258064516092,2.8284270763397217,0.6202583308128085,8.6365200996399,0.08354354119430292,2059.0,288.3294632804588,weak_ink_support
6331,True,0.19477911646586346,0.29116465863453816,0.011546184738955828,14.21267032623291,3.116759575201835,38.07886505126953,0.09157652338817726,2285.0,150.71363907673208,weak_ink_support
6332,False,,,,,,,,,,off_plate
6334,True,0.13900134952766532,0.23481781376518218,-0.1875843454790823,9.848857879638672,2.159799769963568,16.970561981201172,0.0,,386.69210421187745,weak_ink_support
6335,True,0.2772727272727273,0.3840909090909091,-0.1761363636363637,7.8102498054504395,1.7127443546569612,18.384777069091797,0.03379084890158027,2434.0,112.23984017135095,weak_ink_support
6360,True,0.26606875934230195,0.4125560538116592,-0.1038863976083707,8.062257766723633,1.7680082993131305,32.202484130859375,0.09847712752555825,2093.0,288.2809667532497,weak_ink_support
6361,True,0.5316742081447964,0.7307692307692307,0.016968325791855143,2.2360680103302,0.49035728135730183,21.931713104248047,0.0,,110.44575650643868,weak_ink_support
6364,True,0.7216748768472906,0.7881773399014779,0.16871921182266003,0.0,0.0,16.124515533447266,0.0,,123.06022533535354,aligned
6365,True,0.24496644295302014,0.37919463087248323,0.03691275167785235,14.989276885986328,3.2870650755558684,42.43819046020508,0.0,,51.66531530013332,weak_ink_support
6366,True,0.7286652078774617,0.8905908096280087,0.11925601750547044,0.0,0.0,6.082762718200684,0.026462947739133786,1952.0,125.2648479383302,aligned
6367,True,0.578125,0.763671875,0.05810546875,2.0,0.4385888793113147,8.062257766723633,0.014373185740865324,1894.0,179.9349443004166,weak_ink_support
6368,True,0.21739130434782608,0.30193236714975846,-0.040458937198067674,13.928388595581055,3.054418172374196,39.59798049926758,0.03545624184515398,2046.0,114.52613894989499,weak_ink_support
6369,True,0.6545454545454545,0.7494949494949495,0.09292929292929297,1.0,0.21929443965565734,20.0,0.04223357620946054,2200.0,126.2627133870319,weak_ink_support
6372,True,0.3899895724713243,0.662148070907195,-0.15015641293013554,5.0,1.0964721982782868,11.401754379272461,0.1388898282134815,3494.0,531.7020848127629,weak_ink_support
6374,True,0.5073684210526316,0.6905263157894737,-0.01210526315789473,2.8284270763397217,0.6202583308128085,20.731402969360357,7.356800843598838e-06,2017.0,143.18166910258952,weak_ink_support
6375,True,0.26865671641791045,0.4291044776119403,-0.08208955223880599,7.6157732009887695,1.6700967166554044,43.13930892944336,0.06916855653421641,2430.0,204.38174057555895,weak_ink_support
6378,True,0.22549019607843138,0.37254901960784315,-0.013888888888888867,15.264337539672852,3.3473843474773735,33.0075740814209,0.0,,56.39338061300012,weak_ink_support
6381,False,,,,,,,,,,off_plate
6383,False,,,,,,,,,,off_plate
6385,True,0.682648401826484,0.865296803652968,0.0582191780821919,0.0,0.0,7.8102498054504395,0.03172366696346966,2059.0,106.7162528550882,weak_ink_support
6387,True,0.2678787878787879,0.4509090909090909,-0.14454545454545453,6.7082037925720215,1.471071791788037,16.552946090698242,0.35934112981212946,1926.0,492.48553127508484,weak_ink_support
6388,True,0.6086956521739131,0.7558528428093646,-0.06856187290969895,1.0,0.21929443965565734,9.486832618713379,0.004330057354144195,2160.0,61.37301630836023,weak_ink_support
6389,True,0.0,0.03490759753593429,-0.061601642710472276,29.546573638916016,6.479399309890704,40.511650848388676,0.0837427503100987,2285.0,137.82107224173714,weak_ink_support
6393,True,0.517162471395881,0.5789473684210527,0.10240274599542332,2.0,0.4385888793113147,17.0,0.03342857658122328,2434.0,110.6925422142472,aligned
6418,True,0.42810457516339867,0.5620915032679739,-0.06127450980392163,5.0,1.0964721982782868,10.440306663513184,0.048222104699208145,2093.0,61.69152814419551,weak_ink_support
6419,True,0.5436507936507936,0.6884920634920635,0.06051587301587291,2.8284270763397217,0.6202583308128085,24.041629791259766,0.0,,171.93757550002,weak_ink_support
6422,True,0.5454545454545454,0.6144200626959248,0.06739811912225702,2.2360680103302,0.49035728135730183,23.34523582458496,0.0,,65.40768086831864,weak_ink_support
6423,True,0.24289405684754523,0.39018087855297157,0.0032299741602067333,14.866068840026855,3.2600462361561173,42.8018684387207,0.0,,110.2857979797922,weak_ink_support
6424,True,0.671578947368421,0.8547368421052631,0.06315789473684208,0.0,0.0,7.280109882354736,0.010503731920939167,1952.0,142.86037224425306,weak_ink_support
6425,True,0.5205479452054794,0.7214611872146118,0.015410958904109595,2.8284270763397217,0.6202583308128085,8.117443752288821,0.008288519356232555,1894.0,106.05906472388226,weak_ink_support
6426,True,0.2556179775280899,0.32303370786516855,0.001404494382022503,14.34660530090332,3.1461307704224772,43.600460052490234,0.020672363954945382,2046.0,66.19972341732266,weak_ink_support
6427,True,0.6449814126394052,0.7323420074349443,0.08364312267657992,1.0,0.21929443965565734,20.51828384399414,0.12062115052568419,2195.0,176.2421253097867,weak_ink_support
6430,True,0.5368956743002544,0.6921119592875318,-0.029262086513994978,1.4142135381698608,0.31012916540640423,17.8885440826416,0.025745165158400415,3494.0,108.15811170903253,weak_ink_support
6432,True,0.47629310344827586,0.584051724137931,-0.05711206896551729,3.605551242828369,0.7906773394458062,17.386369323730467,0.005664356387776502,2017.0,132.33270073495626,weak_ink_support
6433,True,0.3547008547008547,0.4444444444444444,0.04059829059829062,8.9442720413208,1.9614291254292073,36.34291152954103,0.043950154230327304,2430.0,135.93398024545934,weak_ink_support
6435,True,0.5886363636363636,0.6534090909090909,0.02017045454545452,1.4142135381698608,0.31012916540640423,17.20465087890625,0.08797184338077056,3098.0,502.00569335874906,weak_ink_support
6436,True,0.3786610878661088,0.4246861924686193,0.06956066945606698,11.851749420166016,2.5990227480345687,35.0142822265625,0.13480460347698722,2376.0,170.8488063738686,weak_ink_support
6439,True,0.1790633608815427,0.24793388429752067,-0.008474999643157899,15.231546401977539,3.3401934333108088,30.789177703857426,0.0,,71.89027929351879,weak_ink_support
6441,False,,,,,,,,,,off_plate
6443,True,0.6714697406340058,0.8112391930835735,0.0889769452449567,2.2360680103302,0.49035728135730183,10.29563045501709,0.2472830362396705,2061.0,361.8473620485932,weak_ink_support
6444,False,,,,,,,,,,off_plate
6446,True,0.5586206896551724,0.7206896551724138,-0.15517241379310343,2.0,0.4385888793113147,9.848857879638672,0.0038529752168721624,2160.0,56.470427576552545,weak_ink_support
6447,True,0.053061224489795916,0.0836734693877551,-0.03520408163265307,24.79916000366211,5.4383178969340715,37.64305877685547,0.0861852981802975,2285.0,141.84093742679514,weak_ink_support
6449,True,0.4785202863961814,0.5668257756563246,-0.0536992840095466,4.242640495300293,0.9303874700772783,24.83948516845703,0.0,,467.1677945080999,weak_ink_support
6450,True,0.7542372881355932,0.827683615819209,-0.043785310734463234,0.0,0.0,7.071067810058594,0.0,,93.8288777043873,weak_ink_support
6451,True,0.5414746543778802,0.5944700460829493,0.1514976958525346,1.0,0.21929443965565734,16.970561981201172,0.033348355556098636,2434.0,109.08064565200847,aligned
6476,True,0.0,0.0,-0.10963455149501661,21.840330123901367,4.789462956415524,33.83784866333008,0.04864769673576916,2093.0,58.63121011760803,weak_ink_support
6477,True,0.5546719681908548,0.7236580516898609,0.010934393638170947,2.2360680103302,0.49035728135730183,15.0,0.0,,171.39822497308373,weak_ink_support
6480,True,0.5597269624573379,0.6382252559726962,0.05460750853242324,1.4142135381698608,0.31012916540640423,22.627416610717773,0.0,,47.86342263176758,weak_ink_support
6481,True,0.21019108280254778,0.37579617834394907,-0.02945859872611467,15.55634880065918,3.411420793328512,42.63801193237305,0.03069592399573991,3437.0,61.82358497884159,weak_ink_support
6482,True,0.6652267818574514,0.8315334773218143,0.04535637149028071,1.4142135381698608,0.31012916540640423,8.0,0.0,,131.30955539679195,weak_ink_support
6483,True,0.5910780669144982,0.7744733581164808,0.09417596034696407,2.0,0.4385888793113147,8.246211051940918,0.033305116252526516,1894.0,474.29435143703324,weak_ink_support
6484,True,0.2577903682719547,0.3286118980169972,-0.02124645892351279,13.892443656921387,3.0465356471923664,37.38936614990235,0.0200149305052574,2046.0,63.85243269566272,weak_ink_support
6485,True,0.7158878504672898,0.7364485981308411,0.21448598130841134,0.0,0.0,19.79899024963379,0.1974807846987936,2195.0,173.07104474162534,aligned
6488,True,0.6575682382133995,0.707196029776675,0.10235732009925558,0.0,0.0,17.69180679321289,0.027472437440870134,3494.0,116.02956722009336,aligned
6489,True,0.5195530726256983,0.7835195530726257,-0.15048882681564246,3.0,0.657883318966972,8.062257766723633,0.003995366293456819,3181.0,377.22960580710213,weak_ink_support
6490,True,0.42138364779874216,0.5576519916142557,-0.1205450733752621,4.242640495300293,0.9303874700772783,13.71786003112794,0.018374398407963215,2017.0,145.08333178772656,weak_ink_support
6491,True,0.386411889596603,0.43736730360934184,0.12791932059447986,9.848857879638672,2.159799769963568,27.073972702026367,0.04410190215573379,3328.0,138.84674300705717,weak_ink_support
6493,True,0.5693069306930693,0.6410891089108911,0.06559405940594054,2.0,0.4385888793113147,16.232528686523438,0.02048673514955613,3098.0,106.02712279195124,weak_ink_support
6494,True,0.568,0.6336,0.04399999999999993,2.2360680103302,0.49035728135730183,9.899495124816895,0.34258940796509624,2420.0,268.8312489317648,weak_ink_support
6495,True,0.0,0.0,0.0,73.15388488769531,16.042240195081604,90.13267517089844,0.1083827500394603,1850.0,149.78467649506484,weak_ink_support
6497,True,0.30465116279069765,0.4186046511627907,-0.07209302325581401,7.211102485656738,1.5813546788916124,22.888527488708505,0.0,,127.63434529554841,weak_ink_support
6498,True,0.6351351351351351,0.7675675675675676,-0.07364864864864862,2.2360680103302,0.49035728135730183,14.866068840026855,0.06421337612304757,2016.0,78.47142413264008,weak_ink_support
6499,False,,,,,,,,,,off_plate
6501,True,0.3274336283185841,0.5309734513274337,-0.07743362831858402,5.656854152679443,1.240516661625617,12.165525436401367,0.5277623956062024,2061.0,458.5429874308418,modern_proxy_suspect
6502,False,,,,,,,,,,off_plate
6504,True,0.30417495029821073,0.40357852882703776,-0.049204771371769374,10.0,2.1929443965565736,39.0128173828125,0.015214885626017857,2160.0,180.27878417915701,weak_ink_support
6505,True,0.1931407942238267,0.2490974729241877,-0.025722021660649824,13.095675468444824,2.871808813764946,24.30834503173828,0.1282869390259285,2285.0,211.130437270003,weak_ink_support
6507,True,0.29683698296836986,0.35766423357664234,-0.201338199513382,8.246211051940918,1.8083482319176725,20.615528106689453,0.0,,112.0541775785536,weak_ink_support
6508,True,0.4685714285714286,0.5457142857142857,-0.14857142857142863,4.0,0.8771777586226294,11.180339813232422,0.0,,92.34881104599097,weak_ink_support
6509,True,0.35714285714285715,0.43548387096774194,-0.09331797235023037,7.8102498054504395,1.7127443546569612,15.620499610900879,0.033743597298076314,2434.0,109.37354723699686,weak_ink_support
6534,True,0.0,0.0,0.0,34.48188018798828,7.561684594098402,48.09234466552736,0.12719769520407553,2093.0,159.78452245248474,weak_ink_support
6535,True,0.5573440643863179,0.8048289738430584,0.019617706237424537,2.0,0.4385888793113147,11.187918090820325,0.0,,165.67071872745774,weak_ink_support
6538,True,0.5645161290322581,0.6419354838709678,0.012903225806451646,1.4142135381698608,0.31012916540640423,21.095022201538086,0.0,,59.086288275782415,weak_ink_support
6539,True,0.2627986348122867,0.36860068259385664,0.023890784982935176,15.55634880065918,3.411420793328512,38.897300720214844,0.03678683543015509,3437.0,48.20939982468455,weak_ink_support
6540,True,0.6496945010183299,0.8370672097759674,0.035641547861507084,2.0,0.4385888793113147,8.0,0.0,,158.937639091726,weak_ink_support
6541,True,0.4713656387665198,0.7158590308370044,-0.017070484581497847,3.1622776985168457,0.6934699159318334,8.5440034866333,0.014579796051658028,1894.0,122.81291761134979,weak_ink_support
6542,True,0.2685370741482966,0.3406813627254509,-0.04659318637274551,9.433980941772461,2.0688195643481424,26.187765502929686,0.05868380761361197,2046.0,185.5158795839955,weak_ink_support
6543,True,0.7151639344262295,0.764344262295082,0.15778688524590168,0.0,0.0,20.0,0.13499425671537998,2195.0,117.50837452554948,aligned
6546,True,0.6269592476489029,0.6551724137931034,0.03526645768025083,0.0,0.0,12.041594505310059,0.06823247579984536,3494.0,291.4481268571751,weak_ink_support
6547,True,0.6150234741784038,0.8591549295774648,-0.07335680751173701,2.0,0.4385888793113147,6.4031243324279785,0.0015849839895446273,3181.0,112.1411761393929,weak_ink_support
6548,True,0.4639830508474576,0.5720338983050848,-0.13877118644067798,4.182872772216797,0.9172807407341885,11.392949771881106,0.015508431673222394,2017.0,140.61280774722815,weak_ink_support
6549,True,0.3201581027667984,0.40711462450592883,0.0182806324110672,10.0,2.1929443965565736,25.1593656539917,0.07758628893937852,3328.0,174.12229603862463,weak_ink_support
6551,True,0.42718446601941745,0.5436893203883495,-0.00910194174757284,4.357388496398926,0.9555510686798097,18.0,0.021622265566980003,3098.0,112.77916710960761,weak_ink_support
6552,True,0.5,0.565989847715736,0.0824873096446701,3.081138849258423,0.6756766174494028,13.892443656921387,0.22245030295547163,2374.0,114.9414326551096,weak_ink_support
6555,True,0.6361607142857143,0.859375,-0.002790178571428603,1.0,0.21929443965565734,6.7082037925720215,0.0,,142.57815252525478,weak_ink_support
6556,True,0.5703517587939698,0.7160804020100503,-0.07914572864321612,2.2360680103302,0.49035728135730183,16.970561981201172,0.24736815410999138,1993.0,101.6146709297623,weak_ink_support
6557,False,,,,,,,,,,off_plate
6559,True,0.4756380510440835,0.6078886310904872,0.03306264501160089,3.605551242828369,0.7906773394458062,11.401754379272461,0.047377887694349106,2030.0,99.27981653672131,weak_ink_support
6560,False,,,,,,,,,,off_plate
6561,True,0.5254988913525499,0.6762749445676275,0.18015521064301554,2.0,0.4385888793113147,20.124610900878906,0.283302562275841,1909.0,119.1307269519662,aligned
6562,True,0.3466666666666667,0.38666666666666666,0.057499999999999996,14.675559043884277,3.218268497162117,38.658720397949224,0.025230394462022705,2160.0,62.385978426384476,weak_ink_support
6563,True,0.06995884773662552,0.12757201646090535,-0.11008230452674898,13.095675468444824,2.871808813764946,33.2933292388916,0.08313395117118885,2285.0,136.81913058357927,weak_ink_support
6565,True,0.45403899721448465,0.48467966573816157,-0.13718662952646238,6.7082037925720215,1.471071791788037,11.670462608337402,0.0,,69.13074705341751,weak_ink_support
6566,True,0.5498489425981873,0.6344410876132931,-0.12311178247734145,2.8284270763397217,0.6202583308128085,10.770329475402832,0.0,,82.11830229036079,weak_ink_support
6567,True,0.5588235294117647,0.6153846153846154,0.13122171945701355,0.0,0.0,13.416407585144043,0.037197221028140805,2434.0,118.34738378812872,aligned
6592,True,0.0,0.0,0.0,41.1096076965332,9.015108384275148,54.58937454223633,0.04987535879189039,2099.0,61.51220117962613,weak_ink_support
6593,True,0.5933333333333334,0.6488888888888888,0.10611111111111116,0.5,0.10964721982782867,21.10448207855225,0.0,,118.24066847318694,aligned
6596,True,0.46855345911949686,0.6509433962264151,-0.1116352201257862,3.605551242828369,0.7906773394458062,20.0,0.0,,64.53200724583887,weak_ink_support
6597,True,0.21739130434782608,0.3712374581939799,-0.02842809364548496,15.620499610900879,3.4254887093139224,30.4138126373291,0.03973099684408792,3437.0,52.06774352544082,weak_ink_support
6598,True,0.7326086956521739,0.8739130434782608,0.14510869565217388,1.0,0.21929443965565734,7.071067810058594,0.0,,128.71788052608437,aligned
6599,True,0.5089686098654709,0.7757847533632287,-0.02522421524663676,3.0,0.657883318966972,8.154234409332275,0.013533518971968092,1894.0,114.2742442508841,weak_ink_support
6600,True,0.46824408468244083,0.5292652552926526,0.1513075965130759,4.4721360206604,0.9807145627146037,18.788293838500977,0.0931029193662329,2046.0,438.6513788630528,weak_ink_support
6601,True,0.7204968944099379,0.7660455486542443,0.08022774327122162,1.0,0.21929443965565734,20.0,0.0802273430689663,2190.0,112.69634914776415,weak_ink_support
6604,True,0.7512315270935961,0.7807881773399015,0.012315270935960632,0.0,0.0,8.602325439453125,0.027938374385302035,3494.0,117.95613626302833,weak_ink_support
6605,True,0.6068965517241379,0.7908045977011494,-0.03965517241379313,1.4142135381698608,0.31012916540640423,7.8102498054504395,0.0018150546837078627,3181.0,120.0099752654561,weak_ink_support
6606,True,0.49137931034482757,0.5818965517241379,-0.06950431034482757,3.1622776985168457,0.6934699159318334,12.941874599456785,0.012330743432914522,2017.0,132.7644931846479,weak_ink_support
6607,True,0.5709779179810726,0.7266035751840169,0.10567823343848581,2.0,0.4385888793113147,12.041594505310059,0.1379499344489043,3086.0,618.3784193911835,aligned
6609,True,0.3740831295843521,0.6430317848410758,-0.17237163814180922,4.242640495300293,0.9303874700772783,18.601076126098633,0.021028001624803574,3098.0,110.51946563329813,weak_ink_support
6610,True,0.6884735202492211,0.719626168224299,0.10124610591900318,1.0,0.21929443965565734,15.65247631072998,0.17323535535442788,2372.0,66.38834735264987,aligned
6614,True,0.6320541760722348,0.672686230248307,-0.03668171557562072,1.0,0.21929443965565734,11.401754379272461,0.3235290056334386,1993.0,138.85566220789391,weak_ink_support
6615,False,,,,,,,,,,off_plate
6617,True,0.5319634703196348,0.6621004566210046,0.03367579908675805,2.8284270763397217,0.6202583308128085,10.0,0.07555214050789961,2030.0,106.55366851026301,weak_ink_support
6620,True,0.34191176470588236,0.3860294117647059,0.05422794117647056,14.03566837310791,3.077944031073331,37.947330474853516,0.019460683512677567,2160.0,45.83305296991381,weak_ink_support
6621,True,0.0,0.0,-0.05544354838709678,25.0,5.482360991391434,45.96738052368164,0.024538484003998703,2285.0,148.57592850760443,weak_ink_support
6623,True,0.5757997218358831,0.7315716272600834,-0.004172461752433909,2.2360680103302,0.49035728135730183,17.714344024658207,0.0,,367.70688402205917,weak_ink_support
6624,True,0.7633333333333333,0.9433333333333334,0.023333333333333317,0.0,0.0,4.0,0.0,,65.7480074465508,weak_ink_support
6625,True,0.6405529953917051,0.771889400921659,0.12039170506912444,0.0,0.0,8.062257766723633,0.035827340296807376,2434.0,112.19581884048753,aligned
6650,True,0.0,0.0,0.0,35.0142822265625,7.678437400819066,50.2493782043457,0.09341641392863324,2099.0,114.49264244263806,weak_ink_support
6651,True,0.5555555555555556,0.6311111111111111,0.05277777777777781,1.2071068286895752,0.26471181560199797,31.422850608825687,0.0,,118.12520682689701,weak_ink_support
6653,True,0.6424802110817942,0.7598944591029023,0.05046174142480209,1.0,0.21929443965565734,19.136293029785165,0.25528013610466765,2295.0,400.48803684592974,weak_ink_support
6654,True,0.38283828382838286,0.6798679867986799,-0.20792079207920783,4.242640495300293,0.9303874700772783,19.416488647460938,0.0,,54.84646992978638,weak_ink_support
6655,True,0.48866498740554154,0.7103274559193955,-0.0220403022670026,3.1622776985168457,0.6934699159318334,17.029386520385742,0.05575930795802818,3437.0,116.9763674071556,weak_ink_support
6656,True,0.6531365313653137,0.8671586715867159,-0.008302583025830201,1.4142135381698608,0.31012916540640423,7.0,0.0697673162837788,3270.0,209.71373833289752,weak_ink_support
6658,True,0.24102564102564103,0.3230769230769231,0.006410256410256415,10.630146026611328,2.3311319163635438,21.933991622924804,0.02217565651851168,2046.0,95.06716639037896,weak_ink_support
6659,True,0.7228464419475655,0.7434456928838952,0.1207865168539326,1.0,0.21929443965565734,19.84943389892578,0.26892355247748817,2190.0,171.89142511743947,aligned
6662,True,0.8329177057356608,0.9052369077306733,0.0654613466334164,0.0,0.0,6.0,0.027293993729302846,3494.0,114.05399598743026,weak_ink_support
6663,True,0.6765402843601895,0.8412322274881516,0.058945497630331634,1.0,0.21929443965565734,7.211102485656738,0.04053896718197228,3263.0,493.78418215066307,weak_ink_support
6664,True,0.5010438413361169,0.7056367432150313,-0.01565762004175364,2.8284270763397217,0.6202583308128085,13.54857673645019,0.026982700044133123,2017.0,147.2674133685077,weak_ink_support
6665,True,0.734475374732334,0.7922912205567452,0.3576017130620985,0.0,0.0,12.206555366516113,0.1202251327836644,3086.0,135.27052460636477,aligned
6667,True,0.3864734299516908,0.5144927536231884,-0.20591787439613535,5.0,1.0964721982782868,14.110195446014403,0.021604198259161597,3098.0,114.4746319078195,weak_ink_support
6668,True,0.4160206718346253,0.4780361757105943,-0.005813953488372103,6.7082037925720215,1.471071791788037,17.804492950439453,0.26661727033720634,2370.0,110.39969571802999,weak_ink_support
6671,True,0.6157407407407407,0.7523148148148148,0.14583333333333326,1.0,0.21929443965565734,17.8885440826416,0.0,,129.88055096903955,aligned
6672,True,0.6035242290748899,0.6299559471365639,0.012665198237885589,1.2071068286895752,0.26471181560199797,23.524163818359373,0.11910751334093665,1991.0,148.11775841723002,weak_ink_support
6673,False,,,,,,,,,,off_plate
6675,True,0.46621621621621623,0.6216216216216216,-0.039977477477477485,4.0,0.8771777586226294,10.0,0.0787761512659024,2030.0,112.7927999279778,weak_ink_support
6678,True,0.3382352941176471,0.38235294117647056,0.08088235294117652,14.1231050491333,3.097118407947672,37.85498809814453,0.019935147959462295,2160.0,45.87432117222575,weak_ink_support
6679,True,0.06905710491367861,0.08366533864541832,-0.05278884462151395,22.803508758544922,5.000682675387983,43.11377258300782,0.0,,425.4036962638649,weak_ink_support
6681,True,0.2659380692167577,0.31693989071038253,-0.04417122040072863,23.021728515625,5.048537054738652,39.81205749511719,0.0,,227.25494308979304,weak_ink_support
6682,True,0.8884758364312267,0.966542750929368,0.26115241635687725,0.0,0.0,4.0,0.0,,49.10076696573463,aligned
6683,True,0.41627906976744183,0.5558139534883721,-0.09127906976744188,5.385164737701416,1.1809366836076371,12.206555366516113,0.03472878188000649,2434.0,109.79809170313126,weak_ink_support
6708,True,0.0,0.0,0.0,33.0,7.236716508636692,48.13511810302735,0.05136428985957433,2099.0,62.309846891967474,weak_ink_support
6709,True,0.54337899543379,0.6278538812785388,0.046232876712328785,2.2360680103302,0.49035728135730183,32.572994232177734,0.0,,106.6570239495785,weak_ink_support
6712,True,0.5728813559322034,0.7050847457627119,-0.03474576271186447,2.0,0.4385888793113147,18.027755737304688,0.0,,49.57460827031988,weak_ink_support
6713,True,0.7003367003367004,0.9393939393939394,0.047138047138047146,1.0,0.21929443965565734,5.0,0.0,,50.54469359220189,weak_ink_support
6714,True,0.554945054945055,0.7765567765567766,-0.08562271062271054,2.2360680103302,0.49035728135730183,8.74413776397705,0.016071455767130437,2011.0,214.30671231371414,weak_ink_support
6715,True,0.5909090909090909,0.784965034965035,-0.04370629370629364,2.0,0.4385888793113147,8.0,0.028214716280603278,1894.0,239.86499866084066,weak_ink_support
6716,True,0.1267605633802817,0.19436619718309858,-0.02816901408450706,16.552946090698242,3.629969037609975,27.20294189453125,0.016123904474472962,2046.0,65.98657040607695,weak_ink_support
6717,True,0.7231329690346083,0.7413479052823315,0.12431693989071035,1.0,0.21929443965565734,20.51828384399414,0.3525699985459516,2186.0,188.90984805307394,aligned
6721,True,0.78125,0.9230769230769231,0.14122596153846156,0.0,0.0,5.099019527435303,0.0,,102.38945978523437,aligned
6722,True,0.6981132075471698,0.8322851153039832,0.14046121593291405,1.4142135381698608,0.31012916540640423,8.508769989013674,0.03565027822209208,2027.0,144.85032055023572,aligned
6723,True,0.59375,0.6826923076923077,0.24098557692307693,0.0,0.0,13.45362377166748,0.07516607124068993,3086.0,84.51431561382013,aligned
6725,True,0.6314496314496314,0.7567567567567568,-0.07678132678132688,2.2360680103302,0.49035728135730183,9.899495124816895,0.02032237667434424,3098.0,108.50729893166593,weak_ink_support
6726,True,0.2334384858044164,0.305993690851735,-0.004731861198738169,13.416407585144043,2.942143583576074,24.72244110107422,0.10829820237215844,2368.0,63.848682326783965,weak_ink_support
6729,True,0.28893905191873587,0.45146726862302483,-0.10948081264108356,7.211102485656738,1.5813546788916124,19.29764289855957,0.0,,138.70921734039655,weak_ink_support
6730,True,0.5855962219598583,0.6564344746162928,0.07378984651711917,1.0,0.21929443965565734,23.021728515625,0.27308167245474857,2024.0,474.86896475388147,weak_ink_support
6736,True,0.34965034965034963,0.3916083916083916,0.059440559440559426,13.688666343688965,3.0018484154725273,37.85498809814453,0.02397116841469421,2160.0,53.96875441811523,weak_ink_support
6737,True,0.21080139372822299,0.22822299651567945,0.039198606271777015,20.808652877807617,4.563221872827903,34.074803924560555,0.09641007970931462,3476.0,232.31481848291102,weak_ink_support
6740,True,0.7138047138047138,0.898989898989899,0.05218855218855212,1.0,0.21929443965565734,6.033105087280276,0.0,,64.1732701612532,weak_ink_support
6766,True,0.2682602921646746,0.3559096945551129,-0.04515272244355911,13.34166431427002,2.925752799871724,37.656341552734375,0.2869480192656896,2099.0,340.6072251427716,weak_ink_support
6767,True,0.5820224719101124,0.6314606741573033,0.09044943820224721,1.4142135381698608,0.31012916540640423,32.96659622192383,0.0,,113.19476946263428,weak_ink_support
6769,True,0.5258278145695364,0.7602649006622516,0.0473509933774835,2.8284270763397217,0.6202583308128085,13.928388595581055,0.10792714176867396,4.0,399.24791207020326,weak_ink_support
6770,True,0.4805194805194805,0.7175324675324676,-0.14204545454545453,3.1622776985168457,0.6934699159318334,16.401220321655273,0.0,,58.098697208263154,weak_ink_support
6771,True,0.8066666666666666,0.9266666666666666,0.1891666666666667,0.0,0.0,5.099019527435303,0.0,,52.773698053762374,aligned
6772,True,0.48497854077253216,0.6888412017167382,-0.17864806866952793,3.1622776985168457,0.6934699159318334,9.0,0.012533707534221488,2011.0,134.16419244961756,weak_ink_support
6773,True,0.5797752808988764,0.7842696629213484,-0.09831460674157311,2.2360680103302,0.49035728135730183,7.8102498054504395,0.013420793624368012,1894.0,113.67743457731964,weak_ink_support
6774,True,0.12813370473537605,0.16434540389972144,-0.0118384401114206,20.51828384399414,4.499545558264422,30.149336624145505,0.01743012571657766,2046.0,68.90791865933281,weak_ink_support
6775,True,0.6981519507186859,0.7802874743326489,0.03696098562628336,1.4142135381698608,0.31012916540640423,19.10497283935547,0.216918232082956,2186.0,116.27271414075544,weak_ink_support
6778,True,0.6316894018887723,0.7649527806925498,0.008656873032528822,1.0,0.21929443965565734,10.039900207519535,0.05836281077520044,1969.0,620.1187368093019,weak_ink_support
6779,True,0.5738498789346247,0.7312348668280871,-0.026029055690072633,2.2360680103302,0.49035728135730183,9.219544410705566,0.0,,99.59365754000753,weak_ink_support
6780,True,0.603411513859275,0.7953091684434968,0.07835820895522394,2.0,0.4385888793113147,8.497025489807129,0.04856269661076248,2027.0,137.46549533812285,weak_ink_support
6781,True,0.6945996275605214,0.7541899441340782,0.3938547486033519,0.0,0.0,12.041594505310059,0.1282927449141359,3086.0,205.36416107300698,aligned
6782,True,0.5550561797752809,0.6292134831460674,0.1691011235955056,1.0,0.21929443965565734,14.764822959899902,0.10079752858062428,2067.0,113.65555121797964,aligned
6783,True,0.39436619718309857,0.4953051643192488,0.0046948356807511304,6.4031243324279785,1.4041695625252986,25.238859176635742,0.023183607540675943,3098.0,124.90499791329839,weak_ink_support
6784,True,0.30982367758186397,0.36523929471032746,0.04345088161209065,12.083045959472656,2.6497447930161107,22.116970825195327,0.14742040911995105,2368.0,117.51088899317348,weak_ink_support
6787,True,0.5081585081585082,0.662004662004662,-0.07400932400932403,3.0,0.657883318966972,13.949844551086425,0.0,,127.0610061270082,weak_ink_support
6788,True,0.5625,0.625,0.16051136363636365,1.0,0.21929443965565734,18.867961883544922,0.057985290129347125,1991.0,63.514477331988,aligned
6789,False,,,,,,,,,,off_plate
6794,True,0.3880368098159509,0.46319018404907975,-0.06518404907975461,6.7082037925720215,1.471071791788037,37.10795211791992,0.08147677747774186,2160.0,267.22074578408177,weak_ink_support
6795,True,0.2222222222222222,0.2727272727272727,-0.0036475869809203254,14.866068840026855,3.2600462361561173,21.954498291015625,0.35769643845088367,3476.0,574.3156208448609,weak_ink_support
6798,True,0.5229681978798587,0.7526501766784452,-0.19257950530035328,2.8284270763397217,0.6202583308128085,7.8102498054504395,0.0,,58.25232479016906,weak_ink_support
6824,True,0.8102564102564103,0.8692307692307693,0.16089743589743588,1.0,0.21929443965565734,7.280109882354736,0.0968689134674089,2099.0,114.34832111284341,aligned
6825,True,0.5825688073394495,0.6284403669724771,0.0647935779816513,1.0,0.21929443965565734,33.12099075317383,0.0,,104.67099288846929,weak_ink_support
6827,True,0.49144254278728605,0.5647921760391198,0.08007334963325186,4.0,0.8771777586226294,17.302990722656247,0.038326661955611706,4.0,110.49504950905343,weak_ink_support
6828,True,0.5079365079365079,0.7238095238095238,-0.12222222222222223,2.8284270763397217,0.6202583308128085,15.55634880065918,0.06510361176003299,3329.0,62.45908110584378,weak_ink_support
6829,True,0.5646687697160884,0.6498422712933754,0.16167192429022081,2.0,0.4385888793113147,16.58909416198731,0.0,,64.33614162868517,aligned
6830,True,0.5360824742268041,0.8144329896907216,-0.10309278350515472,2.8284270763397217,0.6202583308128085,7.8102498054504395,0.013638752115405404,2011.0,152.95961471564593,weak_ink_support
6832,True,0.2955032119914347,0.48394004282655245,-0.0016059957173447659,6.7082037925720215,1.471071791788037,26.90724754333496,0.04226054107000257,2046.0,158.96564302417036,weak_ink_support
6833,True,0.6987704918032787,0.7868852459016393,0.0973360655737705,2.0,0.4385888793113147,18.357559204101562,0.3342091406371712,2185.0,117.98036843838283,weak_ink_support
6836,True,0.5039494470774092,0.7661927330173776,-0.07661927330173779,3.0,0.657883318966972,8.5440034866333,0.04567443783852925,1969.0,300.6401450294396,weak_ink_support
6837,True,0.5217391304347826,0.6567505720823799,-0.06979405034324948,3.0,0.657883318966972,9.899495124816895,0.0,,122.03107901997475,weak_ink_support
6838,True,0.5836820083682008,0.6903765690376569,0.11715481171548114,1.4142135381698608,0.31012916540640423,13.601470947265625,0.0681051293194026,2027.0,146.36779198764583,aligned
6839,True,0.7598343685300207,0.8033126293995859,0.42391304347826086,0.0,0.0,11.60987358093262,0.09844632749598027,3086.0,151.07277382963863,aligned
6841,True,0.0,0.0,-0.04495073891625616,24.1867733001709,5.304024897939392,26.91653537750244,0.019922912157495844,3098.0,108.15366876624616,weak_ink_support
6842,True,0.5626477541371159,0.5886524822695035,0.09338061465721043,1.0,0.21929443965565734,24.182637023925782,0.07784027339637502,2422.0,134.74288692483555,weak_ink_support
6845,True,0.6027777777777777,0.7388888888888889,0.046527777777777724,2.0,0.4385888793113147,17.72004508972168,0.0,,69.82683495935262,weak_ink_support
6846,True,0.6768060836501901,0.7046894803548795,0.2553865652724968,1.0,0.21929443965565734,15.569178962707522,0.2615131797369143,2015.0,426.23831527503137,aligned
6847,False,,,,,,,,,,off_plate
6848,True,0.0,0.0,-0.11144578313253012,21.3775577545166,4.68797954898317,34.0,0.0,,62.48021099737805,weak_ink_support
6851,False,,,,,,,,,,off_plate
6852,True,0.6674107142857143,0.71875,-0.09263392857142849,0.0,0.0,7.8102498054504395,0.06555321329063896,2160.0,148.1313198958984,weak_ink_support
6853,True,0.43149284253578735,0.5112474437627812,0.002556237218813928,5.0,1.0964721982782868,20.248456954956055,0.1018625580022925,3476.0,140.59569902775172,weak_ink_support
6855,True,0.2440944881889764,0.3464566929133858,-0.08633295838020244,11.401754379272461,2.5003413376939916,46.10639419555664,0.0,,509.7035884683461,weak_ink_support
6856,True,0.7859649122807018,0.968421052631579,-0.08333333333333337,0.0,0.0,5.0,0.0837291120571314,3308.0,60.009492162945406,weak_ink_support
6857,True,0.5251396648044693,0.5977653631284916,0.15153631284916202,2.2360680103302,0.49035728135730183,15.380779170989994,0.22251422875267324,2428.0,68.22456813949677,aligned
6882,True,0.584717607973422,0.7541528239202658,-0.1362126245847176,0.0,0.0,7.6157732009887695,0.049699176662096584,2099.0,58.66709152171278,weak_ink_support
6883,True,0.5235955056179775,0.5775280898876405,0.014606741573033766,2.0,0.4385888793113147,34.01470184326172,0.0,,113.70754942688097,weak_ink_support
6885,True,0.5216346153846154,0.6105769230769231,0.03725961538461542,2.532247543334961,0.5553078060850551,17.276127815246582,0.04125469538120721,4.0,116.32638896108081,weak_ink_support
6887,True,0.27184466019417475,0.32038834951456313,0.0663430420711974,16.278820037841797,3.569854718453804,27.018512725830078,0.0,,58.59341139480172,weak_ink_support
6888,True,0.7134020618556701,0.8639175257731959,0.12268041237113403,1.4142135381698608,0.31012916540640423,7.280109882354736,0.013053972809091688,2011.0,153.45082149242455,aligned
6890,True,0.21508379888268156,0.33798882681564246,-0.03142458100558662,10.816654205322266,2.3720321229051557,24.698177337646484,0.01921429261525624,2046.0,68.03856966273862,weak_ink_support
6891,True,0.24081632653061225,0.5010204081632653,-0.11811224489795918,6.0,1.315766637933944,16.6433162689209,0.6607215303526771,2178.0,690.5575111485362,modern_proxy_suspect
6894,True,0.551948051948052,0.7380952380952381,-0.045454545454545414,2.1180338859558105,0.46447305419237395,9.0,0.018303998780229234,1969.0,129.9802727841755,weak_ink_support
6895,True,0.6626794258373205,0.8229665071770335,0.06399521531100483,1.0,0.21929443965565734,8.0,0.0,,104.46626472612056,weak_ink_support
6897,True,0.6461824953445066,0.7113594040968343,0.29655493482309125,0.0,0.0,12.88374919891358,0.11541930397611028,3086.0,205.20439594784682,aligned
6898,True,0.5748792270531401,0.7801932367149759,0.04045893719806759,1.4142135381698608,0.31012916540640423,8.485280990600586,0.0,,124.1608204341095,weak_ink_support
6899,True,0.45112781954887216,0.4949874686716792,0.14411027568922308,6.082762718200684,1.3339160418461422,24.806702804565454,0.07205076472471443,3098.0,434.02103984864914,weak_ink_support
6900,True,0.43492063492063493,0.5174603174603175,-0.08650793650793642,5.0,1.0964721982782868,25.612497329711914,0.033272539421957195,2422.0,62.702696914658645,weak_ink_support
6903,True,0.47767857142857145,0.5550595238095238,0.02641369047619052,3.3839144706726074,0.7420736276888198,32.572994232177734,0.0,,329.25437629741447,weak_ink_support
6904,True,0.46987951807228917,0.5566265060240964,0.039156626506024084,4.123105525970459,0.9041741159588362,13.892443656921387,0.13502389040972174,2015.0,115.86744367220417,weak_ink_support
6906,True,0.0,0.0,0.0,49.36598205566406,10.825685372948087,69.0,0.0,,106.6359704194377,weak_ink_support
6907,True,0.9112050739957717,0.959830866807611,0.40433403805496826,0.0,0.0,2.8284270763397217,0.06521110793682951,2013.0,112.19916980293219,aligned
6909,False,,,,,,,,,,off_plate
6910,True,0.528169014084507,0.7007042253521126,-0.17429577464788737,1.5,0.328941659483486,8.602325439453125,0.04314046938583569,2160.0,52.945408212283624,weak_ink_support
6911,True,0.4497991967871486,0.4979919678714859,0.034136546184738936,6.363840103149414,1.3955547494783516,19.79899024963379,0.07494758884081502,3476.0,150.41861901426228,weak_ink_support
6913,True,0.17424242424242425,0.21717171717171718,0.039141414141414144,29.20616340637207,6.404749238691927,43.23190879821777,0.0,,99.67488299627078,weak_ink_support
6914,True,0.0,0.0,-0.07868525896414343,27.073972702026367,5.937171672943435,41.0,0.0,,46.0516341173504,weak_ink_support
6915,True,0.5255474452554745,0.7250608272506083,0.11800486618004868,2.8284270763397217,0.6202583308128085,11.661903381347656,0.2265792134381745,2428.0,112.18718812363691,aligned
6940,True,0.4541387024608501,0.5704697986577181,-0.03523489932885909,4.123105525970459,0.9041741159588362,34.78505325317383,0.0,,115.72496047849441,weak_ink_support
6942,True,0.5195121951219512,0.675609756097561,0.025000000000000022,2.2360680103302,0.49035728135730183,17.464248657226562,0.04035415899035943,4.0,111.27231147704153,weak_ink_support
6944,True,0.5771704180064309,0.6302250803858521,0.21985530546623794,0.0,0.0,21.931713104248047,0.0,,266.92914238987413,aligned
6945,True,0.836864406779661,0.9279661016949152,0.2547669491525423,0.0,0.0,5.0,0.011366445632881248,2011.0,140.2219213386979,aligned
6946,True,0.4908350305498982,0.7331975560081466,-0.040224032586558045,3.1622776985168457,0.6934699159318334,8.9442720413208,0.018431409714339462,1894.0,159.51857624674346,weak_ink_support
6947,True,0.14285714285714285,0.18441558441558442,-0.022077922077922085,18.11077117919922,3.9715914174743214,38.41874694824219,0.026584784033185645,2046.0,90.92413202860939,weak_ink_support
6948,True,0.28512396694214875,0.5103305785123967,-0.10692148760330583,5.830951690673828,1.278695283665525,11.911409854888912,0.09588993099265174,2178.0,113.28475039460494,weak_ink_support
6951,True,0.6127659574468085,0.825531914893617,-0.010638297872340385,1.4142135381698608,0.31012916540640423,7.280109882354736,0.01650083143189693,1969.0,138.0856534035542,weak_ink_support
6952,True,0.6912442396313364,0.8456221198156681,0.12327188940092171,1.0,0.21929443965565734,7.1690920829772935,0.0,,119.16870299657089,aligned
6954,True,0.47708333333333336,0.5833333333333334,0.06510416666666669,4.123105525970459,0.9041741159588362,13.45362377166748,0.022178886832002403,3090.0,147.92257128927324,weak_ink_support
6955,True,0.58984375,0.8984375,-0.0517578125,2.2360680103302,0.49035728135730183,6.07775354385376,0.0,,44.94070202252494,weak_ink_support
6957,True,0.4755381604696673,0.5283757338551859,0.057240704500978457,4.123105525970459,0.9041741159588362,26.870058059692383,0.06909614723702338,2422.0,192.78807810668607,weak_ink_support
6959,False,,,,,,,,,,off_plate
6960,True,0.529891304347826,0.592391304347826,0.06114130434782605,2.2360680103302,0.49035728135730183,31.38471031188965,0.0,,76.59500750369256,weak_ink_support
6961,True,0.5837988826815642,0.6983240223463687,0.1536312849162011,1.4142135381698608,0.31012916540640423,11.401754379272461,0.0751029198263447,2015.0,68.38420207563739,aligned
6963,True,0.0,0.0,0.0,97.86725616455078,21.461745101241842,129.0155029296875,0.0,,183.2175468671704,weak_ink_support
6964,True,0.8101010101010101,0.8868686868686869,0.29292929292929293,0.0,0.0,6.586172008514411,0.08075243395478279,2013.0,138.21312248403893,aligned
6966,False,,,,,,,,,,off_plate
6967,True,0.15925925925925927,0.45555555555555555,-0.2703703703703703,6.324555397033691,1.3869398318636668,9.05538558959961,0.03749588420311792,2160.0,45.00381500320037,weak_ink_support
6970,True,0.10539845758354756,0.2416452442159383,-0.16709511568123392,8.485280990600586,1.8607749401545566,30.528675079345703,0.0,,93.58237134476776,weak_ink_support
6971,True,0.0,0.0,-0.08392226148409894,28.44292449951172,6.237375190288591,45.97823486328125,0.0,,60.273195038165014,weak_ink_support
6972,True,0.544392523364486,0.7990654205607477,0.003504672897196248,2.8284270763397217,0.6202583308128085,10.29563045501709,0.0577339494247859,2431.0,126.1068168823853,weak_ink_support
6996,True,0.47608695652173916,0.5934782608695652,-0.011956521739130421,3.605551242828369,0.7906773394458062,34.928497314453125,0.0,,128.532031441443,weak_ink_support
6998,True,0.5685279187817259,0.6675126903553299,0.07106598984771584,2.8284270763397217,0.6202583308128085,17.07042083740234,0.03621302913927126,4.0,97.73844847399428,weak_ink_support
7000,True,0.5529801324503312,0.6390728476821192,0.036423841059602724,2.0,0.4385888793113147,9.899495124816895,0.0003105893761459082,3141.0,53.941940665129216,weak_ink_support
7001,True,0.7142857142857143,0.7415966386554622,0.2710084033613446,0.0,0.0,21.470911026000977,0.011127796157161878,2011.0,144.5714802841835,aligned
7003,True,0.12813370473537605,0.1671309192200557,0.0062674094707521055,23.25940704345703,5.100658634317759,38.897300720214844,0.011716656895951756,2046.0,69.31809980293511,weak_ink_support
7004,True,0.32222222222222224,0.6481481481481481,-0.11249999999999999,5.0495100021362305,1.1073294664541018,12.041594505310059,0.34144991256333496,2198.0,178.3349202417005,weak_ink_support
7005,True,0.6598837209302325,0.7587209302325582,-0.054505813953488524,1.0,0.21929443965565734,8.5440034866333,0.0,,71.57581662792003,weak_ink_support
7007,True,0.6794871794871795,0.9038461538461539,-0.016559829059829,0.0,0.0,6.0,0.012376492323881287,1969.0,136.65192429599105,weak_ink_support
7008,True,0.579064587973274,0.755011135857461,0.026169265033407663,2.2360680103302,0.49035728135730183,8.9442720413208,0.0,,132.80539675991466,weak_ink_support
7010,True,0.5427350427350427,0.6623931623931624,0.09081196581196577,2.2360680103302,0.49035728135730183,12.041594505310059,0.037209590170663255,3090.0,136.6101987815317,weak_ink_support
7011,True,0.6925133689839572,0.983957219251337,0.03409090909090906,1.4142135381698608,0.31012916540640423,5.0,0.0,,104.02253792861127,weak_ink_support
7013,True,0.6075156576200418,0.7515657620041754,0.0386221294363257,1.0,0.21929443965565734,12.569556045532224,0.056031987849542914,2422.0,171.98029398230167,weak_ink_support
7015,True,0.0,0.0,0.0,482.00360107421875,105.70070960957979,505.0799926757812,0.34714950352988455,1729.0,210.07756796938799,weak_ink_support
7016,True,0.3135011441647597,0.35469107551487417,-0.03260869565217395,11.180339813232422,2.451786354502641,30.870698928833008,0.0,,133.88252134936533,weak_ink_support
7017,True,0.45161290322580644,0.5459057071960298,0.13523573200992556,4.4721360206604,0.9807145627146037,22.803508758544922,0.10655611041498571,2015.0,105.29467255967903,weak_ink_support
7019,True,0.0,0.0,0.0,144.5337371826172,31.695444906800084,162.01234436035156,0.0,,97.26017865809978,weak_ink_support
7020,True,0.7969432314410481,0.8799126637554585,0.2827510917030568,0.0,0.0,7.071067810058594,0.057038373243483,2013.0,97.19140290022796,aligned
7022,False,,,,,,,,,,off_plate
7023,True,0.0,0.11355311355311355,-0.24358974358974358,10.770329475402832,2.3618733672152743,16.76305389404297,0.03961735841617137,2160.0,46.71059541516726,weak_ink_support
7026,True,0.6619318181818182,0.7840909090909091,-0.04474431818181812,1.0,0.21929443965565734,7.071067810058594,0.0,,63.51813755015622,weak_ink_support
7027,True,0.6,0.6464285714285715,-0.05535714285714288,0.0,0.0,13.134564018249506,0.0,,58.331492474482054,weak_ink_support
7028,True,0.2746987951807229,0.5301204819277109,-0.11024096385542176,5.385164737701416,1.1809366836076371,17.029386520385742,0.05315668629236922,2431.0,115.68191308182912,weak_ink_support
7052,True,0.5361050328227571,0.5886214442013129,0.06892778993435444,2.2360680103302,0.49035728135730183,34.928497314453125,0.0,,125.2856897311744,weak_ink_support
7054,True,0.6034912718204489,0.655860349127182,0.11533665835411477,1.0,0.21929443965565734,17.804492950439453,0.03934005726212045,4.0,104.1051601258194,aligned
7056,True,0.43564356435643564,0.570957095709571,-0.021452145214521434,5.0,1.0964721982782868,12.529964447021484,0.009208237102112259,3141.0,55.0280130401015,weak_ink_support
7057,True,0.6454352441613588,0.6709129511677282,0.267515923566879,1.0,0.21929443965565734,26.832815170288086,0.010156910882760717,2011.0,139.0631492611104,aligned
7059,True,0.375609756097561,0.43658536585365854,0.0829268292682927,9.219544410705566,2.0217948254261247,23.706539154052734,0.0,,111.12561459168742,weak_ink_support
7060,True,0.2660377358490566,0.6962264150943396,-0.15424528301886792,5.0,1.0964721982782868,18.744708061218276,0.0,,166.43066234923884,weak_ink_support
7061,True,0.5777126099706745,0.7536656891495601,-0.10337243401759522,2.0,0.4385888793113147,9.0,0.14825855543009844,2079.0,72.41310320623136,weak_ink_support
7063,True,0.8716814159292036,0.9646017699115044,0.12776548672566368,0.0,0.0,3.605551242828369,0.007674677951863045,1969.0,120.743013408108,aligned
7064,True,0.43873517786561267,0.5592885375494071,0.006916996047430901,4.736067771911621,1.0385933282125765,22.0,0.0,,184.82186711797448,weak_ink_support
7066,True,0.46578366445916114,0.6512141280353201,0.039735099337748325,3.605551242828369,0.7906773394458062,12.041594505310059,0.03430722789370562,3090.0,121.28998116919911,weak_ink_support
7067,True,0.3686534216335541,0.4878587196467991,0.0314569536423841,6.4031243324279785,1.4041695625252986,25.45584487915039,0.0,,143.2203235250834,weak_ink_support
7069,True,0.3344370860927152,0.40728476821192056,0.0322847682119205,9.219544410705566,2.0217948254261247,24.691271972656274,0.014452868774596629,2422.0,53.71652001643171,weak_ink_support
7073,True,0.25708502024291496,0.3319838056680162,-0.019230769230769218,11.313708305358887,2.481033323251234,28.600698471069336,0.16897702500085465,1995.0,181.27257571305444,weak_ink_support
7074,True,0.2176696542893726,0.2791293213828425,-0.03457106274007685,12.041594505310059,2.6406547196026118,33.241539001464844,0.2828627192127965,2310.0,449.89870127576313,weak_ink_support
7075,True,0.0,0.0,0.0,171.17242431640625,37.53716087496673,183.00928649902343,0.0,,63.403210412215266,weak_ink_support
7076,True,0.6184486373165619,0.6876310272536688,0.269916142557652,1.4142135381698608,0.31012916540640423,23.323806762695312,0.06980738700661701,2013.0,118.93756549651873,aligned
7078,False,,,,,,,,,,off_plate
7079,True,0.47330960854092524,0.5480427046263345,0.019572953736654797,5.0,1.0964721982782868,16.155494689941406,0.0443568723346553,2160.0,51.36384572448915,weak_ink_support
7084,True,0.3710843373493976,0.6216867469879518,-0.016265060240963802,5.0,1.0964721982782868,13.0,0.12294950382291092,2432.0,115.81885907488311,weak_ink_support
7108,True,0.5163398692810458,0.5882352941176471,0.031045751633986984,2.2360680103302,0.49035728135730183,35.735137939453125,0.0,,127.66414909561907,weak_ink_support
7110,True,0.6052009456264775,0.6643026004728132,0.14243498817966904,0.0,0.0,18.357559204101562,0.04707178015972036,4.0,121.89217288042416,aligned
7112,True,0.30033003300330036,0.5544554455445545,-0.15841584158415845,5.656854152679443,1.240516661625617,16.24795913696289,0.009165484499919479,3141.0,54.47951178365878,weak_ink_support
7113,True,0.5532831001076426,0.5791173304628633,0.07911733046286323,0.0,0.0,14.866068840026855,0.03147621987517133,2011.0,595.6865665772161,weak_ink_support
7115,True,0.5355450236966824,0.6042654028436019,0.09478672985781988,1.4142135381698608,0.31012916540640423,16.997056198120116,0.05700973784257438,2212.0,121.18348796457946,weak_ink_support
7116,True,0.3783783783783784,0.6174636174636174,0.048336798336798326,4.4721360206604,0.9807145627146037,23.76972770690918,0.0,,110.06871220052382,weak_ink_support
7117,True,0.5585585585585585,0.6666666666666666,-0.10885885885885893,2.0,0.4385888793113147,9.0,0.1898126304852921,2079.0,69.79075633933078,weak_ink_support
7119,True,0.5664488017429193,0.7973856209150327,-0.14596949891067545,2.2360680103302,0.49035728135730183,7.6157732009887695,0.003227256606660175,1969.0,126.84815192996348,weak_ink_support
7122,True,0.4107883817427386,0.6680497925311203,-0.024377593360995875,3.605551242828369,0.7906773394458062,12.041594505310059,0.04970902633146092,3090.0,150.08174150340793,weak_ink_support
7123,True,0.1891891891891892,0.32432432432432434,-0.023955773955773946,16.0,3.5087110344905175,24.041629791259766,0.046077229615386704,2211.0,120.35682377539332,weak_ink_support
7125,True,0.31645569620253167,0.3924050632911392,-0.0229430379746835,10.147815704345703,2.2253595586133708,25.941892623901367,0.014774395248214566,2422.0,63.33104151910702,weak_ink_support
7129,True,0.22413793103448276,0.4211822660098522,-0.09051724137931028,9.899495124816895,2.1709042362706326,23.25940704345703,0.2815788246372736,1995.0,108.0446044897336,weak_ink_support
7130,True,0.30957683741648107,0.35634743875278396,0.08518930957683743,14.142135620117188,3.1012917063479106,41.617305755615234,0.07325002689938842,2310.0,117.01399568355727,weak_ink_support
7131,True,0.0,0.0,0.0,213.17832946777344,46.748822307364485,248.5093566894531,0.0,,302.2116280830032,weak_ink_support
7132,True,0.16560509554140126,0.3227176220806794,-0.05944798301486201,13.416407585144043,2.942143583576074,25.612497329711914,0.06618642143961821,2013.0,112.5353335742833,weak_ink_support
7135,True,0.960431654676259,1.0,0.2868705035971224,0.0,0.0,2.0,0.04264386756776958,2160.0,49.327548497159164,aligned
7136,True,0.55,0.759090909090909,-0.06306818181818175,2.8284270763397217,0.6202583308128085,7.8292248249054,0.49659168732739434,1902.0,108.35002728833895,weak_ink_support
7139,True,0.3572649572649573,0.4547008547008547,-0.15341880341880348,7.071067810058594,1.5506458531739553,19.0,0.14045754369969685,3473.0,241.91337026113027,weak_ink_support
7164,True,0.45558086560364464,0.5854214123006833,-0.003986332574031859,3.605551242828369,0.7906773394458062,35.7770881652832,0.0,,107.79090846325256,weak_ink_support
7166,True,0.6144859813084113,0.6682242990654206,0.12441588785046737,0.0,0.0,18.357559204101562,0.04948058598009578,4.0,126.24597811359881,aligned
7168,True,0.369281045751634,0.5522875816993464,0.004084967320261423,5.656854152679443,1.240516661625617,20.0,0.009518236541658764,3141.0,56.57626499019291,weak_ink_support
7169,True,0.6791044776119403,0.7014925373134329,0.042444029850746245,0.0,0.0,10.198039054870605,0.02932782455324339,2011.0,204.4167859728847,weak_ink_support
7171,True,0.3483709273182957,0.42606516290726815,0.04385964912280699,7.6157732009887695,1.6700967166554044,17.00587730407715,0.06200992818362842,2212.0,102.5273346499744,weak_ink_support
7172,True,0.4045936395759717,0.5070671378091873,0.08568904593639576,5.52100944519043,1.2107266726166268,30.805843353271484,0.06417451836441311,3146.0,209.03929049754143,weak_ink_support
7175,True,0.4463157894736842,0.6905263157894737,-0.21894736842105256,3.605551242828369,0.7906773394458062,8.389653015136725,7.88241723883345e-06,1969.0,143.0520906204856,weak_ink_support
7178,True,0.4879807692307692,0.6850961538461539,0.004807692307692291,3.605551242828369,0.7906773394458062,12.529964447021484,0.03741405451896599,3090.0,84.60264633142636,weak_ink_support
7179,True,0.17293233082706766,0.24436090225563908,-0.10714285714285715,9.848857879638672,2.159799769963568,20.771039962768555,0.032341750051789915,2211.0,50.231945331287335,weak_ink_support
7181,True,0.3959731543624161,0.4798657718120805,0.017617449664429463,7.071067810058594,1.5506458531739553,24.083189010620117,0.010358962323574816,2422.0,51.686075076294436,weak_ink_support
7185,True,0.16666666666666666,0.3615819209039548,-0.19420903954802257,8.602325439453125,1.8864421369804794,24.331050872802734,0.2239097397353036,1995.0,64.78305083446611,weak_ink_support
7186,True,0.19308943089430894,0.2621951219512195,-0.03810975609756098,12.727922439575195,2.79116261936731,40.224369049072266,0.10101412259706286,2310.0,160.71453733756405,weak_ink_support
7187,True,0.0,0.0,0.0,173.31906127929688,38.00790642488795,215.0813751220703,0.0,,225.71411125212288,weak_ink_support
7188,True,0.4297872340425532,0.5680851063829787,0.03670212765957448,5.0,1.0964721982782868,25.612497329711914,0.06559056135312062,2013.0,111.35802266107552,weak_ink_support
7192,True,0.5128205128205128,0.7192307692307692,-0.08461538461538465,3.0,0.657883318966972,8.080653095245365,0.4998945009725025,1924.0,447.3214566663525,weak_ink_support
7195,True,0.48286604361370716,0.5607476635514018,-0.022585669781931494,4.0,0.8771777586226294,22.0,0.04573845041211605,3473.0,66.37394570600529,weak_ink_support
7220,True,0.45555555555555555,0.5844444444444444,-0.00833333333333336,3.605551242828369,0.7906773394458062,36.769554138183594,0.0,,118.7044726447651,weak_ink_support
7222,True,0.4538690476190476,0.5119047619047619,0.08742559523809529,5.830951690673828,1.278695283665525,33.55392379760741,0.05005956518056153,4.0,329.25860361569534,weak_ink_support
7223,True,0.47368421052631576,0.6823956442831216,-0.19736842105263158,3.605551242828369,0.7906773394458062,8.062257766723633,0.05540525151668485,2025.0,218.85451442689012,weak_ink_support
7224,True,0.39666666666666667,0.48,0.08166666666666661,6.7082037925720215,1.471071791788037,24.413110733032227,0.008862032527252933,3141.0,52.67579749874489,weak_ink_support
7225,True,0.6875,0.7349137931034483,0.07327586206896552,0.0,0.0,19.61334762573242,0.020586876534400916,2011.0,132.66211569517145,weak_ink_support
7227,True,0.2620192307692308,0.3293269230769231,0.0390625,14.933034896850586,3.2747315200632263,43.07546806335449,0.07352764667748468,2212.0,116.62490228866493,weak_ink_support
7228,True,0.7539432176656151,0.7781282860147214,0.3838065194532071,1.4142135381698608,0.31012916540640423,18.601076126098633,0.4034749411648549,2194.0,656.3769535714245,aligned
7231,True,0.572202166064982,0.7906137184115524,-0.060469314079422354,2.0,0.4385888793113147,8.5440034866333,0.0,,221.97811217315362,weak_ink_support
7234,True,0.6227678571428571,0.78125,0.1534598214285714,2.2360680103302,0.49035728135730183,12.206555366516113,0.048274930122989855,3090.0,116.05766172279283,aligned
7235,True,0.35815602836879434,0.40425531914893614,-0.06648936170212766,9.899495124816895,2.1709042362706326,18.753373336791995,0.03736859532803752,2211.0,58.03944544185526,weak_ink_support
7237,True,0.2830957230142566,0.3543788187372709,0.02953156822810593,12.041594505310059,2.6406547196026118,22.627416610717773,0.022119580342966967,2422.0,179.72933395569936,weak_ink_support
7241,True,0.3370473537604457,0.48746518105849584,-0.04247910863509746,6.4031243324279785,1.4041695625252986,26.870058059692383,0.0839456082417918,2016.0,69.20165315160762,weak_ink_support
7242,True,0.17716535433070865,0.24606299212598426,-0.17913385826771658,10.630146026611328,2.3311319163635438,36.06937789916992,0.08802756745577374,3446.0,176.49634433710838,weak_ink_support
7243,True,0.0,0.0,0.0,151.21177673339844,33.159901848086974,173.12278747558594,0.010820532647904845,2615.0,65.89909627433917,weak_ink_support
7244,True,0.8271334792122538,0.888402625820569,0.12417943107220997,1.0,0.21929443965565734,7.071067810058594,0.05773949773088215,2013.0,97.83242844490599,aligned
7245,False,,,,,,,,,,off_plate
7247,True,0.6401913875598086,0.7712918660287081,0.010765550239234423,0.0,0.0,8.0,0.4833297451333939,2113.0,634.9960358296546,weak_ink_support
7248,True,0.5523385300668151,0.755011135857461,0.029510022271714842,2.8284270763397217,0.6202583308128085,8.602325439453125,0.15688766849167227,1924.0,117.55839600310036,weak_ink_support
7251,True,0.4409937888198758,0.515527950310559,-0.01708074534161491,6.0,1.315766637933944,19.0,0.04762023988865282,3473.0,67.07096300163556,weak_ink_support
7252,True,0.6666666666666666,0.7904761904761904,-0.04285714285714293,2.0,0.4385888793113147,9.433980941772461,0.15621669045313866,2432.0,119.89184095755151,weak_ink_support
7276,True,0.5136986301369864,0.5799086757990868,0.050799086757990886,2.2360680103302,0.49035728135730183,30.479501724243164,0.0,,106.52679344383431,weak_ink_support
7278,True,0.03286384976525822,0.07981220657276995,-0.09585289514866979,24.351591110229492,5.340168527241463,44.4631904602051,0.022318489666161383,4.0,302.04339460046134,weak_ink_support
7279,True,0.5637149028077754,0.7710583153347732,-0.08207343412527002,2.2360680103302,0.49035728135730183,8.5440034866333,0.08514692133263994,2025.0,131.41234796140802,weak_ink_support
7280,True,0.3442622950819672,0.43278688524590164,0.00983606557377048,8.485280990600586,1.8607749401545566,30.232433319091797,0.00943095987272311,3141.0,56.05749368969481,weak_ink_support
7281,True,0.630801687763713,0.7257383966244726,0.025843881856540074,1.4142135381698608,0.31012916540640423,19.79899024963379,0.023133642997600207,2011.0,142.33416072316166,weak_ink_support
7283,True,0.2033096926713948,0.2860520094562648,-0.06442080378250595,16.552946090698242,3.629969037609975,42.5127899169922,0.0795590658320803,2212.0,122.0761527998065,weak_ink_support
7284,True,0.5781584582441114,0.6338329764453962,0.23501070663811574,2.2360680103302,0.49035728135730183,13.992320442199716,0.08567078999422754,2194.0,93.41155092897947,aligned
7287,True,0.7263157894736842,0.9136842105263158,0.07684210526315793,1.0,0.21929443965565734,5.656854152679443,0.0,,143.11741244340635,weak_ink_support
7288,True,0.2676056338028169,0.2981220657276995,0.056338028169014065,13.03840446472168,2.859249601094962,32.72612190246582,0.0,,112.22511065490312,weak_ink_support
7290,True,0.6673819742489271,0.776824034334764,0.13894849785407737,2.2360680103302,0.49035728135730183,12.767085552215576,0.05415084604493256,3090.0,134.10987484419468,aligned
7291,True,0.45867768595041325,0.5557851239669421,-0.07231404958677679,5.0,1.0964721982782868,17.69180679321289,0.033755752342391865,2211.0,158.9259121701704,weak_ink_support
7293,True,0.5167785234899329,0.5973154362416108,0.09899328859060408,2.2360680103302,0.49035728135730183,15.81138801574707,0.00317181501300038,2422.0,51.31199621417171,weak_ink_support
7296,False,,,,,,,,,,off_plate
7297,True,0.43703703703703706,0.5580246913580247,0.15370370370370373,4.242640495300293,0.9303874700772783,24.041629791259766,0.38270497008080717,2004.0,106.90609072979606,weak_ink_support
7298,True,0.2824267782426778,0.46234309623430964,-0.15690376569037662,6.85410213470459,1.5030664869726877,31.78049659729004,0.10615647293437482,3446.0,146.45605443935645,weak_ink_support
7299,True,0.0,0.0,0.0,138.20455932617188,30.30749139528991,151.11915588378906,0.03573339826188651,2615.0,66.99351917888394,weak_ink_support
7300,True,0.7770700636942676,0.8535031847133758,-0.05095541401273873,0.0,0.0,9.899495124816895,0.06718319252905212,2013.0,113.80746996915069,weak_ink_support
7301,False,,,,,,,,,,off_plate
7306,True,0.37276785714285715,0.6183035714285714,-0.03348214285714285,4.242640495300293,0.9303874700772783,19.10497283935547,0.04110987305457526,2228.0,150.06442367949114,weak_ink_support
7307,True,0.4116575591985428,0.5154826958105647,-0.06466302367941712,6.0,1.315766637933944,18.0,0.07626180186944903,3473.0,218.56533161650546,weak_ink_support
7308,True,0.610062893081761,0.80083857442348,-0.07075471698113212,2.2360680103302,0.49035728135730183,7.211102485656738,0.06667633307646222,2431.0,167.10201130850413,weak_ink_support
7309,True,0.0,0.0,0.0,62.64982223510742,13.738757661574425,83.02409362792969,0.0,,173.7865138841261,weak_ink_support
7310,True,0.0,0.0,0.0,61.249473571777344,13.431668986126908,88.79132232666015,0.0,,113.07144702861092,weak_ink_support
7311,True,0.1964735516372796,0.2619647355163728,-0.00503778337531488,20.099750518798828,4.407763527238497,32.75667953491211,0.0,,118.40500586208958,weak_ink_support
7312,True,0.20147420147420148,0.23095823095823095,0.030098280098280084,24.413110733032227,5.353659438451816,50.0099983215332,0.0,,122.10516228009814,weak_ink_support
7313,True,0.33043478260869563,0.3652173913043478,0.1152173913043478,17.464248657226562,3.829812623293565,27.294687271118164,0.04943745715189346,2108.0,89.60378821206092,weak_ink_support
7314,True,0.23107569721115537,0.3466135458167331,0.018924302788844632,10.198039054870605,2.236373260124359,22.627416610717773,0.0076689687161925505,3472.0,46.98531974602454,weak_ink_support
7315,True,0.4670433145009416,0.551789077212806,0.0009416195856873921,5.0,1.0964721982782868,16.76305389404297,0.0,,206.0655179379719,weak_ink_support
7316,True,0.9047109207708779,0.9828693790149893,0.23099571734475377,0.0,0.0,3.0,0.0,,395.1236238431937,aligned
7317,True,0.523989898989899,0.6388888888888888,0.09816919191919193,2.2360680103302,0.49035728135730183,14.764822959899902,0.046678304114998626,3177.0,449.65950231040154,weak_ink_support
7318,True,0.7139423076923077,0.7427884615384616,0.3143028846153847,1.0,0.21929443965565734,15.231546401977539,0.018470362554885916,3177.0,116.7271874337669,aligned
7319,True,0.5153061224489796,0.576530612244898,0.16645408163265302,2.2360680103302,0.49035728135730183,17.02644786834717,0.015312540842022007,3177.0,96.38537697956491,aligned
7320,True,0.48,0.5573333333333333,0.08466666666666667,3.605551242828369,0.7906773394458062,18.836094665527344,0.013158515955864022,3177.0,82.56411529536055,weak_ink_support
7321,True,0.3884514435695538,0.6561679790026247,-0.06692913385826776,4.242640495300293,0.9303874700772783,18.384777069091797,0.013513128947873905,3177.0,87.13070850668878,weak_ink_support
7322,True,0.6280193236714976,0.8164251207729468,0.1497584541062802,1.0,0.21929443965565734,8.062257766723633,0.0010666407490495969,3177.0,111.7018485609241,aligned
7323,True,0.3185328185328185,0.4266409266409266,-0.009652509652509689,7.6157732009887695,1.6700967166554044,16.552946090698242,0.2529624363102981,1917.0,186.14619422813323,weak_ink_support
7324,True,0.49223946784922396,0.541019955654102,0.12250554323725055,3.605551242828369,0.7906773394458062,17.804492950439453,0.058996331406861446,1893.0,119.22585722297259,weak_ink_support
7325,True,0.4714587737843552,0.5200845665961945,0.10887949260042284,5.0,1.0964721982782868,20.99515953063965,0.04792304200520214,1893.0,141.6603529824272,weak_ink_support
7326,True,0.3774403470715835,0.49891540130151846,-0.03308026030368766,6.082762718200684,1.3339160418461422,23.323806762695312,0.06847064122954825,1920.0,129.64257562309996,weak_ink_support
7327,True,0.4175152749490835,0.4480651731160896,0.053971486761710874,12.369317054748535,2.712522452444246,37.05401611328125,0.0,,172.49604118269872,weak_ink_support
7328,True,0.3699788583509514,0.48414376321353064,-0.041754756871035914,8.0,1.7543555172452587,32.5237663269043,0.000821563981817092,2116.0,162.53440949044395,weak_ink_support
7329,True,0.3219954648526077,0.3968253968253968,-0.08786848072562353,8.0,1.7543555172452587,28.44292449951172,0.009916493241059454,2116.0,143.7302684008632,weak_ink_support
7330,True,0.291866028708134,0.3444976076555024,-0.03349282296650713,13.471567153930664,2.954239770304784,24.083189010620117,0.008218694547918796,2116.0,130.8748748669651,weak_ink_support
7331,True,0.4262734584450402,0.4584450402144772,-0.03351206434316356,9.219544410705566,2.0217948254261247,18.0,0.026516584318140038,2116.0,99.08125516184153,weak_ink_support
7332,True,0.36127167630057805,0.4913294797687861,-0.038294797687861315,6.541381359100342,1.4344885597178718,22.360679626464844,0.02416825471821501,2116.0,81.14507101159114,weak_ink_support
7333,True,0.4327485380116959,0.5321637426900585,-0.03362573099415206,5.0,1.0964721982782868,23.0,0.02582513214055099,2116.0,78.52023381903126,weak_ink_support
7334,True,0.48214285714285715,0.5595238095238095,0.00818452380952378,4.0,0.8771777586226294,24.73863410949707,0.026515115112395217,2116.0,74.03354913093756,weak_ink_support
7335,True,0.5366568914956011,0.6099706744868035,0.06085043988269795,2.0,0.4385888793113147,23.0867919921875,0.01758967227757482,2116.0,77.38094549081812,weak_ink_support
7336,True,0.6869300911854104,0.7203647416413373,0.07826747720364746,0.0,0.0,15.644242858886711,0.27006767414680405,3174.0,69.26232668439778,weak_ink_support
7337,True,0.7851002865329513,0.839541547277937,0.11246418338108877,0.0,0.0,8.062257766723633,0.0035809181516492945,3174.0,83.1219407405137,aligned
7338,True,0.8050847457627118,0.8615819209039548,0.12782485875706218,0.0,0.0,8.0,0.017064510612674062,1716.0,86.65173734526623,aligned
7339,True,0.6200607902735562,0.6747720364741642,0.050911854103343424,0.0,0.0,18.973665237426758,0.06256803592699267,1716.0,68.9823412398783,weak_ink_support
7340,True,0.44011976047904194,0.4940119760479042,0.038173652694610816,6.324555397033691,1.3869398318636668,32.31098937988281,0.0660774746228825,1716.0,72.85155807070205,weak_ink_support
7341,True,0.4723756906077348,0.6353591160220995,-0.07320441988950271,4.0,0.8771777586226294,14.317821502685547,0.04549936933216916,2116.0,91.40610215119365,weak_ink_support
7342,True,0.5344352617079889,0.8154269972451791,-0.11019283746556474,3.0,0.657883318966972,10.049875259399414,0.03311898098262822,2116.0,92.35460531727416,weak_ink_support
7343,True,0.3608815426997245,0.5537190082644629,-0.13705234159779617,5.099019527435303,1.1181866300621794,20.36655387878418,0.147603821737435,2117.0,92.11726409610397,weak_ink_support
7344,True,0.2719298245614035,0.3508771929824561,-0.09868421052631576,9.05538558959961,1.9857957087371607,19.697715759277344,0.11209148483212916,2117.0,77.41134540654845,weak_ink_support
7345,True,0.2331288343558282,0.34049079754601225,-0.04907975460122699,10.885164260864258,2.387055997146015,23.883469581604004,0.035188336545479225,2117.0,66.70771664433066,weak_ink_support
7346,True,0.17191977077363896,0.20057306590257878,0.01862464183381085,19.72308349609375,4.325162543557623,37.013511657714844,0.005928061949154391,2117.0,82.27404281925294,weak_ink_support
7347,True,0.430952380952381,0.6238095238095238,0.0017857142857143349,4.6213202476501465,1.0134298341777825,17.11724281311035,0.0,,107.29601215010925,weak_ink_support
7348,True,0.42857142857142855,0.4792626728110599,-0.051267281105990825,7.071067810058594,1.5506458531739553,22.803508758544922,0.0,,123.07822308259351,weak_ink_support
7349,True,0.48951048951048953,0.5944055944055944,-0.07226107226107231,4.0,0.8771777586226294,13.152946472167969,0.0,,122.98087644436286,weak_ink_support
7350,True,0.4268867924528302,0.4834905660377358,0.027122641509433942,6.85410213470459,1.5030664869726877,20.0,0.016826642983392898,3310.0,127.18640440496144,weak_ink_support
7351,True,0.7131979695431472,0.7436548223350253,0.040609137055837574,1.0,0.21929443965565734,13.34166431427002,0.0,,104.0918212584275,weak_ink_support
7352,True,0.6818181818181818,0.7914438502673797,0.0013368983957218195,1.0,0.21929443965565734,11.045360565185547,0.0,,88.08919930703894,weak_ink_support
7353,True,0.5767326732673267,0.801980198019802,-0.05693069306930698,2.0,0.4385888793113147,8.246211051940918,0.0011778427816235744,2115.0,112.00439004057857,weak_ink_support
7354,True,0.6279683377308707,0.7915567282321899,-0.0237467018469657,0.0,0.0,7.0,4.142747820445575e-06,2115.0,92.46587922875068,weak_ink_support
7355,True,0.7226890756302521,0.8207282913165266,0.008403361344537785,0.0,0.0,9.121049118041999,0.0,,75.13857376021748,weak_ink_support
7356,True,0.7220708446866485,0.7574931880108992,0.04700272479564027,0.0,0.0,14.0,0.0,,83.0109425337424,weak_ink_support
7357,True,0.6218487394957983,0.6750700280112045,0.060924369747899165,1.4142135381698608,0.31012916540640423,21.02379608154297,0.0,,74.81855621291635,weak_ink_support
7358,True,0.4423076923076923,0.5274725274725275,-0.033653846153846145,5.0,1.0964721982782868,21.95209903717041,6.66559176201392e-08,1716.0,80.76585676294162,weak_ink_support
7359,True,0.32590529247910865,0.3983286908077994,-0.04596100278551535,8.9442720413208,1.9614291254292073,23.194826126098633,0.005495124965954784,1716.0,76.91852965751161,weak_ink_support
7360,True,0.3333333333333333,0.425,0.0027777777777777124,8.9442720413208,1.9614291254292073,23.740048217773445,0.010538374904954188,1716.0,77.47083627666971,weak_ink_support
7361,True,0.3542234332425068,0.40599455040871935,-0.043596730245231585,10.049875259399414,2.2038817636192487,23.370526123046883,0.01674332800847758,1716.0,82.6582160539629,weak_ink_support
7362,True,0.4426705370101596,0.5515239477503628,0.03918722786647311,5.0,1.0964721982782868,20.14938011169434,0.04901069406700028,3488.0,334.1206235020383,weak_ink_support
7363,True,0.3597972972972973,0.46959459459459457,-0.005489864864864857,7.0,1.5350610775896014,32.64045295715332,0.02833605041809241,3488.0,215.00643930403203,weak_ink_support
7364,True,0.5155172413793103,0.6448275862068965,0.04482758620689653,2.9142136573791504,0.6390708510318246,23.8093641281128,0.01794451262350534,3488.0,200.19884674906487,weak_ink_support
7365,True,0.6381461675579323,0.7914438502673797,0.08288770053475936,1.0,0.21929443965565734,9.219544410705566,0.00718600160441552,3488.0,176.03916348252383,weak_ink_support
7366,True,0.521978021978022,0.6648351648351648,0.06501831501831506,3.0,0.657883318966972,26.248809814453125,0.00018831773321063662,3488.0,156.93561619059494,weak_ink_support
7367,True,0.39080459770114945,0.5842911877394636,-0.025862068965517182,4.0,0.8771777586226294,36.74059791564943,0.0,,125.77513458394836,weak_ink_support
7368,True,0.4220532319391635,0.5893536121673004,-0.024239543726235768,5.0,1.0964721982782868,25.942243576049805,0.0,,131.54440388825472,weak_ink_support
7369,True,0.5414364640883977,0.6537753222836096,0.002302025782688677,2.0,0.4385888793113147,13.06794166564942,0.0,,152.26912392818545,weak_ink_support
7370,True,0.44727272727272727,0.6581818181818182,-0.07272727272727275,4.123105525970459,0.9041741159588362,8.9442720413208,0.0,,161.8561955772287,weak_ink_support
7371,True,0.46313799621928164,0.5897920604914934,0.011814744801512234,4.123105525970459,0.9041741159588362,15.72130279541015,0.0,,135.1788686536401,weak_ink_support
7372,True,0.40827338129496404,0.5089928057553957,-0.017086330935251803,6.0,1.315766637933944,27.386030197143555,0.0,,168.73249374195396,weak_ink_support
7373,True,0.46293245469522243,0.5518945634266886,0.007413509060955503,5.0,1.0964721982782868,18.384777069091797,0.008769612922514861,2614.0,232.62860817244135,weak_ink_support
7374,True,0.56738768718802,0.5923460898502496,0.2949251247920134,2.2360680103302,0.49035728135730183,21.931713104248047,0.2804402402367744,1866.0,240.3670745527786,aligned
7375,True,0.43215339233038347,0.4882005899705015,0.09476401179941002,6.324555397033691,1.3869398318636668,20.248456954956055,0.4091889581849612,1874.0,308.2350679485194,weak_ink_support
7376,True,0.583044982698962,0.629757785467128,0.27119377162629765,1.4142135381698608,0.31012916540640423,17.160872840881357,0.2767645886204668,1886.0,221.60498244110448,aligned
7377,True,0.30847457627118646,0.35084745762711866,0.04788135593220344,17.464248657226562,3.829812623293565,42.1912296295166,0.04054958360623691,9.0,233.42260312450452,weak_ink_support
7378,True,0.37410071942446044,0.4442446043165468,0.03147482014388492,8.39510726928711,1.8410003444674525,40.0,0.03384017415119047,9.0,192.93457707699392,weak_ink_support
7379,True,0.4050480769230769,0.4338942307692308,0.0874399038461538,9.05538558959961,1.9857957087371607,51.47231864929199,0.010701955046129804,1859.0,386.0027026362818,weak_ink_support
7380,True,1.0,1.0,0.5799739921976592,0.0,0.0,0.0,0.02976421212075783,9.0,335.8025839927977,aligned
7381,True,0.5961844197138315,0.7027027027027027,0.05206677265500803,1.4142135381698608,0.31012916540640423,16.006243896484378,0.0,,290.29725855595177,weak_ink_support
7382,True,0.4731610337972167,0.5825049701789264,-0.07455268389662023,4.0,0.8771777586226294,14.973213768005373,0.0,,170.1065386744376,weak_ink_support
7383,True,0.48255813953488375,0.5794573643410853,-0.04263565891472859,3.605551242828369,0.7906773394458062,14.03566837310791,0.0,,183.9080045764661,weak_ink_support
7384,True,0.5048169556840078,0.6127167630057804,-0.032755298651252374,3.0,0.657883318966972,13.34166431427002,0.0,,186.40862118180897,weak_ink_support
7385,True,0.38191881918819187,0.4981549815498155,-0.09963099630996314,6.082762718200684,1.3339160418461422,15.0,0.0,,209.19766361923288,weak_ink_support
7386,True,0.588957055214724,0.6595092024539877,0.03220858895705525,2.0,0.4385888793113147,18.357559204101562,0.0,,306.7245264973916,weak_ink_support
7387,True,0.9185336048879837,0.9592668024439919,0.014256619144602967,0.0,0.0,2.8284270763397217,0.0,,148.74576561692862,weak_ink_support
7388,True,0.898238747553816,0.9530332681017613,0.044520547945205435,0.0,0.0,3.1622776985168457,0.006688576712670932,2621.0,169.7105372572267,weak_ink_support
7389,True,0.8546099290780141,0.9202127659574468,0.14982269503546086,0.0,0.0,4.4721360206604,0.009205274166721442,2621.0,225.69795425010489,aligned
7390,True,0.6691042047531993,0.8025594149908593,-0.010968921389396757,0.0,0.0,8.485280990600586,0.00799600125585842,2621.0,207.3085546011849,weak_ink_support
7391,True,0.7756521739130435,0.8469565217391304,-0.08478260869565213,0.0,0.0,8.062257766723633,0.00857405144935047,2621.0,236.7697447170127,weak_ink_support
7392,True,0.509594882729211,0.5330490405117271,-0.1460554371002133,2.2360680103302,0.49035728135730183,11.401754379272461,0.004343022272571964,2621.0,125.769510275283,weak_ink_support
7393,True,0.6647940074906367,0.7471910112359551,-0.12312734082397014,0.0,0.0,11.661903381347656,0.0174247162426597,2621.0,200.16282082621777,weak_ink_support
7394,True,0.5975103734439834,0.7116182572614108,-0.09232365145228216,1.4142135381698608,0.31012916540640423,7.8102498054504395,0.013255514367793328,2621.0,152.26997733622653,weak_ink_support
7395,True,0.5559772296015181,0.8121442125237192,-0.07922201138519913,2.0,0.4385888793113147,7.127081680297857,0.01715676320338659,2621.0,197.08476575530906,weak_ink_support
7396,True,0.26126126126126126,0.5705705705705706,-0.23348348348348347,5.0,1.0964721982782868,14.028534698486329,0.006814904962452347,2621.0,78.28481003366039,weak_ink_support
7397,True,0.4171270718232044,0.5138121546961326,-0.15193370165745856,5.656854152679443,1.240516661625617,16.401220321655273,0.008420855661802886,2621.0,96.7328362518925,weak_ink_support
7398,True,0.40804597701149425,0.5660919540229885,-0.12643678160919536,5.0,1.0964721982782868,19.10497283935547,0.007668042080063011,2621.0,88.08504606817463,weak_ink_support
7399,True,0.4824561403508772,0.631578947368421,-0.027777777777777846,3.605551242828369,0.7906773394458062,20.613101387023928,0.007290513251075548,2621.0,83.74826179570866,weak_ink_support
7400,True,0.47715736040609136,0.5482233502538071,0.001903553299492322,3.605551242828369,0.7906773394458062,21.21320343017578,0.010153534282971818,2621.0,116.63662323864213,weak_ink_support
7401,True,0.40437158469945356,0.505464480874317,-0.054644808743169404,5.830951690673828,1.278695283665525,23.021728515625,0.008631397970760082,2621.0,99.1513974426316,weak_ink_support
7402,True,0.5570342205323194,0.6064638783269962,0.09600760456273771,2.8284270763397217,0.6202583308128085,23.0108642578125,0.0,,206.8294098295446,weak_ink_support
7403,True,0.5686274509803921,0.6519607843137255,-0.09191176470588247,2.8284270763397217,0.6202583308128085,14.560219764709473,0.07538473824458683,3307.0,121.25575333763159,weak_ink_support
7404,True,0.5185185185185185,0.6098765432098765,-0.14629629629629637,3.0,0.657883318966972,12.165525436401367,0.0,,119.02052701101948,weak_ink_support
7405,True,0.5576407506702413,0.6487935656836461,-0.11863270777479884,2.0,0.4385888793113147,10.276112174987794,0.0,,95.6000744632559,weak_ink_support
7406,True,0.3739612188365651,0.4709141274238227,-0.11980609418282545,7.071067810058594,1.5506458531739553,14.866068840026855,0.0,,86.88708742118173,weak_ink_support
7407,True,0.5207373271889401,0.8179723502304147,-0.18836405529953926,3.0,0.657883318966972,7.280109882354736,0.01077230839660361,25.0,128.6773797526602,weak_ink_support
7408,True,0.39215686274509803,0.7777777777777778,-0.26688453159041386,4.4721360206604,0.9807145627146037,7.6157732009887695,0.015177724890143266,25.0,149.68281075715453,weak_ink_support
7409,True,0.7009345794392523,0.8261682242990654,-0.030373831775700966,0.0,0.0,7.6157732009887695,0.021530188069278422,25.0,214.93703627460624,weak_ink_support
7410,True,0.5317460317460317,0.6587301587301587,-0.15674603174603174,2.9142136573791504,0.6390708510318246,9.05538558959961,0.025801518569230436,25.0,95.99183029140646,weak_ink_support
7411,True,0.6784810126582278,0.8,-0.06898734177215193,0.0,0.0,9.0,0.02922701874442549,25.0,108.736042636824,weak_ink_support
7412,True,0.8266666666666667,0.9733333333333334,0.10799999999999998,0.0,0.0,4.242640495300293,0.02527917616110134,25.0,94.04851041817511,aligned
7413,True,0.8676470588235294,1.0,0.017769607843137303,0.0,0.0,4.15896601676941,0.031811904194789194,25.0,118.3528365014279,weak_ink_support
