id,on_plate,best_cell_iou,union_cell_iou,cells_spanned,blank_plate,best_cell,in_fire_zone,area_ground_m2,cell_class
23,True,0.22153689193163856,0.47596943935692004,4.0,False,1323.0,False,301.428520570503,loose_placement
25,True,0.12130022787145467,0.0,0.0,False,4955.0,False,99.37633297994181,loose_placement
26,True,0.3370036888490102,0.4502701784004727,2.0,False,2366.0,True,159.2662813707064,loose_placement
27,True,0.09366184691610004,0.0,0.0,False,2759.0,False,62.87421326071114,loose_placement
28,True,0.17246555588066043,0.287198318923435,3.0,False,3402.0,False,469.58740961122436,loose_placement
30,True,0.09041610961769904,0.0,0.0,False,6029.0,False,68.20490358872622,loose_placement
31,True,0.3412281961436504,0.4265228798132089,2.0,False,4967.0,False,180.8824105787055,loose_placement
34,True,0.4561000443119475,0.6001159844079962,3.0,False,1437.0,True,212.4227716194746,traced_merged_cells
35,True,0.0,0.0,0.0,False,,False,497.0842246587721,loose_placement
37,True,0.09722240603636297,0.16535095792793167,2.0,False,3707.0,False,592.5261731536006,loose_placement
38,True,0.12551597271714887,0.0,0.0,False,6091.0,False,62.08370231482707,loose_placement
39,True,0.0,0.0,0.0,False,,False,124.89177755005477,loose_placement
40,True,0.4355911593003866,0.6411911334340139,3.0,False,3974.0,False,219.3451944440512,traced_merged_cells
44,True,0.2279461235437042,0.2279461235437042,1.0,False,3052.0,False,63.728964751841914,loose_placement
45,True,0.4860575787166523,0.4839882313550447,2.0,False,4722.0,False,177.81501127331282,loose_placement
46,True,0.0,0.0,0.0,True,,False,115.03278236837605,blank_plate
47,True,0.10134718297409726,0.10134718297409726,1.0,False,3968.0,False,126.09313156957062,loose_placement
48,False,,,,,,,,off_plate
53,True,0.3577505436388814,0.3577505436388814,1.0,False,5832.0,False,79.69941706636246,loose_placement
55,True,0.011430225486047607,0.0,0.0,False,2680.0,False,113.26467427060766,loose_placement
79,True,0.1656210972612763,0.1656210972612763,1.0,False,1264.0,False,229.51296716696217,loose_placement
81,True,0.41316203966080645,0.41316203966080645,1.0,False,4955.0,False,105.93897826651437,loose_placement
82,True,0.24436481706726979,0.3410769397257363,3.0,False,2366.0,True,129.96775223840498,loose_placement
83,True,0.0,0.0,0.0,False,,False,51.40591892153017,loose_placement
84,True,0.14712805836314904,0.14712805836314904,1.0,False,3353.0,False,214.15497148369084,loose_placement
86,True,0.1724450670365892,0.24302149867327996,2.0,False,6098.0,False,254.78333098991683,loose_placement
87,True,0.3193165834696182,0.39760788211867365,2.0,False,4998.0,False,174.16594831581952,loose_placement
90,True,0.4150216494436816,0.47361334992638543,3.0,False,1459.0,True,127.14062715491943,loose_placement
94,True,0.1437829363934989,0.0,0.0,False,6091.0,False,49.534731055198655,loose_placement
95,True,0.0,0.0,0.0,False,,False,123.09588138408729,loose_placement
96,True,0.4068166688442422,0.4068166688442422,1.0,False,3926.0,False,57.097709945513245,loose_placement
100,True,0.24958061547768493,0.24958061547768493,1.0,False,3052.0,False,65.48741492068179,loose_placement
101,True,0.3545280020701332,0.5104588058250209,3.0,False,4779.0,False,156.18282577768133,traced_merged_cells
104,False,,,,,,,,off_plate
106,True,0.5773302164258507,0.5773302164258507,1.0,False,7404.0,True,60.077911286524284,traced_single_cell
109,True,0.2602790315831121,0.26575367733419414,2.0,False,5877.0,False,75.74781941229811,loose_placement
111,True,0.1032479011171185,0.0,0.0,False,2964.0,False,100.32171005468598,loose_placement
135,True,0.13325169841754197,0.0,0.0,False,1160.0,False,111.78834820313287,loose_placement
137,True,0.5531840636513636,0.5531840636513636,1.0,False,4982.0,False,103.18302104278432,traced_single_cell
138,True,0.28299590671370123,0.47258809851902606,4.0,False,2332.0,True,221.02993980990937,loose_placement
139,True,0.0,0.0,0.0,False,,False,50.38406533542172,loose_placement
140,True,0.0,0.0,0.0,False,,False,282.34380863865573,loose_placement
142,True,0.2923147530439721,0.2923147530439721,1.0,False,6129.0,False,125.63328960263236,loose_placement
143,True,0.34409624887399437,0.6446017603843831,3.0,False,5063.0,False,501.85810689334255,traced_merged_cells
146,True,0.35978853416724765,0.3758862903514829,4.0,False,1485.0,True,136.5924384579596,loose_placement
150,True,0.17131034394989722,0.17131034394989722,1.0,False,6121.0,False,47.78108931240374,loose_placement
151,True,0.04303904444560043,0.0,0.0,False,4566.0,False,294.2959840525663,loose_placement
152,True,0.5183908280983183,0.5183908280983183,1.0,False,3882.0,False,65.33334361473537,traced_single_cell
156,True,0.4416931332749678,0.4390533767197853,2.0,False,3099.0,False,188.8440731048894,loose_placement
157,True,0.2873514431755538,0.33751077574845917,2.0,False,4796.0,False,103.91302337802558,loose_placement
159,True,0.2732780960930513,0.3806020611389531,3.0,False,3695.0,True,130.22101896804156,loose_placement
162,True,0.3330025664392116,0.3330025664392116,1.0,False,7409.0,True,53.72359195394856,loose_placement
163,True,0.3276583844907503,0.3327537035677018,3.0,False,777.0,True,472.0184711232652,loose_placement
165,True,0.22773917438481156,0.22773917438481156,1.0,False,5885.0,False,88.7642668174831,loose_placement
167,True,0.5588123970570147,0.65556840493328,2.0,False,2964.0,False,159.71038220504627,traced_single_cell
191,True,0.11973799674970266,0.4757567866388776,7.0,False,1012.0,False,906.8149566971946,loose_placement
193,True,0.4188492382440155,0.4188492382440155,1.0,False,4996.0,False,107.46813372062581,loose_placement
194,True,0.3646493479387281,0.49292085757320114,4.0,False,2278.0,True,215.0443489217572,loose_placement
195,True,0.0,0.0,0.0,False,,False,58.79149485300373,loose_placement
196,True,0.1634642855353344,0.2398103032559729,2.0,False,3231.0,False,159.3143125287999,loose_placement
198,True,0.2658335911827002,0.5824599626977944,4.0,False,6226.0,False,380.91911885498877,traced_merged_cells
199,True,0.4638283725438097,0.4638283725438097,1.0,False,5110.0,False,165.45517876445203,loose_placement
201,False,,,,,,,,off_plate
202,True,0.24844357199520756,0.5289229169382215,7.0,False,1513.0,True,303.65731065334853,traced_merged_cells
206,True,0.25362191067866546,0.25362191067866546,1.0,False,6132.0,False,129.3154836098104,loose_placement
207,True,0.21840097419368437,0.301088347145733,2.0,False,4566.0,False,98.93415502969067,loose_placement
208,True,0.0,0.0,0.0,False,,False,66.27016320456237,loose_placement
212,True,0.26111010257438655,0.42266586941064765,3.0,False,3240.0,False,326.9201947468429,loose_placement
213,True,0.3349417772938356,0.44658803938250474,2.0,False,4832.0,False,145.65626796229847,loose_placement
214,True,0.4633435299034809,0.4633435299034809,1.0,False,4656.0,False,96.6784605807934,loose_placement
215,True,0.31779295817423797,0.43211932275765,3.0,False,3649.0,True,155.35715894869236,loose_placement
218,True,0.43817536857276,0.43817536857276,1.0,False,7409.0,True,48.464285379901746,loose_placement
221,True,0.21040144088085846,0.21473696152479393,2.0,False,5877.0,False,117.26800493859213,loose_placement
223,True,0.20514148911498992,0.20514148911498992,1.0,False,2884.0,False,115.92640389794406,loose_placement
247,True,0.2596840388639505,0.2596840388639505,1.0,False,979.0,False,106.97885107800754,loose_placement
248,True,0.0,0.0,0.0,True,,False,173.4022759017377,blank_plate
249,True,0.3414282852576273,0.3414282852576273,1.0,False,5019.0,False,94.74789555559927,loose_placement
251,True,0.0,0.0,0.0,True,,False,52.75214370298945,blank_plate
252,True,0.3477457755923722,0.5875226173963531,5.0,False,3176.0,False,275.36975802878777,traced_merged_cells
254,True,0.6576261242252199,0.6576261242252199,1.0,False,6248.0,False,115.3428716114367,traced_single_cell
255,True,0.35732218278230515,0.35732218278230515,1.0,False,5162.0,False,100.39964850764673,loose_placement
257,False,,,,,,,,off_plate
258,True,0.5365284683103689,0.524258141290564,3.0,False,1574.0,True,203.10360426518173,traced_single_cell
262,True,0.16590937409806014,0.16590937409806014,1.0,False,6111.0,False,66.87681361290063,loose_placement
263,True,0.3460917587773666,0.37026986996375455,2.0,False,4571.0,False,108.03342518515436,loose_placement
264,True,0.0,0.0,0.0,False,,False,62.404880356427874,loose_placement
268,True,0.30421959605537874,0.613433734994412,4.0,False,3345.0,False,182.83090195581516,traced_merged_cells
269,True,0.16038579828914556,0.403150342800028,4.0,False,4950.0,False,485.21519788488814,loose_placement
271,True,0.31445585590010433,0.5401362138703425,3.0,False,3665.0,True,155.8732527328457,traced_merged_cells
274,True,0.3414732644820774,0.3414732644820774,1.0,False,7421.0,True,61.58463020749431,loose_placement
277,True,0.3732195207501198,0.3848083369942388,2.0,False,5885.0,False,65.69881509182306,loose_placement
278,True,0.04345504601930787,0.0,0.0,False,7596.0,True,66.68287449305632,loose_placement
279,True,0.46907476216897387,0.4978057712620245,3.0,False,2813.0,False,373.06566951205804,loose_placement
303,True,0.2789942182182363,0.2789942182182363,1.0,False,963.0,False,102.0585553561614,loose_placement
304,True,0.0,0.0,0.0,True,,False,119.4073428911535,blank_plate
305,True,0.2788510471863449,0.3400198675229151,3.0,False,5049.0,False,108.91056763318645,loose_placement
306,True,0.18678383693995307,0.23388462692835024,3.0,False,2074.0,True,305.1487482882593,loose_placement
307,True,0.0,0.0,0.0,True,,False,64.81923151084601,blank_plate
308,True,0.3773119483228413,0.5196297427947042,4.0,False,3131.0,True,213.40827706242118,traced_merged_cells
309,True,0.0982057832949262,0.0,0.0,False,393.0,True,124.05068441814036,loose_placement
310,True,0.5915964746422044,0.5915964746422044,1.0,False,6272.0,False,134.44903629577303,traced_single_cell
311,True,0.37725189687521227,0.37725189687521227,1.0,False,5162.0,False,114.32318350892619,loose_placement
313,False,,,,,,,,off_plate
314,True,0.353079084443115,0.353079084443115,1.0,False,1615.0,True,200.52053365433022,loose_placement
318,True,0.12585925261215755,0.0,0.0,False,6111.0,False,64.28045840567509,loose_placement
324,True,0.19174164735222,0.507236801207245,5.0,False,3449.0,False,415.7844625135976,traced_merged_cells
325,True,0.22573639542117335,0.22573639542117335,1.0,False,5010.0,False,119.90270841208051,loose_placement
326,True,0.3104067648384521,0.3104067648384521,1.0,False,4717.0,False,117.56839301394679,loose_placement
328,False,,,,,,,,off_plate
330,True,0.47023521786658123,0.6245344896108833,2.0,False,7429.0,True,169.74048827719562,traced_merged_cells
333,True,0.1938736142475178,0.1938736142475178,1.0,False,5848.0,False,88.26478366777592,loose_placement
334,True,0.08942673235487789,0.08942673235487789,1.0,False,7605.0,True,259.0561297519714,loose_placement
335,True,0.47504151658657834,0.47504151658657834,1.0,False,2758.0,False,98.31343037359368,loose_placement
359,True,0.23976952090689932,0.23976952090689932,1.0,False,963.0,False,116.63884442269362,loose_placement
360,True,0.0,0.0,0.0,True,,False,117.280833130405,blank_plate
361,True,0.20267042896227938,0.2638448410359135,2.0,False,5075.0,False,69.7649770633935,loose_placement
362,True,0.32384533816108735,0.366204278395967,5.0,False,2188.0,True,277.496048098017,loose_placement
363,True,0.0,0.0,0.0,True,,False,56.130345293132116,blank_plate
364,True,0.31393702020336484,0.5294098418370629,5.0,False,3061.0,True,218.87599452683565,traced_merged_cells
365,True,0.08533383623551999,0.0,0.0,False,393.0,True,118.44688003384033,loose_placement
366,True,0.5490401684822149,0.5490401684822149,1.0,False,6295.0,False,88.56835071798642,traced_single_cell
367,True,0.41865521880491074,0.41865521880491074,1.0,False,5203.0,False,117.97857521925373,loose_placement
369,False,,,,,,,,off_plate
370,True,0.18262978202034438,0.18262978202034438,1.0,False,1681.0,True,232.6078714978041,loose_placement
374,True,0.13143230770327294,0.0,0.0,False,6075.0,False,46.72801158375697,loose_placement
376,True,0.10435467585447654,0.24559254733522942,4.0,False,2282.0,False,595.6095297683547,loose_placement
377,True,0.0,0.0,0.0,True,,False,478.7017283681895,blank_plate
380,True,0.4699967882784585,0.4699967882784585,1.0,False,3411.0,False,65.33017476888422,loose_placement
381,True,0.2045914221863343,0.24840146900433593,2.0,False,5026.0,False,106.50048852991905,loose_placement
384,False,,,,,,,,off_plate
385,False,,,,,,,,off_plate
386,True,0.530684928635349,0.4828238813184597,2.0,False,7432.0,True,115.55149653803399,traced_single_cell
390,True,0.2764125188899629,0.2764125188899629,1.0,False,7556.0,True,67.31957977320616,loose_placement
391,True,0.5407112076809888,0.41733039294745505,2.0,False,2704.0,False,116.44998885595109,traced_single_cell
415,True,0.3719042337630632,0.3719042337630632,1.0,False,948.0,False,177.97791049918374,loose_placement
416,True,0.0,0.0,0.0,True,,False,99.17771588244746,blank_plate
417,True,0.28163550131543574,0.4561435712885335,4.0,False,5075.0,False,131.15234902261363,loose_placement
418,True,0.3558749171050051,0.3797855949119253,3.0,False,2123.0,True,202.234275783461,loose_placement
419,True,0.0,0.0,0.0,False,,False,63.91810260358544,loose_placement
420,True,0.3150839037929643,0.39038474470233814,5.0,False,3021.0,True,142.89814858564068,loose_placement
421,True,0.06101361448923324,0.0,0.0,False,409.0,True,110.80277478540322,loose_placement
422,True,0.6873637471225289,0.6873637471225289,1.0,False,6323.0,False,125.21894280952046,traced_single_cell
423,True,0.3881903114341986,0.32210921747799826,2.0,False,5257.0,False,162.21943947641176,loose_placement
426,True,0.1364529801462336,0.0,0.0,False,1717.0,True,134.12187903334066,loose_placement
427,True,0.45071474826641444,0.4646899469659866,2.0,False,1652.0,True,112.68860808802515,loose_placement
429,True,0.3366343460925386,0.3053879632285591,2.0,False,3614.0,False,130.18210102018267,loose_placement
430,True,0.03940067381271974,0.0,0.0,False,6018.0,False,46.51467623330228,loose_placement
432,True,0.10940425767561046,0.0,0.0,False,2081.0,False,109.25119579547,loose_placement
436,True,0.38862619655692937,0.49440541150228967,2.0,False,3370.0,False,114.22304691832531,loose_placement
437,True,0.28445285736442505,0.28445285736442505,1.0,False,5037.0,False,111.09896222636812,loose_placement
438,True,0.16096747980160647,0.1858756047916533,2.0,False,4763.0,False,129.68305901731358,loose_placement
439,False,,,,,,,,off_plate
440,False,,,,,,,,off_plate
441,False,,,,,,,,off_plate
442,True,0.2141758785349552,0.2141758785349552,1.0,False,7438.0,False,176.8082978179199,loose_placement
446,True,0.2663236797153722,0.2663236797153722,1.0,False,7556.0,True,55.76857800077155,loose_placement
447,True,0.29267799206995526,0.6382217268918182,5.0,False,2603.0,False,409.1421992515147,traced_merged_cells
471,True,0.32501869726964183,0.32501869726964183,1.0,False,929.0,False,116.19569038058657,loose_placement
474,True,0.44584313519719543,0.552599079988638,2.0,False,2086.0,True,145.66799388208435,traced_merged_cells
475,True,0.0,0.0,0.0,False,,False,55.77712602453049,loose_placement
476,True,0.29321772479401603,0.39858577857174254,4.0,False,2970.0,True,136.3957397451525,loose_placement
477,True,0.07287808826955303,0.0,0.0,False,409.0,True,161.1351563391762,loose_placement
478,True,0.49628948420300106,0.49628948420300106,1.0,False,6342.0,False,136.09783886702456,loose_placement
479,True,0.329756225095727,0.329756225095727,1.0,False,5257.0,False,119.63651108750656,loose_placement
482,True,0.15319552020705354,0.15319552020705354,1.0,False,1741.0,True,139.04515129550478,loose_placement
483,True,0.3865396417387485,0.3448168227424782,3.0,False,1600.0,True,100.05132917717992,loose_placement
485,True,0.3500818822550246,0.3734950262076916,2.0,False,3614.0,False,159.14024208100437,loose_placement
487,True,0.45571153990812074,0.45571153990812074,1.0,False,3902.0,False,119.61581781344144,loose_placement
488,True,0.08954669977263963,0.0,0.0,False,2016.0,False,100.04080198186227,loose_placement
492,True,0.4239722923324464,0.4239722923324464,1.0,False,3304.0,False,143.43024073458886,loose_placement
493,True,0.27406559160044464,0.3076718054648651,2.0,False,5043.0,False,121.29185418741854,loose_placement
495,False,,,,,,,,off_plate
496,False,,,,,,,,off_plate
497,False,,,,,,,,off_plate
498,True,0.0,0.0,0.0,False,,False,53.021700372337385,loose_placement
502,True,0.2054408859220094,0.2054408859220094,1.0,False,7517.0,True,271.8620044477842,loose_placement
503,True,0.2714983644829557,0.2762693677890406,2.0,False,2681.0,False,128.30105804325407,loose_placement
527,True,0.21367763470432402,0.21367763470432402,1.0,False,918.0,False,118.69740259091778,loose_placement
529,True,0.32550024390637156,0.5891493197841552,2.0,False,4629.0,False,483.986739573488,traced_merged_cells
531,True,0.0,0.0,0.0,False,,False,100.02782632441283,loose_placement
532,True,0.2579976861353008,0.39447513904448084,5.0,False,2924.0,True,149.25560470743727,loose_placement
533,True,0.05914245842486796,0.0,0.0,False,437.0,True,129.87628758276858,loose_placement
535,True,0.4208580087294392,0.4208580087294392,1.0,False,5301.0,False,115.56027964374832,loose_placement
538,True,0.36933925859130196,0.3782073556205832,2.0,False,1741.0,True,143.36123870091663,loose_placement
539,True,0.40971163701871827,0.602397081712369,2.0,False,1550.0,True,121.16375810184957,traced_merged_cells
541,True,0.4424390044124764,0.4424390044124764,1.0,False,3673.0,False,108.8196958967782,loose_placement
543,True,0.2849149654016151,0.2849149654016151,1.0,False,3937.0,False,94.56733617456375,loose_placement
544,True,0.09022775866178036,0.0,0.0,False,2016.0,False,100.80686126208275,loose_placement
549,True,0.36543800514420244,0.38081073186142084,2.0,False,5062.0,False,133.46619282033555,loose_placement
550,True,0.12101570573745885,0.0,0.0,False,4804.0,False,117.35343453972014,loose_placement
552,False,,,,,,,,off_plate
553,False,,,,,,,,off_plate
554,True,0.05106292704204586,0.0,0.0,False,7391.0,False,50.53301571455075,loose_placement
555,True,0.46115242968205244,0.46115242968205244,1.0,False,896.0,False,122.71570889389639,loose_placement
558,True,0.0,0.0,0.0,False,,True,65.32486511550577,loose_placement
559,True,0.36363722117394975,0.36363722117394975,1.0,False,2681.0,False,103.76171361720853,loose_placement
583,True,0.3124420934107003,0.3124420934107003,1.0,False,918.0,False,115.26455508888016,loose_placement
585,True,0.3890110588987558,0.3890110588987558,1.0,False,4570.0,False,111.19739119349504,loose_placement
586,True,0.1977913258219849,0.43330584624370405,3.0,False,2054.0,False,399.75768389985694,loose_placement
587,True,0.12013253288298313,0.0,0.0,False,2473.0,False,55.56643873667904,loose_placement
588,True,0.2585151220253204,0.3548338586997327,5.0,False,2924.0,True,142.0630631094054,loose_placement
589,True,0.08091380350011672,0.0,0.0,False,437.0,True,164.89217957160398,loose_placement
591,True,0.32808830339409245,0.32808830339409245,1.0,False,5343.0,False,121.71851423703302,loose_placement
593,False,,,,,,,,off_plate
594,True,0.3134636538063355,0.44818284498151817,2.0,False,1799.0,True,153.1586654295814,loose_placement
595,True,0.3630883140253979,0.41463984645304586,2.0,False,1569.0,True,97.41603686003921,loose_placement
597,True,0.5245871592047681,0.5245871592047681,1.0,False,3750.0,False,128.0255499628863,traced_single_cell
599,True,0.36410872460404986,0.36410872460404986,1.0,False,3937.0,False,106.90392127336787,loose_placement
600,True,0.0911910036582766,0.0,0.0,False,1945.0,False,98.868310762468,loose_placement
604,True,0.5063567435338908,0.46034339612924907,2.0,False,540.0,False,100.26795552089162,traced_single_cell
605,True,0.39003582476366877,0.39003582476366877,1.0,False,5080.0,False,108.74846222845954,loose_placement
607,False,,,,,,,,off_plate
610,True,0.040648053792052476,0.0,0.0,False,7364.0,False,49.67470505555905,loose_placement
614,True,0.2871096222453621,0.3231396935814245,2.0,False,7504.0,True,118.33867854646242,loose_placement
639,True,0.3030360158274526,0.3030360158274526,1.0,False,903.0,False,124.31883133209952,loose_placement
641,True,0.42781610365938083,0.42781610365938083,1.0,False,4570.0,False,122.14089196949791,loose_placement
642,True,0.2073942587594077,0.2073942587594077,1.0,False,1886.0,False,140.19988033334383,loose_placement
643,True,0.4037292032119778,0.4037292032119778,1.0,False,2473.0,False,54.27774540050876,loose_placement
644,True,0.2871505967711164,0.5117789629077885,4.0,False,2883.0,True,206.70250563436082,traced_merged_cells
645,True,0.1008242325224168,0.0,0.0,False,453.0,True,175.9868738603285,loose_placement
647,True,0.3579657338863538,0.36755335104244347,2.0,False,5343.0,False,171.7373421669906,loose_placement
649,False,,,,,,,,off_plate
650,True,0.275732413624623,0.275732413624623,1.0,False,1799.0,True,142.45748028519753,loose_placement
651,True,0.36381926842565104,0.49002571631513636,4.0,False,1522.0,True,177.87882371185174,loose_placement
653,True,0.49706857955779926,0.49706857955779926,1.0,False,3824.0,False,135.26957115279154,loose_placement
655,True,0.4562901612173048,0.4562901612173048,1.0,False,3981.0,False,187.54906242064757,loose_placement
656,True,0.08579950183310393,0.0,0.0,False,1945.0,False,117.95004149619632,loose_placement
660,True,0.2946875401386524,0.465863799843161,3.0,False,522.0,False,121.91490971329684,loose_placement
661,True,0.4406271514781486,0.4406271514781486,1.0,False,5102.0,False,103.35087085181358,loose_placement
663,False,,,,,,,,off_plate
670,True,0.2685089561033921,0.2685089561033921,1.0,False,7495.0,True,60.816032494236325,loose_placement
695,True,0.25932763030769757,0.25932763030769757,1.0,False,903.0,False,102.2896866743527,loose_placement
697,True,0.3922409989866678,0.3922409989866678,1.0,False,4542.0,False,108.45239037630574,loose_placement
698,True,0.20204782337204868,0.20204782337204868,1.0,False,1824.0,False,157.0536689608692,loose_placement
699,True,0.3041814834200662,0.310854332314742,2.0,False,2428.0,False,60.734566236512066,loose_placement
700,True,0.344424233692967,0.4294978896444371,3.0,False,2741.0,True,156.21053384557993,loose_placement
701,True,0.10225050535918696,0.0,0.0,False,547.0,True,172.4306764948622,loose_placement
702,True,0.2258143507948773,0.2258143507948773,1.0,False,2287.0,False,153.89682508983793,loose_placement
703,True,0.4410254298956034,0.4410254298956034,1.0,False,5381.0,False,114.25444352793194,loose_placement
705,False,,,,,,,,off_plate
706,True,0.14534101022109816,0.0,0.0,False,1812.0,False,124.56341508161859,loose_placement
707,True,0.4020221607197647,0.537849324024091,2.0,False,1503.0,True,134.58485683054073,traced_merged_cells
708,True,0.4102069304082792,0.4102069304082792,1.0,False,4441.0,False,84.34512512013832,loose_placement
709,True,0.3083345221621449,0.2781225792098033,2.0,False,3824.0,False,120.64863241251882,loose_placement
711,True,0.3852206212091073,0.3852206212091073,1.0,False,4013.0,False,118.85413835595433,loose_placement
712,True,0.09115055851985712,0.0,0.0,False,1875.0,False,116.89019258355707,loose_placement
716,True,0.13777583444861102,0.21331301114481382,2.0,False,495.0,False,103.04395892683581,loose_placement
717,True,0.4173892856250065,0.4173892856250065,1.0,False,5083.0,False,119.92296607044618,loose_placement
718,True,0.0,0.0,0.0,False,,False,105.69589217125333,loose_placement
719,False,,,,,,,,off_plate
726,True,0.18091870394646528,0.18091870394646528,1.0,False,7482.0,True,67.01154852043017,loose_placement
727,True,0.0295273026188705,0.0,0.0,False,7550.0,False,180.98025765463305,loose_placement
751,True,0.2820436872692105,0.2820436872692105,1.0,False,888.0,False,118.05502941769639,loose_placement
753,True,0.3817392220349651,0.3817392220349651,1.0,False,4542.0,False,110.87807559587799,loose_placement
754,True,0.18429723414829982,0.1937735072830793,2.0,False,1777.0,False,133.3424575495621,loose_placement
755,True,0.11221914432875035,0.0,0.0,False,2428.0,False,127.61517135934608,loose_placement
756,True,0.3024028707319868,0.3862957098121845,3.0,False,2708.0,True,150.14055454606168,loose_placement
757,True,0.06736013605463322,0.0,0.0,False,477.0,True,108.03469248375507,loose_placement
758,True,0.0,0.0,0.0,False,,False,101.6726154894622,loose_placement
759,True,0.2250453969195982,0.5021505798541144,6.0,False,5423.0,False,616.5554120836243,traced_merged_cells
760,True,0.1083914098377009,0.0,0.0,False,6633.0,True,78.80215050357114,loose_placement
762,True,0.1462127524136867,0.0,0.0,False,1812.0,False,125.31053514370141,loose_placement
763,True,0.347866469124713,0.35425452623267156,2.0,False,1467.0,True,113.78236164773227,loose_placement
764,True,0.5604849287979701,0.4875708089757318,2.0,False,4482.0,False,183.1113848844295,traced_single_cell
765,True,0.2869379407426989,0.5608562538588743,4.0,False,3956.0,False,601.2581623619168,traced_merged_cells
767,True,0.0863320977449951,0.0,0.0,False,4013.0,False,174.91646733967107,loose_placement
768,True,0.04642362977843297,0.0,0.0,False,1823.0,False,125.12721366955996,loose_placement
771,False,,,,,,,,off_plate
772,True,0.2019169062632551,0.29825414419118224,5.0,False,512.0,False,115.26263550977518,loose_placement
773,True,0.2704641882405911,0.2704641882405911,1.0,False,5112.0,False,124.08861434709048,loose_placement
774,True,0.0,0.0,0.0,True,,False,125.3139239679033,blank_plate
782,True,0.16169307720863793,0.16169307720863793,1.0,False,7482.0,True,65.78094571978502,loose_placement
783,True,0.17064581641810195,0.17064581641810195,1.0,False,7550.0,False,62.196521446776686,loose_placement
807,True,0.2750848894599471,0.2750848894599471,1.0,False,888.0,False,117.12126958356926,loose_placement
809,True,0.0,0.0,0.0,False,,False,116.92578720754038,loose_placement
810,True,0.14212492076348301,0.4637284031135472,9.0,False,1595.0,True,752.8885359484863,loose_placement
811,True,0.057176166813315485,0.0,0.0,False,2396.0,False,62.26309027604018,loose_placement
812,True,0.22825600814749156,0.3841692363619379,4.0,False,2724.0,True,145.91460781635743,loose_placement
813,True,0.06502363909014325,0.0,0.0,False,572.0,True,129.676012243909,loose_placement
814,True,0.0,0.0,0.0,False,,False,123.7290498007357,loose_placement
816,True,0.15092494113866675,0.15092494113866675,1.0,False,6633.0,True,82.76933500057636,loose_placement
818,True,0.18985153520726944,0.4681229300949129,5.0,False,2015.0,False,545.0410980188149,loose_placement
819,True,0.32674749152066057,0.29641822379237026,3.0,False,1431.0,True,116.57774155712973,loose_placement
820,True,0.15112681005492049,0.5191746041950464,7.0,False,4519.0,False,829.6146774642866,traced_merged_cells
821,True,0.21288803037800283,0.21288803037800283,1.0,False,4105.0,False,115.18522510931423,loose_placement
822,True,0.0348013571556848,0.0,0.0,False,247.0,False,75.30050895066208,loose_placement
823,True,0.12708904371408702,0.1922990497451117,2.0,False,4133.0,False,592.6824958641612,loose_placement
824,True,0.051299644922567084,0.0,0.0,False,1773.0,False,463.5843398796605,loose_placement
827,False,,,,,,,,off_plate
828,True,0.29279391549773415,0.48713368404623153,3.0,False,491.0,False,116.00130270765808,loose_placement
829,True,0.5044693556596995,0.41477662479808525,2.0,False,5127.0,False,94.8647831568358,traced_single_cell
830,True,0.0,0.0,0.0,True,,False,117.35376765811161,blank_plate
832,False,,,,,,,,off_plate
838,True,0.16245852271995573,0.16245852271995573,1.0,False,7475.0,True,103.39091230579218,loose_placement
839,True,0.02175150804746747,0.0,0.0,False,7539.0,False,61.97442294038025,loose_placement
863,True,0.24604684255783874,0.24604684255783874,1.0,False,876.0,False,106.82450175100294,loose_placement
866,True,0.44633428530106506,0.4078677688593342,3.0,False,1625.0,True,150.08643916968543,loose_placement
867,True,0.09266137249646217,0.09266137249646217,1.0,False,2260.0,False,341.5052181427111,loose_placement
869,True,0.03892804387632609,0.0,0.0,False,492.0,True,100.25233890741029,loose_placement
870,True,0.0,0.0,0.0,False,,False,488.1081752583161,loose_placement
872,True,0.15589796895758923,0.15589796895758923,1.0,False,6633.0,True,81.58427597243103,loose_placement
874,True,0.5361557829062275,0.5361557829062275,1.0,False,2111.0,False,136.81567083065804,traced_single_cell
876,True,0.043130945847513445,0.0,0.0,False,4028.0,False,163.74378120451723,loose_placement
877,True,0.0,0.0,0.0,False,,False,124.67016960257268,loose_placement
878,True,0.057029723992108816,0.0,0.0,False,253.0,False,80.42304851450731,loose_placement
879,True,0.18976400777521107,0.3553317470367355,4.0,False,4329.0,False,428.2160601766927,loose_placement
880,True,0.0,0.0,0.0,False,,False,102.93669852074724,loose_placement
882,True,0.1897870688186623,0.38569842398830556,5.0,False,7276.0,False,378.8476451611834,loose_placement
883,False,,,,,,,,off_plate
884,True,0.32513927223950223,0.5375196124297027,3.0,False,490.0,False,103.94224232011737,traced_merged_cells
885,True,0.5854564553973319,0.5124139412737505,2.0,False,5136.0,False,189.24921695660075,traced_single_cell
886,True,0.23771324590535978,0.45819429805812095,3.0,False,4933.0,False,414.7603432669216,loose_placement
888,False,,,,,,,,off_plate
895,True,0.08336025056810421,0.0,0.0,False,7571.0,False,46.586127807935206,loose_placement
919,True,0.24101570512798126,0.24101570512798126,1.0,False,876.0,False,102.67345396800688,loose_placement
922,True,0.35057560543300953,0.5072662438725475,2.0,False,1664.0,True,146.5983362345466,traced_merged_cells
923,True,0.0,0.0,0.0,False,,False,50.34525830144866,loose_placement
926,True,0.0,0.0,0.0,False,,False,97.01254218667405,loose_placement
927,True,0.01772046313125971,0.0,0.0,False,4408.0,False,258.4820014286503,loose_placement
928,True,0.15587670597714517,0.15587670597714517,1.0,False,6633.0,True,85.63568919700035,loose_placement
930,True,0.19432564717887674,0.4618847428101252,5.0,False,2170.0,False,599.2892381280524,loose_placement
932,True,0.6179125341747466,0.6179125341747466,1.0,False,4499.0,False,115.19391147147473,traced_single_cell
933,True,0.0,0.0,0.0,False,,False,147.06104644793004,loose_placement
934,True,0.053255003959256135,0.0,0.0,False,288.0,False,425.07632604403176,loose_placement
935,True,0.19227887346475966,0.19227887346475966,1.0,False,4350.0,False,130.34141956154951,loose_placement
936,True,0.041946328669650215,0.0,0.0,False,1938.0,False,174.91473467195473,loose_placement
938,True,0.10408408172791533,0.0,0.0,False,7392.0,False,98.66104764330824,loose_placement
940,True,0.31829806458153126,0.529368114272358,3.0,False,462.0,False,111.75119228254833,traced_merged_cells
941,True,0.4234730347894508,0.4234730347894508,1.0,False,5177.0,False,119.64883090260392,loose_placement
942,True,0.41159176539336995,0.41159176539336995,1.0,False,4835.0,False,178.358351960257,loose_placement
944,False,,,,,,,,off_plate
946,True,0.04687015240970856,0.0,0.0,False,7339.0,True,46.088575753403425,loose_placement
950,True,0.7520341159439284,0.7520341159439284,1.0,False,6922.0,False,135.5927946026209,traced_single_cell
951,True,0.17791203307822592,0.17791203307822592,1.0,False,7571.0,False,53.049273458191024,loose_placement
975,True,0.18815121529474466,0.18815121529474466,1.0,False,857.0,False,110.29745172078715,loose_placement
978,True,0.3916895443559023,0.5178462798565273,3.0,False,1689.0,True,192.52639026124302,traced_merged_cells
979,True,0.0,0.0,0.0,False,,False,63.30135185656574,loose_placement
980,True,0.3129226529168782,0.33330304401429667,3.0,False,3192.0,True,109.70256931512415,loose_placement
982,True,0.0,0.0,0.0,False,,False,199.613494896649,loose_placement
983,True,0.17830464781467306,0.17830464781467306,1.0,False,4408.0,False,129.75164707179937,loose_placement
984,True,0.19853876015226338,0.19853876015226338,1.0,False,6658.0,True,89.02209685638802,loose_placement
986,True,0.37628599557901643,0.47747845687252904,4.0,False,2077.0,True,201.64150428635278,loose_placement
987,True,0.05764598158268815,0.0,0.0,False,6344.0,False,104.30315643005783,loose_placement
988,True,0.011856432601838234,0.0,0.0,False,4028.0,False,65.31024236030875,loose_placement
989,True,0.0,0.0,0.0,False,,False,470.7856779660224,loose_placement
991,True,0.13099893812548905,0.13099893812548905,1.0,False,4303.0,False,102.44191480967933,loose_placement
992,True,0.038371247122214784,0.0,0.0,False,2010.0,False,117.86194847199639,loose_placement
994,True,0.16712426596284544,0.32954885215787794,3.0,False,7401.0,False,325.6424893686778,loose_placement
996,True,0.22769293677857855,0.34524275326047976,6.0,False,447.0,False,122.42064300688457,loose_placement
997,True,0.27412683608904365,0.5457307631980176,7.0,False,5263.0,False,437.5853232251153,traced_merged_cells
998,True,0.3793046953461121,0.4322347331932465,3.0,False,4768.0,False,113.23573849541668,loose_placement
1000,False,,,,,,,,off_plate
1002,True,0.06080044278453799,0.0,0.0,False,7339.0,True,57.311910182825436,loose_placement
1004,False,,,,,,,,off_plate
1006,True,0.2936165767014573,0.6120058205024164,3.0,False,6997.0,False,375.114613936247,traced_merged_cells
1007,True,0.019054295993643704,0.0,0.0,False,7539.0,False,48.66858507593304,loose_placement
1031,True,0.3140614453387692,0.3140614453387692,1.0,False,857.0,False,130.07062886605422,loose_placement
1034,True,0.34360131512730835,0.39001458599639527,2.0,False,1721.0,True,135.15997978273822,loose_placement
1035,True,0.4165256242438414,0.38963940255352997,2.0,False,2154.0,False,117.25909379472363,loose_placement
1037,True,0.53616901740637,0.53616901740637,1.0,False,7082.0,False,66.65872578138557,traced_single_cell
1038,True,0.0,0.0,0.0,False,,False,113.48721184324361,loose_placement
1039,True,0.15966931157547634,0.15966931157547634,1.0,False,4449.0,False,64.66633745553538,loose_placement
1040,True,0.16855206162055245,0.28528972987962825,3.0,False,6658.0,True,89.17419655970232,loose_placement
1042,True,0.3971308325264989,0.45020087306446377,4.0,False,2049.0,True,187.2535204789767,loose_placement
1043,True,0.19191848120132013,0.28572066832335535,3.0,False,6326.0,False,338.6930556112787,loose_placement
1044,True,0.014876168559503621,0.0,0.0,False,4028.0,False,109.20707254952372,loose_placement
1045,True,0.09132504946181068,0.0,0.0,False,4070.0,False,224.8986130748027,loose_placement
1047,True,0.2535372471484139,0.2246923897365646,2.0,False,4285.0,False,129.12012914350368,loose_placement
1048,True,0.05747270527466992,0.0,0.0,False,2010.0,False,180.08162290561427,loose_placement
1050,True,0.28184523201543754,0.28184523201543754,1.0,False,7417.0,False,119.58953517819926,loose_placement
1052,True,0.17951748371757775,0.47004088868651633,6.0,False,445.0,False,458.10576920810826,loose_placement
1053,True,0.2577805604546364,0.3094904462497757,2.0,False,5211.0,False,158.93264723051888,loose_placement
1056,False,,,,,,,,off_plate
1058,True,0.06360840056382674,0.0,0.0,False,7339.0,True,57.100759906131636,loose_placement
1060,False,,,,,,,,off_plate
1062,True,0.04942731089384736,0.0,0.0,False,6734.0,False,70.35549213847688,loose_placement
1063,True,0.027012857218589453,0.0,0.0,False,7539.0,False,68.87111348657396,loose_placement
1087,True,0.18734706907816706,0.18734706907816706,1.0,False,828.0,False,111.35166106389467,loose_placement
1090,True,0.32135336542244447,0.32135336542244447,1.0,False,1740.0,True,136.5632509988351,loose_placement
1091,True,0.30908722053452686,0.29525711206536104,2.0,False,2112.0,False,171.83114180223274,loose_placement
1093,True,0.2737882123758879,0.2737882123758879,1.0,False,7071.0,False,64.68917210222867,loose_placement
1094,True,0.0,0.0,0.0,False,,False,120.46007705132406,loose_placement
1095,True,0.29134463155241846,0.29134463155241846,1.0,False,4479.0,False,122.33691487305606,loose_placement
1097,False,,,,,,,,off_plate
1098,True,0.3919604804177216,0.5238364092419351,3.0,False,2005.0,True,212.9391034309575,traced_merged_cells
1099,True,0.14787829887515674,0.0,0.0,False,6260.0,False,63.77559230215894,loose_placement
1100,True,0.009798041039934348,0.0,0.0,False,4028.0,False,116.93703988960934,loose_placement
1101,True,0.1725798768271487,0.1725798768271487,1.0,False,3996.0,False,118.16068706076803,loose_placement
1103,True,0.2340576229367773,0.2340576229367773,1.0,False,4236.0,False,113.82342083122519,loose_placement
1104,True,0.09736046179926997,0.0,0.0,False,2079.0,False,109.73675861890418,loose_placement
1106,True,0.19368451641395762,0.19368451641395762,1.0,False,7427.0,False,120.48640253148555,loose_placement
1108,True,0.25254599323932536,0.25254599323932536,1.0,False,380.0,False,118.36490234271866,loose_placement
1109,True,0.21803167030479226,0.23525858135243602,2.0,False,5211.0,False,103.09744140737949,loose_placement
1113,False,,,,,,,,off_plate
1114,True,0.06465267839307685,0.0,0.0,False,7339.0,True,58.22811165700093,loose_placement
1116,False,,,,,,,,off_plate
1118,True,0.23609382031874127,0.23609382031874127,1.0,False,6734.0,False,336.05908593837387,loose_placement
1119,True,0.01961574812874698,0.0,0.0,False,7539.0,False,49.36121557925274,loose_placement
1143,True,0.2516704703035661,0.2516704703035661,1.0,False,828.0,False,132.24294518404298,loose_placement
1146,True,0.41193948633009914,0.41193948633009914,1.0,False,1789.0,True,144.49843279624096,loose_placement
1147,True,0.11863063779801362,0.11863063779801362,1.0,False,2068.0,False,57.08295222539551,loose_placement
1149,True,0.39837610533277146,0.39837610533277146,1.0,False,7071.0,False,54.36592849836001,loose_placement
1150,True,0.1532765768115376,0.1661365695901134,2.0,False,2536.0,False,409.0704146184252,loose_placement
1151,True,0.42443150085827963,0.42443150085827963,1.0,False,4508.0,False,162.04668578210385,loose_placement
1153,False,,,,,,,,off_plate
1154,True,0.1772629411811226,0.21321901575516827,2.0,False,1884.0,True,149.4116775492368,loose_placement
1155,True,0.15254485880125251,0.19031753959302247,2.0,False,6241.0,False,174.2932889642919,loose_placement
1156,True,0.27605311889990436,0.27605311889990436,1.0,False,4359.0,False,110.42629320863148,loose_placement
1157,True,0.21809370272538797,0.21809370272538797,1.0,False,3934.0,False,108.16420003713965,loose_placement
1159,True,0.19820926547779133,0.19820926547779133,1.0,False,4176.0,False,123.4338367648863,loose_placement
1160,True,0.125949117582174,0.125949117582174,1.0,False,2132.0,False,112.2756308082715,loose_placement
1162,True,0.2844528749759633,0.2844528749759633,1.0,False,7439.0,False,98.09165923183456,loose_placement
1163,False,,,,,,,,off_plate
1164,True,0.19377926665006784,0.19377926665006784,1.0,False,380.0,False,122.07643070955692,loose_placement
1165,True,0.44346277484750446,0.44346277484750446,1.0,False,5165.0,False,109.70073864522026,loose_placement
1166,True,0.0627111950547797,0.0,0.0,False,4618.0,False,108.12643707836772,loose_placement
1168,False,,,,,,,,off_plate
1169,False,,,,,,,,off_plate
1170,True,0.04821019383524269,0.0,0.0,False,7339.0,True,45.91179590387559,loose_placement
1172,False,,,,,,,,off_plate
1173,True,0.0,0.0,0.0,True,,False,107.73121338378661,blank_plate
1174,True,0.07555625302298993,0.0,0.0,False,6734.0,False,107.54777610678069,loose_placement
1175,True,0.022998661517506375,0.0,0.0,False,7539.0,False,54.37030150563459,loose_placement
1199,True,0.13263406874668135,0.0,0.0,False,809.0,False,124.48015990295657,loose_placement
1202,True,0.3983952822785438,0.3983952822785438,1.0,False,1809.0,True,83.31273743763208,loose_placement
1203,True,0.04406478132223929,0.0,0.0,False,2068.0,False,49.715735829890846,loose_placement
1204,True,0.17027586872841,0.17894091756069216,2.0,False,2868.0,True,106.26294208408417,loose_placement
1205,True,0.3039406094486191,0.3039406094486191,1.0,False,7060.0,False,54.45585291168311,loose_placement
1206,True,0.1134701579779681,0.0,0.0,False,2587.0,False,94.31073131712162,loose_placement
1207,True,0.3893799529447519,0.3893799529447519,1.0,False,4545.0,False,101.99720173993661,loose_placement
1209,False,,,,,,,,off_plate
1210,True,0.19533339692495788,0.21351677313924783,3.0,False,1837.0,True,206.70522332423903,loose_placement
1211,True,0.13332371636067297,0.13332371636067297,1.0,False,6219.0,False,118.10424090879397,loose_placement
1212,True,0.35294569872503145,0.35294569872503145,1.0,False,4359.0,False,63.278239300122024,loose_placement
1213,True,0.25265238514715455,0.38828320211473416,3.0,False,3887.0,False,351.3034083397543,loose_placement
1214,True,0.40250870626290974,0.40250870626290974,1.0,False,228.0,False,139.06163530454893,loose_placement
1215,True,0.10264857835463752,0.0,0.0,False,4121.0,False,117.25139112759419,loose_placement
1216,True,0.07321650976806533,0.0,0.0,False,2132.0,False,100.7773261974358,loose_placement
1218,True,0.28228174020359,0.28228174020359,1.0,False,7447.0,False,96.79714306221307,loose_placement
1219,False,,,,,,,,off_plate
1220,True,0.3616616138391498,0.5308243001922255,3.0,False,316.0,False,478.03193180946806,traced_merged_cells
1222,True,0.11751912534040064,0.11751912534040064,1.0,False,4610.0,False,108.55299303811726,loose_placement
1227,True,0.20965239238646485,0.38511206257282427,3.0,False,1291.0,False,402.96371624696917,loose_placement
1230,True,0.2343442403687537,0.2343442403687537,1.0,False,6778.0,False,338.4195572778507,loose_placement
1231,True,0.027982863515690185,0.0,0.0,False,7539.0,False,61.795291141096826,loose_placement
1255,True,0.22658245058725285,0.22658245058725285,1.0,False,809.0,False,128.00126485641846,loose_placement
1259,True,0.08672175740826041,0.0,0.0,False,2117.0,False,67.46937831734468,loose_placement
1260,True,0.17933133648420205,0.17933133648420205,1.0,False,2919.0,True,112.29056611561377,loose_placement
1261,True,0.34521282969095674,0.34521282969095674,1.0,False,7060.0,False,62.7104752624919,loose_placement
1262,True,0.05887097756456084,0.0,0.0,False,2643.0,False,164.27435374589538,loose_placement
1263,True,0.20699652260188692,0.20699652260188692,1.0,False,4580.0,False,66.72173226623637,loose_placement
1265,False,,,,,,,,off_plate
1266,True,0.1796954005759758,0.1796954005759758,1.0,False,1861.0,True,125.5344134951734,loose_placement
1267,True,0.13616585526056793,0.17675623648161112,2.0,False,6219.0,False,136.99319303434146,loose_placement
1268,True,0.23098836858099223,0.23098836858099223,1.0,False,4300.0,False,65.46150523487917,loose_placement
1272,True,0.14425691932078905,0.14425691932078905,1.0,False,2192.0,False,110.4229979599938,loose_placement
1273,True,0.0,0.0,0.0,False,,False,129.30911744901204,loose_placement
1274,True,0.17007196058033858,0.3069580756133443,2.0,False,7471.0,False,403.8121544227936,loose_placement
1276,True,0.3203438008436705,0.3203438008436705,1.0,False,345.0,False,105.06603604188959,loose_placement
1278,True,0.0477693808866752,0.0,0.0,False,4538.0,False,107.04930236419341,loose_placement
1283,True,0.0,0.0,0.0,True,,False,104.16273208712722,blank_plate
1286,True,0.13946224819048952,0.0,0.0,False,6778.0,False,111.00603169911564,loose_placement
1287,True,0.023558936601754288,0.0,0.0,False,7539.0,False,50.61531385210534,loose_placement
1311,True,0.18787047333440623,0.18787047333440623,1.0,False,792.0,False,181.14191171502006,loose_placement
1313,True,0.0,0.0,0.0,False,,False,488.8341198954352,loose_placement
1315,True,0.06419351462712888,0.0,0.0,False,2117.0,False,55.90005752496001,loose_placement
1316,True,0.1514103618831668,0.0,0.0,False,2969.0,True,106.88261226198705,loose_placement
1317,True,0.304828812974673,0.304828812974673,1.0,False,7051.0,False,50.76219991781362,loose_placement
1318,True,0.10707778232904483,0.10707778232904483,1.0,False,2699.0,False,105.27430530599617,loose_placement
1319,True,0.40044402436508847,0.40044402436508847,1.0,False,4580.0,False,102.24500421830042,loose_placement
1320,True,0.07765704929498495,0.0,0.0,False,6039.0,False,160.17939388374242,loose_placement
1321,False,,,,,,,,off_plate
1322,True,0.4233155219641239,0.4233155219641239,1.0,False,1861.0,True,137.69755996318568,loose_placement
1323,True,0.5410206848246762,0.49361746755094377,2.0,False,6211.0,False,120.21482999327192,traced_single_cell
1324,True,0.2459679607802547,0.3143384175996918,2.0,False,4300.0,False,113.98031919975152,loose_placement
1325,True,0.19630688297336893,0.456594393010447,5.0,False,3573.0,False,534.1080790331323,loose_placement
1328,True,0.19195252185146702,0.19195252185146702,1.0,False,2246.0,False,185.20978113025964,loose_placement
1329,True,0.0,0.0,0.0,False,,False,69.34059412191995,loose_placement
1330,True,0.44099612923316206,0.44099612923316206,1.0,False,7444.0,False,115.0477286138447,loose_placement
1333,True,0.09342323017057065,0.0,0.0,False,4919.0,False,176.81556987819837,loose_placement
1334,True,0.05794240058108347,0.0,0.0,False,4522.0,False,159.415709559732,loose_placement
1339,True,0.0,0.0,0.0,True,,False,129.34214678910516,blank_plate
1342,True,0.35975299210231365,0.6322320732495161,2.0,False,6856.0,False,333.74926888665914,traced_merged_cells
1343,True,0.02318346287146014,0.0,0.0,False,7539.0,False,48.51283862268754,loose_placement
1367,True,0.16305636151343125,0.16305636151343125,1.0,False,792.0,False,127.74082371764344,loose_placement
1369,True,0.0,0.0,0.0,False,,False,115.97442888273883,loose_placement
1371,True,0.25173312273764364,0.32353879926972967,3.0,False,2030.0,False,294.24717004998485,loose_placement
1372,True,0.14089665425108377,0.0,0.0,False,3017.0,True,110.51046701866709,loose_placement
1373,True,0.2621385491926362,0.33032243012819235,6.0,False,7073.0,False,515.8397991976692,loose_placement
1374,True,0.17769775158532378,0.17769775158532378,1.0,False,2699.0,False,113.26321976094363,loose_placement
1375,True,0.5734544113289252,0.5734544113289252,1.0,False,4626.0,False,153.59543446563282,traced_single_cell
1376,True,0.055903927922593494,0.0,0.0,False,5973.0,False,114.78009136948332,loose_placement
1377,False,,,,,,,,off_plate
1378,True,0.14287042644155495,0.0,0.0,False,1717.0,True,140.8564362365637,loose_placement
1379,True,0.0,0.0,0.0,False,,False,104.8857123079103,loose_placement
1381,True,0.432364112505253,0.432364112505253,1.0,False,3508.0,False,131.60707840225317,loose_placement
1383,True,0.2808835971043929,0.49554885453082953,3.0,False,3942.0,False,333.83060309915044,loose_placement
1384,True,0.2761858036354091,0.6126537996985149,4.0,False,2395.0,False,364.76790286691175,traced_merged_cells
1385,True,0.0,0.0,0.0,False,,False,57.72199298175483,loose_placement
1386,True,0.21595666803724642,0.49106318274203686,3.0,False,7367.0,False,299.85709696811796,loose_placement
1389,True,0.06625691978834833,0.0,0.0,False,4868.0,False,118.4083303262472,loose_placement
1390,True,0.08486344845560238,0.0,0.0,False,4604.0,False,125.46233354551477,loose_placement
1394,True,0.0,0.0,0.0,True,,False,197.90732676289562,blank_plate
1395,True,0.07336777703369013,0.0,0.0,False,1171.0,False,115.4168481251837,loose_placement
1399,True,0.024759050924056874,0.0,0.0,False,7539.0,False,51.692989436294276,loose_placement
1423,True,0.2238941253929387,0.2238941253929387,1.0,False,776.0,False,169.52169624439475,loose_placement
1425,True,0.0,0.0,0.0,False,,False,121.38830094342913,loose_placement
1427,True,0.30545759561724,0.30545759561724,1.0,False,1977.0,False,55.08753622616214,loose_placement
1428,True,0.2049398871120783,0.2049398871120783,1.0,False,3060.0,True,145.7158888851205,loose_placement
1429,True,0.04920082581412771,0.0,0.0,False,7073.0,False,56.93234673436132,loose_placement
1430,True,0.0,0.0,0.0,False,,False,123.2245613558329,loose_placement
1431,True,0.6297348279343671,0.6297348279343671,1.0,False,4667.0,False,187.47720695302226,traced_single_cell
1432,True,0.0749693399776386,0.0,0.0,False,5973.0,False,143.5096765335708,loose_placement
1434,True,0.1380225258071495,0.0,0.0,False,1681.0,True,139.73652948395858,loose_placement
1435,True,0.1850674875554172,0.2550592777540516,2.0,False,6141.0,False,101.40195585455442,loose_placement
1437,True,0.5238461295704553,0.5238461295704553,1.0,False,3453.0,False,186.49794420489948,traced_single_cell
1440,True,0.18172684129026365,0.2803624006572086,3.0,False,2462.0,False,109.17758693976366,loose_placement
1441,True,0.0,0.0,0.0,False,,False,69.96494840367984,loose_placement
1442,True,0.5193009960246554,0.5193009960246554,1.0,False,7348.0,False,123.44267540460275,traced_single_cell
1445,True,0.0,0.0,0.0,False,,False,122.16855499200872,loose_placement
1446,True,0.16673367339630954,0.16673367339630954,1.0,False,4548.0,False,161.92098628925797,loose_placement
1449,True,0.31850673634398624,0.31850673634398624,1.0,False,4109.0,False,119.62833339317413,loose_placement
1451,True,0.4061839056043704,0.4061839056043704,1.0,False,1171.0,False,119.21744934973043,loose_placement
1455,True,0.02535701363719712,0.0,0.0,False,7539.0,False,68.30336523751922,loose_placement
1479,True,0.1049252560143715,0.0,0.0,False,764.0,False,105.02414812086957,loose_placement
1481,True,0.0,0.0,0.0,False,,False,115.0429783846256,loose_placement
1483,True,0.21666705194319094,0.21666705194319094,1.0,False,1931.0,False,52.935133240313945,loose_placement
1484,True,0.22722509209188185,0.34371376168788137,4.0,False,3143.0,True,325.50060822999336,loose_placement
1485,True,0.11131930071161011,0.0,0.0,False,7164.0,False,51.04570185493136,loose_placement
1486,True,0.0,0.0,0.0,False,,False,114.49780736170072,loose_placement
1487,True,0.35099552285605334,0.6589581655171368,3.0,False,4741.0,False,296.0049294857759,traced_merged_cells
1488,True,0.14788761918218524,0.14788761918218524,1.0,False,5929.0,False,97.13385323471748,loose_placement
1490,True,0.1798843986314075,0.1798843986314075,1.0,False,1781.0,True,127.19342675389136,loose_placement
1491,True,0.25018917370989224,0.33109650379122646,5.0,False,6101.0,False,281.6582388821435,loose_placement
1492,True,0.4565886537652961,0.4565886537652961,1.0,False,4158.0,False,107.63529634132983,loose_placement
1493,True,0.4597658251621541,0.4597658251621541,1.0,False,3396.0,False,122.73098335593471,loose_placement
1496,True,0.2168655302710047,0.31436352424673547,3.0,False,2550.0,False,115.96381181069896,loose_placement
1497,True,0.0,0.0,0.0,False,,False,192.22923023033505,loose_placement
1498,True,0.4820562398827161,0.4820562398827161,1.0,False,7340.0,False,103.09494667547472,loose_placement
1500,True,0.0,0.0,0.0,False,,False,113.44727718476433,loose_placement
1502,True,0.20571057932296283,0.20571057932296283,1.0,False,4507.0,False,170.38663675223043,loose_placement
1503,False,,,,,,,,off_plate
1505,True,0.38141826266432655,0.38141826266432655,1.0,False,4152.0,False,120.2537602877283,loose_placement
1507,True,0.4380594866137194,0.3509381404880106,2.0,False,1143.0,False,171.62704807690068,loose_placement
1511,True,0.0,0.0,0.0,False,,False,188.7897285715546,loose_placement
1535,True,0.1835543450840246,0.1835543450840246,1.0,False,764.0,False,115.173105768026,loose_placement
1537,True,0.0,0.0,0.0,False,,False,122.65015936101776,loose_placement
1538,True,0.29859357402654785,0.29859357402654785,1.0,False,1958.0,True,83.3876229589139,loose_placement
1539,True,0.2858932489242791,0.2858932489242791,1.0,False,1931.0,False,63.99109392392791,loose_placement
1540,True,0.2759202119808615,0.6769385226888763,4.0,False,3249.0,True,349.3875654590105,traced_merged_cells
1541,True,0.21315075532106498,0.21315075532106498,1.0,False,7168.0,False,100.40337116945936,loose_placement
1542,True,0.0,0.0,0.0,False,,False,92.88757536641225,loose_placement
1543,True,0.1537908756147065,0.34698982001417666,4.0,False,4867.0,False,488.77468529321453,loose_placement
1544,True,0.11700250342335447,0.17550533865832094,2.0,False,5864.0,False,480.9325024173888,loose_placement
1546,True,0.34207146026099744,0.34460932185009246,2.0,False,1781.0,True,138.3759878552314,loose_placement
1548,True,0.18403517440352662,0.0,0.0,False,4124.0,False,70.0595241963832,loose_placement
1549,True,0.34791875306390907,0.6695227635241598,4.0,False,3339.0,False,536.2274564462264,traced_merged_cells
1552,True,0.5264720086849823,0.5264720086849823,1.0,False,2560.0,False,105.43862481011874,traced_single_cell
1553,True,0.0,0.0,0.0,False,,False,106.5254899959032,loose_placement
1554,True,0.4871734865818811,0.4871734865818811,1.0,False,7332.0,False,117.37814193064456,loose_placement
1555,True,0.42775889347066604,0.42775889347066604,1.0,False,6564.0,False,93.39025321961574,loose_placement
1556,True,0.0,0.0,0.0,False,,False,190.03854989838123,loose_placement
1558,True,0.21044279961338277,0.2391825758257204,2.0,False,4472.0,False,132.42901171264342,loose_placement
1559,False,,,,,,,,off_plate
1560,False,,,,,,,,off_plate
1561,True,0.1954389924027498,0.22593887543708824,2.0,False,4197.0,False,522.8821528799498,loose_placement
1563,True,0.3444813490212638,0.3444813490212638,1.0,False,1112.0,False,100.58843375358144,loose_placement
1567,True,0.00573488148396992,0.0,0.0,False,7539.0,False,152.95734523636654,loose_placement
1593,True,0.0,0.0,0.0,False,,False,119.84863096595859,loose_placement
1594,True,0.4312673335630643,0.4312673335630643,1.0,False,1987.0,True,152.54840322194354,loose_placement
1595,True,0.17914734207108138,0.0,0.0,False,1931.0,False,67.0246590657411,loose_placement
1596,True,0.4644951428528675,0.379398235483555,2.0,False,3278.0,True,172.18130839601943,loose_placement
1597,True,0.21232434923959223,0.21232434923959223,1.0,False,7175.0,False,67.42586406175239,loose_placement
1598,True,0.0,0.0,0.0,False,,False,436.82115820576905,loose_placement
1599,True,0.5020537066322093,0.4327210794843683,2.0,False,4833.0,False,107.2724650325577,traced_single_cell
1600,True,0.5157460803348497,0.5255216528555383,2.0,False,5876.0,False,192.02867554328654,traced_single_cell
1602,True,0.36208611173986976,0.26218275498528054,4.0,False,1747.0,True,138.7170567019978,loose_placement
1604,True,0.37782595727975427,0.5602148516692211,3.0,False,4104.0,False,275.508068620535,traced_merged_cells
1605,True,0.274367452173384,0.29183155169412234,2.0,False,3479.0,False,113.56438699050648,loose_placement
1608,True,0.29081475189810846,0.5065756215488861,3.0,False,2642.0,False,117.05137933122396,traced_merged_cells
1609,True,0.0,0.0,0.0,False,,False,97.35852032998791,loose_placement
1610,True,0.4130722204609789,0.4130722204609789,1.0,False,7305.0,False,129.3041191833286,loose_placement
1611,True,0.4588310114474961,0.44353444959952626,2.0,False,6534.0,False,154.00164659769857,loose_placement
1612,True,0.0,0.0,0.0,False,,False,95.06701912167146,loose_placement
1616,False,,,,,,,,off_plate
1617,True,0.17990120194851458,0.17990120194851458,1.0,False,4085.0,False,227.62207247004164,loose_placement
1619,True,0.25877539083655815,0.4347632203356277,3.0,False,1112.0,False,180.26053239764647,loose_placement
1622,False,,,,,,,,off_plate
1623,True,0.24828900594911085,0.2666255981434518,2.0,False,7559.0,False,112.92145147343801,loose_placement
1649,True,0.0,0.0,0.0,False,,False,113.88997346093088,loose_placement
1650,True,0.37854391629943746,0.37854391629943746,1.0,False,2036.0,True,152.48287724349598,loose_placement
1651,True,0.2171745979218945,0.2171745979218945,1.0,False,1893.0,False,54.150450251217286,loose_placement
1653,True,0.11931389454252048,0.0,0.0,False,7183.0,False,61.21702306015981,loose_placement
1654,True,0.022655411753509665,0.0,0.0,False,2806.0,False,103.01082404131496,loose_placement
1655,True,0.39989070995245707,0.39989070995245707,1.0,False,4817.0,False,65.00045821605553,loose_placement
1656,True,0.35644487633918304,0.35644487633918304,1.0,False,5886.0,False,117.67541758461215,loose_placement
1658,True,0.3645362410790472,0.38815152707128664,2.0,False,1712.0,True,138.0107025531888,loose_placement
1659,True,0.0,0.0,0.0,False,,False,116.68630988058344,loose_placement
1660,True,0.32513494918204994,0.32513494918204994,1.0,False,4062.0,False,66.62925878570516,loose_placement
1661,True,0.47403554827975064,0.47403554827975064,1.0,False,3479.0,False,112.22551987354298,loose_placement
1664,True,0.15065782180554219,0.1726741242529898,2.0,False,2693.0,False,483.98519808966523,loose_placement
1665,True,0.17525341923141996,0.426696416343501,3.0,False,6833.0,False,447.4396581784481,loose_placement
1667,True,0.5775407397367155,0.5775407397367155,1.0,False,6507.0,False,155.89049378866767,traced_single_cell
1668,True,0.30872335036829324,0.30872335036829324,1.0,False,442.0,False,121.18055844750224,loose_placement
1670,True,0.0,0.0,0.0,True,,False,230.5466337840094,blank_plate
1673,True,0.11234871125223328,0.11234871125223328,1.0,False,4043.0,False,321.27696098128655,loose_placement
1675,True,0.26305970117837957,0.28228018870469107,2.0,False,1101.0,True,95.46417294390683,loose_placement
1677,True,0.23901683591416262,0.23210271805672025,2.0,False,5219.0,False,95.98152763930882,loose_placement
1678,False,,,,,,,,off_plate
1679,True,0.24450610748434895,0.24971977871939488,2.0,False,7544.0,False,115.01325732473836,loose_placement
1705,True,0.0,0.0,0.0,False,,False,122.67355981922248,loose_placement
1707,True,0.24028213390036243,0.24028213390036243,1.0,False,1893.0,False,63.43316756438971,loose_placement
1708,False,,,,,,,,off_plate
1709,True,0.4080881052609927,0.4028533549942943,2.0,False,7183.0,False,265.64556176087245,loose_placement
1710,True,0.05064987683884559,0.0,0.0,False,2745.0,False,175.34108424146044,loose_placement
1711,True,0.44971082474232743,0.44971082474232743,1.0,False,4787.0,False,108.06128037620417,loose_placement
1712,True,0.5654707978062705,0.5504238210973389,2.0,False,5898.0,False,112.47252328217454,traced_single_cell
1713,False,,,,,,,,off_plate
1714,True,0.15473462285099376,0.15473462285099376,1.0,False,1722.0,True,137.0141510495947,loose_placement
1715,True,0.07638213248448343,0.0,0.0,False,6289.0,False,107.42810877444187,loose_placement
1716,True,0.24679252022591078,0.7780787145960288,4.0,False,4008.0,False,477.34220186608786,traced_merged_cells
1717,True,0.414456114305179,0.414456114305179,1.0,False,3556.0,False,93.50103312519768,loose_placement
1718,True,0.1785518253708102,0.22166945352256376,2.0,False,171.0,False,373.0701796162248,loose_placement
1720,True,0.0,0.0,0.0,False,,False,111.25698377565303,loose_placement
1721,True,0.5143331503412295,0.5143331503412295,1.0,False,6765.0,False,67.10848013297375,traced_single_cell
1723,True,0.5634685181584767,0.5634685181584767,1.0,False,6481.0,False,220.34757696649677,traced_single_cell
1727,False,,,,,,,,off_plate
1729,True,0.28482643555432535,0.439822884353486,2.0,False,3945.0,False,587.4529004778609,loose_placement
1731,True,0.35725003242477676,0.4100188821384235,3.0,False,1069.0,True,107.87599723150622,loose_placement
1733,True,0.47846913834590615,0.47846913834590615,1.0,False,5219.0,False,109.8071606813808,loose_placement
1735,True,0.18943625400311867,0.18943625400311867,1.0,False,7538.0,False,45.54993119155259,loose_placement
1760,True,0.0,0.0,0.0,True,,False,97.91045344391878,blank_plate
1761,True,0.04944925291126664,0.0,0.0,False,4876.0,False,107.65494660189847,loose_placement
1763,True,0.22320649700295556,0.22320649700295556,1.0,False,1866.0,False,59.45133312741151,loose_placement
1764,False,,,,,,,,off_plate
1765,True,0.5074404750337563,0.5074404750337563,1.0,False,6883.0,False,112.92537056773244,traced_single_cell
1766,True,0.08691567400514222,0.0,0.0,False,2687.0,False,187.33505378677353,loose_placement
1767,True,0.3077470727486147,0.3077470727486147,1.0,False,4778.0,False,121.45883606147054,loose_placement
1768,True,0.38617461338725734,0.4195156196343464,2.0,False,5911.0,False,120.10209028367875,loose_placement
1770,True,0.15031437787142715,0.0,0.0,False,1552.0,True,121.77108289812251,loose_placement
1771,True,0.31150669928047114,0.39533704007934456,2.0,False,6310.0,False,124.93946293492252,loose_placement
1772,True,0.5189790433018805,0.5189790433018805,1.0,False,4015.0,False,121.72632204716992,traced_single_cell
1774,True,0.0,0.0,0.0,False,,False,219.08358607233737,loose_placement
1775,True,0.14773334821876105,0.22245781060278544,4.0,False,7268.0,False,460.662942120145,loose_placement
1776,True,0.5736153268666374,0.5736153268666374,1.0,False,2579.0,False,124.18612270499082,traced_single_cell
1777,True,0.08175894824197874,0.0,0.0,False,6765.0,False,117.63648240973932,loose_placement
1779,True,0.4468494864097676,0.4428506445626872,2.0,False,6464.0,False,112.87393130351094,loose_placement
1781,True,0.0,0.0,0.0,False,,False,113.39318694681398,loose_placement
1785,True,0.34284512192631555,0.3905673589830071,2.0,False,3833.0,False,199.272782268912,loose_placement
1787,True,0.3782205768005808,0.4847005217260436,2.0,False,1051.0,True,118.70331596893769,loose_placement
1789,True,0.5318214725730108,0.5318214725730108,1.0,False,5261.0,False,105.4208090296037,traced_single_cell
1791,True,0.17352554437556988,0.17352554437556988,1.0,False,7538.0,False,64.41907108663962,loose_placement
1816,True,0.0,0.0,0.0,True,,False,412.6097416856027,blank_plate
1817,True,0.037949536400305545,0.0,0.0,False,4899.0,False,119.78944070992247,loose_placement
1819,True,0.2856022175545904,0.2856022175545904,1.0,False,1866.0,False,66.38271994991076,loose_placement
1820,False,,,,,,,,off_plate
1821,True,0.18355724282771688,0.0,0.0,False,6920.0,False,60.4827739919985,loose_placement
1822,True,0.2544839413757429,0.27793812516937383,2.0,False,2517.0,False,314.38278208577475,loose_placement
1823,True,0.290939498580335,0.290939498580335,1.0,False,4743.0,False,124.18900841818969,loose_placement
1824,True,0.4606477280134676,0.4377111736609013,2.0,False,5937.0,False,119.94643839064287,loose_placement
1826,True,0.27238499753374174,0.33726480675124476,2.0,False,1546.0,True,153.8699062452173,loose_placement
1827,True,0.3676341415002572,0.3676341415002572,1.0,False,6321.0,False,66.53772576998963,loose_placement
1828,True,0.30571130452555195,0.28422383119456895,2.0,False,4078.0,False,114.68012367554081,loose_placement
1829,True,0.0,0.0,0.0,True,,False,84.86764625010072,blank_plate
1830,True,0.0,0.0,0.0,False,,False,124.00245734129311,loose_placement
1831,True,0.269199347104502,0.23064440382754023,3.0,False,7218.0,False,108.95830498164638,loose_placement
1832,True,0.5080593134940509,0.5080593134940509,1.0,False,2540.0,False,121.54069638285719,traced_single_cell
1833,True,0.0,0.0,0.0,False,,False,58.429233619685824,loose_placement
1835,True,0.2835894130311426,0.3510541344791757,2.0,False,6380.0,False,95.53833758486552,loose_placement
1836,True,0.0,0.0,0.0,False,,False,115.43852833932873,loose_placement
1837,True,0.0,0.0,0.0,False,,False,131.84499659026673,loose_placement
1838,True,0.0,0.0,0.0,False,,False,105.62128325827756,loose_placement
1841,True,0.2561421218399112,0.3064142526498432,2.0,False,3699.0,False,144.50848469036734,loose_placement
1843,True,0.3456573826148537,0.42589445890992467,2.0,False,1060.0,True,118.0016801211495,loose_placement
1844,True,0.34602891354034104,0.34602891354034104,1.0,False,5018.0,False,122.04125412321163,loose_placement
1845,True,0.31720914498319325,0.6602937074812525,3.0,False,5281.0,False,404.49679306434064,traced_merged_cells
1847,True,0.267791665077552,0.267791665077552,1.0,False,7528.0,False,66.81448021454011,loose_placement
1872,True,0.0,0.0,0.0,True,,False,104.2127965037809,blank_plate
1873,True,0.06873667161357067,0.06873667161357067,1.0,False,4920.0,False,406.72755393641546,loose_placement
1875,True,0.19415653020083248,0.19415653020083248,1.0,False,1838.0,False,66.08296878602957,loose_placement
1876,False,,,,,,,,off_plate
1877,True,0.6128618305194258,0.6128618305194258,1.0,False,6972.0,False,120.00270750336897,traced_single_cell
1878,True,0.0,0.0,0.0,False,,False,95.8237257515757,loose_placement
1879,True,0.08685754808031192,0.0,0.0,False,4713.0,False,124.31322883660867,loose_placement
1880,True,0.5598534793831205,0.5598534793831205,1.0,False,5931.0,False,117.10618562045379,traced_single_cell
1882,True,0.3085624177413331,0.49029952187065357,4.0,False,1573.0,True,199.40983273712698,loose_placement
1883,True,0.2761040987282798,0.2761040987282798,1.0,False,6349.0,False,117.96948361984575,loose_placement
1884,True,0.32848358399330596,0.32848358399330596,1.0,False,4078.0,False,66.4488764011069,loose_placement
1885,True,0.0,0.0,0.0,True,,False,136.23071505081762,blank_plate
1887,True,0.33438659302554175,0.33438659302554175,1.0,False,7194.0,False,106.57820900806847,loose_placement
1888,True,0.1468735649435681,0.2078224763255744,2.0,False,2540.0,False,113.88792779583831,loose_placement
1889,True,0.0,0.0,0.0,False,,False,100.08647293630285,loose_placement
1891,True,0.2942246002028621,0.37144370420816125,2.0,False,6348.0,False,114.84940557856687,loose_placement
1892,True,0.0,0.0,0.0,False,,False,95.38496012002257,loose_placement
1894,True,0.3819616832340962,0.3819616832340962,1.0,False,1667.0,False,134.63904890651474,loose_placement
1897,True,0.36684206112461665,0.3961133739722445,2.0,False,3636.0,False,208.94176390229535,loose_placement
1900,True,0.31088207876159,0.31088207876159,1.0,False,4987.0,False,106.65933449285332,loose_placement
1901,True,0.0845818624693085,0.0,0.0,False,5143.0,False,115.89771042258756,loose_placement
1903,True,0.22194242325536626,0.22194242325536626,1.0,False,7520.0,False,47.72829160566345,loose_placement
1927,True,0.5554709003797885,0.5554709003797885,1.0,False,659.0,False,161.46780449824286,traced_single_cell
1928,True,0.0,0.0,0.0,True,,False,115.64280633034993,blank_plate
1929,True,0.0,0.0,0.0,False,,False,224.93658580586145,loose_placement
1931,True,0.16899814046082615,0.16899814046082615,1.0,False,1838.0,False,66.52949129158348,loose_placement
1932,False,,,,,,,,off_plate
1933,True,0.06614071411057218,0.0,0.0,False,6858.0,False,64.37013194846742,loose_placement
1934,True,0.0,0.0,0.0,False,,False,126.02462658491041,loose_placement
1935,True,0.15692647222046457,0.15692647222046457,1.0,False,4713.0,False,68.70616739691171,loose_placement
1936,True,0.5577652379646751,0.5577652379646751,1.0,False,5949.0,False,101.86619228547545,traced_single_cell
1938,True,0.3341998937509834,0.38066373200501513,2.0,False,1536.0,True,120.28760587319476,loose_placement
1939,True,0.2859618091517515,0.30100866208024996,2.0,False,6349.0,False,111.1932000887606,loose_placement
1940,True,0.21985520270257736,0.0,0.0,False,4141.0,False,70.13926975625465,loose_placement
1941,True,0.0,0.0,0.0,True,,False,122.96436695207787,blank_plate
1943,True,0.22315868434764746,0.54723813194423,5.0,False,7166.0,False,578.0611016525999,traced_merged_cells
1944,True,0.23830071122144306,0.32868320698761694,2.0,False,2472.0,False,118.73365179861946,loose_placement
1945,True,0.0,0.0,0.0,False,,False,116.81363498022019,loose_placement
1947,True,0.2685646368959158,0.33497898489516986,2.0,False,6319.0,False,104.24723228571686,loose_placement
1948,True,0.21353477895210313,0.38434033776136317,2.0,False,541.0,False,366.6234007422722,loose_placement
1950,True,0.0,0.0,0.0,False,,False,96.47187105328982,loose_placement
1953,True,0.4672063239730124,0.4672063239730124,1.0,False,3577.0,False,153.12357578314632,loose_placement
1956,True,0.32821526848781224,0.32821526848781224,1.0,False,4968.0,False,130.8118229380935,loose_placement
1957,True,0.08180573908808458,0.0,0.0,False,5143.0,False,117.52953852862623,loose_placement
1959,True,0.14081250213956473,0.0,0.0,False,7516.0,False,60.02182720151729,loose_placement
1983,True,0.5964028113424481,0.5964028113424481,1.0,False,680.0,False,165.7781768674725,traced_single_cell
1984,True,0.0,0.0,0.0,True,,False,173.96677890501823,blank_plate
1985,True,0.0,0.0,0.0,True,,False,162.04795877452378,blank_plate
1986,True,0.1768423138621168,0.20512080963302845,2.0,False,2273.0,True,208.26210436437557,loose_placement
1987,True,0.07357392039257217,0.0,0.0,False,1825.0,False,59.91387731245154,loose_placement
1989,True,0.0735766593468651,0.0,0.0,False,6718.0,False,92.5052841675623,loose_placement
1990,True,0.21153175040999986,0.21153175040999986,1.0,False,2287.0,False,105.17279275475002,loose_placement
1991,True,0.17024561379322806,0.17024561379322806,1.0,False,4699.0,False,64.10544129407876,loose_placement
1992,True,0.4226022301499169,0.4226022301499169,1.0,False,5971.0,False,105.06371351162696,loose_placement
1994,True,0.35756401418153616,0.5300854894504892,3.0,False,1509.0,True,142.11564733645477,traced_merged_cells
1996,True,0.336446341008986,0.336446341008986,1.0,False,4141.0,False,65.76039546760883,loose_placement
1999,True,0.34426375905244555,0.43953790297801215,2.0,False,7235.0,False,135.43644647108397,loose_placement
2000,True,0.6012022726790573,0.5333503450910714,2.0,False,2454.0,False,116.6052546395472,traced_single_cell
2001,True,0.0,0.0,0.0,False,,False,64.16200205021849,loose_placement
2002,True,0.0,0.0,0.0,True,,False,132.2024710854255,blank_plate
2003,True,0.3300170142903646,0.35060286820972286,2.0,False,6319.0,False,115.95648164777809,loose_placement
2004,True,0.554937265739789,0.7448622613706503,2.0,False,565.0,False,131.62895591365555,traced_single_cell
2005,True,0.0,0.0,0.0,False,,False,229.02078714095617,loose_placement
2006,True,0.0,0.0,0.0,False,,False,170.36642925084664,loose_placement
2009,True,0.4668502944129472,0.4668502944129472,1.0,False,3517.0,False,143.68191569498876,loose_placement
2011,True,0.34846345494789355,0.34846345494789355,1.0,False,5476.0,False,121.70518270303953,loose_placement
2012,True,0.27084945261317406,0.27084945261317406,1.0,False,4945.0,False,108.439252654781,loose_placement
2013,True,0.07431476430855005,0.0,0.0,False,5143.0,False,114.26279857831128,loose_placement
2015,True,0.23317092876482579,0.23317092876482579,1.0,False,7516.0,False,51.379114133098625,loose_placement
2040,True,0.0,0.0,0.0,True,,False,172.09792171153893,blank_plate
2042,True,0.1495489420374575,0.0,0.0,False,2310.0,True,204.01909729125288,loose_placement
2043,True,0.09847131543096076,0.0,0.0,False,1825.0,False,49.92195442005639,loose_placement
2045,True,0.18928869879595245,0.18928869879595245,1.0,False,6803.0,False,59.2930707766656,loose_placement
2047,True,0.09029397010611434,0.14438439057991384,2.0,False,4690.0,False,164.42339039708818,loose_placement
2048,True,0.1516816045066248,0.0,0.0,False,5971.0,False,112.94555009662393,loose_placement
2050,True,0.251023834353634,0.31351194367664975,3.0,False,1476.0,True,120.04169107142405,loose_placement
2052,True,0.3208003471956573,0.335904007641396,2.0,False,4220.0,False,127.37168524973941,loose_placement
2055,True,0.10703188607250877,0.0,0.0,False,7269.0,False,108.60164358099561,loose_placement
2056,True,0.0,0.0,0.0,False,,False,112.07604715285763,loose_placement
2057,True,0.24925161379815733,0.24925161379815733,1.0,False,6531.0,False,209.4939451297498,loose_placement
2058,True,0.0,0.0,0.0,True,,False,139.21874368510183,blank_plate
2059,True,0.276719159873699,0.6579507650273809,5.0,False,6245.0,False,372.5065766388003,traced_merged_cells
2060,True,0.7590039311580316,0.7590039311580316,1.0,False,594.0,False,96.6939595163029,traced_single_cell
2061,True,0.0,0.0,0.0,False,,False,104.07962813287868,loose_placement
2062,True,0.0,0.0,0.0,False,,False,109.02466543425092,loose_placement
2065,True,0.4465889210056,0.4465889210056,1.0,False,3460.0,False,146.14479021034447,loose_placement
2066,True,0.0,0.0,0.0,True,,False,123.38311800425402,blank_plate
2067,True,0.34291498107564944,0.34291498107564944,1.0,False,5508.0,False,130.92595161421374,loose_placement
2068,True,0.31097047632301034,0.31097047632301034,1.0,False,4737.0,False,185.54373051110252,loose_placement
2069,True,0.11198388744547885,0.11198388744547885,1.0,False,5515.0,False,469.2973943730328,loose_placement
2071,True,0.24641468978758813,0.24641468978758813,1.0,False,7505.0,False,55.63739343354262,loose_placement
2098,True,0.12583680213597734,0.18320020239094403,2.0,False,2367.0,False,491.2444574980949,loose_placement
2099,True,0.0801777480323523,0.0,0.0,False,1825.0,False,109.56483092224043,loose_placement
2103,True,0.0,0.0,0.0,False,,False,117.56809136996047,loose_placement
2104,True,0.45042029824312163,0.45042029824312163,1.0,False,5991.0,False,123.73749309246963,loose_placement
2106,True,0.36763998006751375,0.36763998006751375,1.0,False,1476.0,True,120.43148226312586,loose_placement
2108,True,0.4685346116671563,0.4685346116671563,1.0,False,4220.0,False,108.28849213774578,loose_placement
2111,True,0.24529512723685135,0.324399740632051,2.0,False,7285.0,False,529.9246896206585,loose_placement
2112,True,0.22478107691154386,0.22478107691154386,1.0,False,2399.0,False,109.40161084751628,loose_placement
2113,True,0.36015779182194263,0.36015779182194263,1.0,False,6524.0,False,132.0160503584593,loose_placement
2114,True,0.0,0.0,0.0,True,,False,136.01496341901236,blank_plate
2115,True,0.4012519589912173,0.4012519589912173,1.0,False,6325.0,False,112.41991054321842,loose_placement
2116,True,0.3009012159282469,0.3009012159282469,1.0,False,627.0,False,109.6432729399973,loose_placement
2117,True,0.0,0.0,0.0,False,,False,112.83468994672069,loose_placement
2118,True,0.0,0.0,0.0,False,,False,171.55980528780924,loose_placement
2121,True,0.5701511219222806,0.6494659332300979,2.0,False,3321.0,False,445.59935768879427,traced_single_cell
2122,True,0.0,0.0,0.0,True,,False,77.64448330089937,blank_plate
2123,True,0.3211266450833191,0.3211266450833191,1.0,False,5532.0,False,165.19778433268442,loose_placement
2124,True,0.0,0.0,0.0,False,,False,119.0063539391923,loose_placement
2125,True,0.021257927575711686,0.0,0.0,False,5143.0,False,122.42116519432248,loose_placement
2127,True,0.14590821935833415,0.0,0.0,False,7505.0,False,61.65129445318084,loose_placement
2151,True,0.16235870333602986,0.46852631100053393,3.0,False,817.0,False,520.9905753785167,loose_placement
2154,True,0.2154091802811304,0.30199591492094796,2.0,False,2552.0,False,146.5531083534243,loose_placement
2155,True,0.12627048376561362,0.12627048376561362,1.0,False,1714.0,False,54.61895249149327,loose_placement
2158,True,0.0,0.0,0.0,False,,False,120.31587851965749,loose_placement
2159,True,0.0,0.0,0.0,False,,False,148.98448870221685,loose_placement
2160,True,0.2068753465958191,0.23380348484793992,2.0,False,6014.0,False,109.09635143155491,loose_placement
2162,True,0.4888624877717134,0.4888624877717134,1.0,False,1450.0,True,132.80528754133138,loose_placement
2164,True,0.46437690148746263,0.46437690148746263,1.0,False,4309.0,False,109.93600037117695,loose_placement
2167,True,0.20524897284752114,0.20524897284752114,1.0,False,7330.0,False,119.17361019539545,loose_placement
2168,True,0.5643074339302749,0.4849717286790067,2.0,False,2379.0,False,118.06993877321003,traced_single_cell
2169,True,0.27711691927339993,0.27711691927339993,1.0,False,6514.0,False,60.802794475872076,loose_placement
2171,True,0.1291803757302788,0.20708519476248027,2.0,False,6364.0,False,339.3054941593006,loose_placement
2172,True,0.306678503323845,0.5293950048480215,6.0,False,645.0,False,382.1747825770776,traced_merged_cells
2173,True,0.03171979017661946,0.0,0.0,False,4344.0,False,110.53539589487787,loose_placement
2174,True,0.0,0.0,0.0,False,,False,92.00306050132724,loose_placement
2175,False,,,,,,,,off_plate
2177,True,0.3850263650467768,0.35008569403646106,2.0,False,3455.0,False,133.9699341334119,loose_placement
2178,True,0.0,0.0,0.0,True,,False,69.69241212876987,blank_plate
2179,True,0.34117558258000685,0.34117558258000685,1.0,False,5563.0,False,169.2650159973614,loose_placement
2181,True,0.0,0.0,0.0,False,,False,117.75069305973196,loose_placement
2183,True,0.11487706367129175,0.11487706367129175,1.0,False,7488.0,False,236.42892740398554,loose_placement
2210,True,0.2724582391362446,0.3701848745826895,2.0,False,2552.0,False,143.69561517813548,loose_placement
2211,True,0.2027950544250828,0.2027950544250828,1.0,False,1714.0,False,59.892476566365374,loose_placement
2214,True,0.0,0.0,0.0,False,,False,127.02819629006738,loose_placement
2215,True,0.0,0.0,0.0,False,,False,427.7100130295153,loose_placement
2216,True,0.13356964329800433,0.2775490393908416,4.0,False,6104.0,False,375.6374972872949,loose_placement
2218,True,0.4360987116726736,0.3948936910471589,2.0,False,1435.0,True,139.55347754580035,loose_placement
2220,True,0.287364530427255,0.2962321475954101,2.0,False,4309.0,False,118.55591035292882,loose_placement
2223,True,0.1864895399807207,0.32162047137052,2.0,False,7378.0,False,470.2300486387113,loose_placement
2224,True,0.46809799291384907,0.368691999715275,2.0,False,2351.0,False,117.08036611104811,loose_placement
2225,True,0.18200788836530307,0.18200788836530307,1.0,False,6514.0,False,125.9643634078432,loose_placement
2227,True,0.2947454900783363,0.2947454900783363,1.0,False,6388.0,False,112.09936442992901,loose_placement
2228,True,0.22421163575724576,0.30152488261453564,4.0,False,612.0,False,115.0265085972863,loose_placement
2229,True,0.046813175182803826,0.0,0.0,False,4344.0,False,464.43952892153305,loose_placement
2230,True,0.0,0.0,0.0,False,,False,172.78152974612183,loose_placement
2231,False,,,,,,,,off_plate
2233,True,0.4801230040822892,0.5029868989492886,2.0,False,3495.0,False,184.67868674392892,traced_merged_cells
2234,True,0.0,0.0,0.0,True,,False,77.90182828634221,blank_plate
2235,True,0.21867864652021424,0.21867864652021424,1.0,False,5586.0,False,96.7034018207259,loose_placement
2239,True,0.015880045358466686,0.0,0.0,False,7469.0,False,57.111840780416614,loose_placement
2265,False,,,,,,,,off_plate
2266,True,0.18281893481920417,0.3712332892033522,4.0,False,2672.0,False,534.3529297671186,loose_placement
2267,True,0.06570199729487276,0.0,0.0,False,1794.0,False,267.3447528469608,loose_placement
2268,True,0.0,0.0,0.0,True,,False,334.76222800793647,blank_plate
2270,True,0.0,0.0,0.0,False,,False,118.54988347525853,loose_placement
2271,True,0.04769669744765541,0.0,0.0,False,4440.0,False,119.8629835087638,loose_placement
2272,True,0.2907037285780787,0.2907037285780787,1.0,False,6125.0,False,118.11196381680855,loose_placement
2274,True,0.4206313941315364,0.4933685933711237,2.0,False,1405.0,True,135.39386886159556,loose_placement
2276,True,0.4963148117155332,0.4963148117155332,1.0,False,4388.0,False,119.97560953033965,loose_placement
2279,True,0.5036017458861907,0.5036017458861907,1.0,False,7345.0,False,101.74891272686152,traced_single_cell
2280,True,0.2172378997519605,0.2172378997519605,1.0,False,2333.0,False,123.27917535665384,loose_placement
2281,True,0.3713790833210124,0.3713790833210124,1.0,False,6505.0,False,61.22082120574716,loose_placement
2283,True,0.2305946675417727,0.2305946675417727,1.0,False,6420.0,False,68.94912124144857,loose_placement
2284,True,0.20669512729029973,0.26364777240153453,4.0,False,612.0,False,104.24673638403081,loose_placement
2285,True,0.2665525642374784,0.2952863204569866,2.0,False,4521.0,False,115.1754345058359,loose_placement
2286,True,0.0,0.0,0.0,False,,False,109.8540656020338,loose_placement
2287,False,,,,,,,,off_plate
2288,True,0.2870366784957977,0.2870366784957977,1.0,False,6345.0,False,132.86286383507908,loose_placement
2289,True,0.4479320942098522,0.3617691330058652,2.0,False,3551.0,False,127.33433158666654,loose_placement
2291,True,0.27407875143785027,0.27407875143785027,1.0,False,5586.0,False,126.793927848732,loose_placement
2321,False,,,,,,,,off_plate
2322,True,0.44066398759997233,0.44066398759997233,1.0,False,2686.0,False,82.90657875040775,loose_placement
2323,True,0.3653026726287236,0.3653026726287236,1.0,False,1794.0,False,64.37360005803158,loose_placement
2326,True,0.0,0.0,0.0,False,,False,111.42584791502934,loose_placement
2327,True,0.24784009891732617,0.24784009891732617,1.0,False,4410.0,False,69.71479058495532,loose_placement
2328,True,0.3796363795274879,0.5085827315288354,2.0,False,6166.0,False,162.6479840003812,traced_merged_cells
2330,True,0.22776594408125142,0.3976018511676418,3.0,False,1375.0,True,401.0632985817598,loose_placement
2331,True,0.19958701835148884,0.2315171384611948,2.0,False,6116.0,False,396.19049203491505,loose_placement
2335,True,0.1591099492793691,0.0,0.0,False,7268.0,False,134.27098918189304,loose_placement
2337,True,0.2569261105502916,0.2569261105502916,1.0,False,6497.0,False,102.23909199616861,loose_placement
2339,True,0.19139927036332152,0.19139927036332152,1.0,False,6462.0,False,115.36992262972231,loose_placement
2340,True,0.2934679916976986,0.3919811329380681,2.0,False,608.0,False,131.8129848426938,loose_placement
2341,True,0.24698089167555615,0.24698089167555615,1.0,False,4547.0,False,99.432646007854,loose_placement
2342,True,0.0,0.0,0.0,False,,False,115.19307272481281,loose_placement
2343,False,,,,,,,,off_plate
2344,True,0.5077793573957311,0.482425257076635,2.0,False,6242.0,False,132.88173592608496,traced_single_cell
2345,True,0.37749124985899213,0.4220939042212264,2.0,False,3602.0,False,143.3171738744117,loose_placement
2347,True,0.32746589737819637,0.32746589737819637,1.0,False,5620.0,False,122.32348975493623,loose_placement
2348,True,0.238567956525533,0.23797081175792412,2.0,False,4592.0,False,401.85343489146385,loose_placement
2351,True,0.38596152250476706,0.7016933059077748,3.0,False,6786.0,False,354.3621027630903,traced_merged_cells
2377,False,,,,,,,,off_plate
2378,True,0.5649982805602151,0.5649982805602151,1.0,False,2666.0,False,132.19935243080477,traced_single_cell
2379,True,0.16311009194172968,0.0,0.0,False,1854.0,False,51.224411583811566,loose_placement
2382,True,0.0,0.0,0.0,False,,False,173.264216420261,loose_placement
2383,True,0.22053243847721773,0.36831019949140476,3.0,False,4272.0,False,368.61754021292427,loose_placement
2384,True,0.37887332754920855,0.37887332754920855,1.0,False,6218.0,False,171.1570643305517,loose_placement
2386,True,0.21171258013037791,0.26493899524864456,2.0,False,1252.0,True,132.76269684890195,loose_placement
2387,True,0.2168223967618043,0.2168223967618043,1.0,False,6140.0,False,116.12353049484346,loose_placement
2388,True,0.43015670905538417,0.4832699444610232,2.0,False,5795.0,False,159.35041279817793,loose_placement
2391,True,0.17730968882216167,0.17730968882216167,1.0,False,7268.0,False,117.68974340499666,loose_placement
2393,True,0.27262171055119266,0.3577851596091427,2.0,False,6497.0,False,112.4686342923438,loose_placement
2395,True,0.08403471577212515,0.0,0.0,False,6462.0,False,64.95288977281609,loose_placement
2396,True,0.2928226475718312,0.2706978895827991,2.0,False,569.0,False,128.26866529783547,loose_placement
2397,True,0.18088495154435574,0.23015014205531342,2.0,False,4578.0,False,217.4223839725195,loose_placement
2398,True,0.0,0.0,0.0,False,,False,116.25480328630273,loose_placement
2399,False,,,,,,,,off_plate
2400,True,0.5737656970808761,0.5737656970808761,1.0,False,6135.0,False,135.24244575524654,traced_single_cell
2401,True,0.396651273859184,0.396651273859184,1.0,False,3602.0,False,113.520761033312,loose_placement
2403,True,0.2886818302001371,0.2886818302001371,1.0,False,5671.0,False,109.63589472637956,loose_placement
2404,True,0.12129443707935783,0.0,0.0,False,4651.0,False,246.62247688556636,loose_placement
2407,True,0.059187755398743304,0.0,0.0,False,6523.0,False,94.37507946270827,loose_placement
2433,False,,,,,,,,off_plate
2434,True,0.593456708262764,0.593456708262764,1.0,False,2623.0,False,126.16218396571594,traced_single_cell
2435,True,0.4087781783592803,0.4087781783592803,1.0,False,1854.0,False,62.487758938181166,loose_placement
2440,True,0.4105138957501941,0.35530014489320566,2.0,False,6253.0,False,133.08948686427613,loose_placement
2441,False,,,,,,,,off_plate
2443,True,0.2877439390244272,0.2877439390244272,1.0,False,6167.0,False,96.78102731055897,loose_placement
2444,True,0.369443557278103,0.369443557278103,1.0,False,5753.0,False,64.20681670562213,loose_placement
2449,True,0.4074363480246434,0.45589807874409205,2.0,False,6489.0,False,111.96571795801766,loose_placement
2451,True,0.14399683038628888,0.14399683038628888,1.0,False,6476.0,False,108.24381295242877,loose_placement
2452,True,0.2864695503902331,0.3275139713435642,2.0,False,567.0,False,109.35858340062357,loose_placement
2453,True,0.08997597028546311,0.0,0.0,False,4641.0,False,103.63199563225278,loose_placement
2454,True,0.0,0.0,0.0,False,,False,125.65644187881642,loose_placement
2455,False,,,,,,,,off_plate
2456,True,0.4645576144079695,0.49489409814429436,2.0,False,6095.0,False,141.62149434643732,loose_placement
2457,True,0.29704763846019483,0.6345892382838636,4.0,False,3645.0,False,500.6950458287029,traced_merged_cells
2459,True,0.2592791432431743,0.2559856431279595,2.0,False,5704.0,False,168.91073293496368,loose_placement
2460,True,0.10948960607172385,0.0,0.0,False,4737.0,False,113.02190265397203,loose_placement
2463,True,0.26404351155421735,0.26404351155421735,1.0,False,6523.0,False,425.1644395659809,loose_placement
2489,False,,,,,,,,off_plate
2490,True,0.6572242413021909,0.6572242413021909,1.0,False,2601.0,True,155.81639331234237,traced_single_cell
2491,True,0.10666457984023546,0.0,0.0,False,1854.0,False,54.04699106452223,loose_placement
2493,True,0.17367477846442225,0.0,0.0,False,6844.0,False,75.13752245951986,loose_placement
2495,True,0.3503719418603013,0.5586839572732466,2.0,False,5676.0,False,226.39091864469074,traced_merged_cells
2496,True,0.28188039847193574,0.595353754846654,3.0,False,6322.0,False,359.39403429569717,traced_merged_cells
2498,True,0.18112120475322838,0.18112120475322838,1.0,False,7217.0,False,158.9658666842388,loose_placement
2499,True,0.3414691187924155,0.3414691187924155,1.0,False,6204.0,False,106.33051311115062,loose_placement
2500,True,0.4996030250646817,0.4996030250646817,1.0,False,5716.0,False,90.95878041689859,loose_placement
2505,True,0.0,0.0,0.0,False,,False,59.39961537121445,loose_placement
2507,True,0.06734784525809143,0.0,0.0,False,6499.0,False,69.88060004597733,loose_placement
2509,True,0.0,0.0,0.0,False,,False,165.54912770618955,loose_placement
2512,True,0.45726570882973006,0.45726570882973006,1.0,False,6020.0,False,129.05589065316917,loose_placement
2513,True,0.4424273406759527,0.4424273406759527,1.0,False,3867.0,False,143.397540223258,loose_placement
2515,True,0.20736194365429592,0.20736194365429592,1.0,False,5704.0,False,108.60298949711213,loose_placement
2516,True,0.34708259590560203,0.35013847761255296,2.0,False,4759.0,False,184.71678925125508,loose_placement
2518,True,0.1779276825080297,0.1779276825080297,1.0,False,3842.0,False,153.00804699260036,loose_placement
2519,True,0.07510183650926097,0.0,0.0,False,6540.0,False,92.89021114235297,loose_placement
2545,False,,,,,,,,off_plate
2546,True,0.4589873068399835,0.5653932665515922,2.0,False,2571.0,True,208.0187197588693,traced_merged_cells
2547,True,0.47040497859410435,0.47040497859410435,1.0,False,1964.0,False,62.29442915973832,loose_placement
2549,True,0.5410784401887219,0.5410784401887219,1.0,False,6920.0,False,80.54300100016206,traced_single_cell
2552,True,0.3222059645038425,0.3222059645038425,1.0,False,6333.0,False,103.0827974523383,loose_placement
2554,True,0.23906814343522095,0.43329777366286687,3.0,False,7292.0,False,417.4465219570328,loose_placement
2555,True,0.2366169110996791,0.2366169110996791,1.0,False,6225.0,False,349.2999706825214,loose_placement
2559,True,0.35482539482363706,0.35482539482363706,1.0,False,4454.0,False,100.25260291225486,loose_placement
2561,True,0.0,0.0,0.0,False,,False,57.28027772067135,loose_placement
2563,True,0.07217910146334722,0.0,0.0,False,6517.0,False,65.16005204715977,loose_placement
2565,True,0.0,0.0,0.0,False,,False,140.76904179688958,loose_placement
2566,True,0.0,0.0,0.0,False,,False,121.91963330571657,loose_placement
2568,True,0.32440500407386486,0.32440500407386486,1.0,False,5900.0,False,158.44675909735957,loose_placement
2569,True,0.26303099215052955,0.4018742143951726,2.0,False,3912.0,False,139.2377825579189,loose_placement
2571,True,0.36739086546632865,0.36739086546632865,1.0,False,5741.0,False,180.9517673073473,loose_placement
2572,True,0.223163333556919,0.2413808586746081,2.0,False,4783.0,False,112.80694566955673,loose_placement
2574,True,0.13810752994098743,0.13810752994098743,1.0,False,3842.0,False,148.66876658093227,loose_placement
2575,True,0.23212093102262488,0.3168582215463272,3.0,False,6494.0,False,540.8113915703814,loose_placement
2600,True,0.13651509750278576,0.5407360451306179,7.0,False,6675.0,True,621.4992052640931,traced_merged_cells
2601,False,,,,,,,,off_plate
2602,True,0.5014179096067464,0.43943433706339485,3.0,False,2508.0,True,239.10431838728528,traced_single_cell
2603,True,0.28029634215715066,0.28029634215715066,1.0,False,2061.0,False,128.13105584213,loose_placement
2605,True,0.48607744758082716,0.48607744758082716,1.0,False,7010.0,False,66.64496177399585,loose_placement
2606,True,0.0,0.0,0.0,False,,False,177.4954060272594,loose_placement
2607,True,0.8376994801395995,0.8376994801395995,1.0,False,5606.0,False,106.90650101870268,traced_single_cell
2608,True,0.2018257837355234,0.2018257837355234,1.0,False,6333.0,False,110.84184870109792,loose_placement
2610,True,0.1831710513791158,0.5989306013628238,4.0,False,7232.0,False,381.32303239651895,traced_merged_cells
2611,True,0.22873593089467797,0.22873593089467797,1.0,False,6165.0,False,135.05036658780492,loose_placement
2612,True,0.22488976503243233,0.22488976503243233,1.0,False,5656.0,False,397.2698135695256,loose_placement
2615,True,0.3500735550052327,0.3500735550052327,1.0,False,4477.0,False,109.34746602596068,loose_placement
2616,True,0.34642977511829215,0.34642977511829215,1.0,False,2789.0,False,145.47439433648066,loose_placement
2617,True,0.1289516240055891,0.0,0.0,False,6488.0,False,57.15820319568737,loose_placement
2619,True,0.040414760299321145,0.0,0.0,False,6517.0,False,93.67336458642183,loose_placement
2621,True,0.0,0.0,0.0,False,,False,113.33276915472818,loose_placement
2622,True,0.0,0.0,0.0,False,,False,118.2114042459676,loose_placement
2624,True,0.0,0.0,0.0,False,,False,77.53139795507458,loose_placement
2625,True,0.05514784332818782,0.0,0.0,False,3938.0,False,140.08666189770574,loose_placement
2627,True,0.29192446004498673,0.29192446004498673,1.0,False,5775.0,False,94.7486572430538,loose_placement
2628,True,0.2997027019287901,0.2908565709276223,2.0,False,4822.0,False,122.99070352876524,loose_placement
2630,True,0.18463008134323847,0.18463008134323847,1.0,False,3921.0,False,144.36242823552385,loose_placement
2631,True,0.42043106059990804,0.57081990645098,2.0,False,6526.0,False,206.59564393261138,traced_merged_cells
2656,True,0.43010888212678283,0.43010888212678283,1.0,False,6841.0,True,161.4815762286776,loose_placement
2657,False,,,,,,,,off_plate
2659,True,0.09208152612355336,0.0,0.0,False,2061.0,False,56.5184774257849,loose_placement
2661,True,0.3277874942714384,0.3277874942714384,1.0,False,7040.0,False,90.13261456104462,loose_placement
2662,True,0.0,0.0,0.0,False,,False,187.80840525166371,loose_placement
2664,True,0.34903583115228765,0.34903583115228765,1.0,False,6340.0,False,125.16157389066201,loose_placement
2666,True,0.1324057406804585,0.0,0.0,False,7145.0,False,108.47881113589614,loose_placement
2667,True,0.2022883490573202,0.3204862137749167,4.0,False,6124.0,False,404.94768482695434,loose_placement
2668,True,0.059330791134872385,0.0,0.0,False,5720.0,False,94.13717128382956,loose_placement
2671,True,0.38962572157165215,0.3887602939360178,2.0,False,4487.0,False,119.44859005202075,loose_placement
2672,True,0.0,0.0,0.0,False,,False,175.4147436651311,loose_placement
2673,True,0.3856835090364918,0.3856835090364918,1.0,False,6488.0,False,66.83399710274499,loose_placement
2675,True,0.0,0.0,0.0,False,,False,131.05755171893753,loose_placement
2677,True,0.0,0.0,0.0,False,,False,120.37572177541715,loose_placement
2678,True,0.0,0.0,0.0,False,,False,122.86458890084478,loose_placement
2680,True,0.18248122089355023,0.18248122089355023,1.0,False,6461.0,False,77.27648722718297,loose_placement
2681,True,0.0,0.0,0.0,False,,False,135.4175803906963,loose_placement
2683,True,0.2755279535069805,0.2755279535069805,1.0,False,5803.0,False,131.17329993985766,loose_placement
2684,True,0.386643640944307,0.386643640944307,1.0,False,4849.0,False,113.66756658071067,loose_placement
2687,True,0.4497498562329406,0.5742093419936245,3.0,False,6624.0,False,353.75111097600103,traced_merged_cells
2712,True,0.41234705078066647,0.41234705078066647,1.0,False,6865.0,True,98.09981749012245,loose_placement
2715,True,0.3858117457932746,0.3858117457932746,1.0,False,2130.0,False,49.43286597520291,loose_placement
2717,True,0.36851169156919894,0.38142584736449076,2.0,False,7040.0,False,113.07460164786764,loose_placement
2718,True,0.04206095493565189,0.0,0.0,False,2178.0,False,119.77690575408018,loose_placement
2719,True,0.5168317136861991,0.5168317136861991,1.0,False,5557.0,False,56.69104123764364,traced_single_cell
2720,True,0.27131784843390394,0.27131784843390394,1.0,False,6346.0,False,123.80993333673356,loose_placement
2722,True,0.3625403573038976,0.3625403573038976,1.0,False,7145.0,False,117.80988949762894,loose_placement
2723,True,0.4336211619379658,0.42605501498844167,2.0,False,6090.0,False,113.72907398998917,loose_placement
2724,True,0.0588188861672333,0.0,0.0,False,5756.0,False,107.3424790933629,loose_placement
2728,True,0.0,0.0,0.0,False,,False,154.6506547056716,loose_placement
2731,True,0.0,0.0,0.0,False,,False,121.37479650569848,loose_placement
2733,True,0.0,0.0,0.0,False,,False,134.07405059233542,loose_placement
2734,True,0.0,0.0,0.0,False,,False,136.52835427440684,loose_placement
2736,True,0.2649210298431055,0.2649210298431055,1.0,False,6402.0,False,74.11499599241235,loose_placement
2737,True,0.0,0.0,0.0,False,,False,129.60002746447145,loose_placement
2738,True,0.0,0.0,0.0,True,,False,125.92290968120837,blank_plate
2739,True,0.24302167642942568,0.29729009330882417,2.0,False,5827.0,False,178.58218792916492,loose_placement
2740,True,0.5438293593601964,0.5438293593601964,1.0,False,4888.0,False,113.60254876492527,traced_single_cell
2743,True,0.3365143885020711,0.33275349128192494,2.0,False,6701.0,False,109.59200978175112,loose_placement
2768,True,0.326526392008637,0.4700896564504009,2.0,False,6938.0,True,119.58422954902386,loose_placement
2770,True,0.4660914713531563,0.6909975366667268,2.0,False,6264.0,False,105.41634490409744,traced_merged_cells
2771,True,0.3221037191714548,0.42380721412137295,2.0,False,2159.0,False,153.47015131084132,loose_placement
2773,True,0.40301829584876575,0.40301829584876575,1.0,False,7067.0,False,58.19700706754183,loose_placement
2774,True,0.08409418944262867,0.0,0.0,False,2099.0,False,121.51782163112752,loose_placement
2775,True,0.5747679274063244,0.5747679274063244,1.0,False,5530.0,False,65.32960078053468,traced_single_cell
2776,True,0.20511485784414238,0.20511485784414238,1.0,False,6346.0,False,117.2802436874033,loose_placement
2778,True,0.5706724283153037,0.5706724283153037,1.0,False,7116.0,False,116.9520042225864,traced_single_cell
2779,True,0.27924326670611066,0.3523443624346874,2.0,False,6055.0,False,120.44226978157037,loose_placement
2780,True,0.057608095914368766,0.0,0.0,False,5796.0,False,156.03779273760924,loose_placement
2784,True,0.0,0.0,0.0,False,,False,150.29968814533078,loose_placement
2787,True,0.0,0.0,0.0,False,,False,105.99614324389935,loose_placement
2789,True,0.0,0.0,0.0,False,,False,124.66411841700351,loose_placement
2790,True,0.0,0.0,0.0,False,,False,146.87382867189527,loose_placement
2792,True,0.12148858041279315,0.0,0.0,False,6345.0,False,74.76184649395086,loose_placement
2793,True,0.0,0.0,0.0,False,,False,114.94355925805633,loose_placement
2794,True,0.0,0.0,0.0,True,,False,138.59801430270676,blank_plate
2795,True,0.1705965602378058,0.4553749072668748,5.0,False,5889.0,False,449.97401194125433,loose_placement
2796,True,0.5669784651878862,0.5669784651878862,1.0,False,4913.0,False,95.67492021807018,traced_single_cell
2799,True,0.5057156664945665,0.5057156664945665,1.0,False,6701.0,False,95.00805601905451,traced_single_cell
2824,True,0.18178946566593573,0.5156473901611485,6.0,False,7002.0,True,443.25661006976605,traced_merged_cells
2826,True,0.1437478001839002,0.1437478001839002,1.0,False,6317.0,False,101.81379389098579,loose_placement
2827,True,0.3079226781659973,0.3073840288746057,2.0,False,2204.0,False,125.56632748886068,loose_placement
2829,True,0.40368353860006106,0.40368353860006106,1.0,False,7097.0,False,155.56802573312424,loose_placement
2830,True,0.1022220646563757,0.0,0.0,False,2031.0,False,171.72601895862263,loose_placement
2831,True,0.21736933299881775,0.0,0.0,False,5530.0,False,68.44978161879624,loose_placement
2832,True,0.30912499107791624,0.2928890598086971,2.0,False,6352.0,False,109.07981562159911,loose_placement
2834,True,0.5325427139840974,0.5325427139840974,1.0,False,7096.0,False,163.59446121518096,traced_single_cell
2835,True,0.32715359010932366,0.3718337686686612,2.0,False,6055.0,False,122.10896760706618,loose_placement
2836,True,0.062480899478937243,0.0,0.0,False,5796.0,False,66.7823333564902,loose_placement
2839,True,0.4677109900891571,0.7024368951156058,3.0,False,4532.0,False,265.5667891848022,traced_merged_cells
2840,True,0.14484366627621162,0.14484366627621162,1.0,False,2566.0,False,175.64466886973239,loose_placement
2842,False,,,,,,,,off_plate
2843,True,0.0,0.0,0.0,False,,False,93.58197959288158,loose_placement
2845,True,0.18663799185019642,0.33308556255329036,2.0,False,4908.0,False,694.9774126325417,loose_placement
2848,True,0.5592497514736151,0.40169934260770795,2.0,False,6278.0,False,90.45107050326813,traced_single_cell
2849,True,0.14421208141513606,0.14421208141513606,1.0,False,4109.0,False,195.40458210474148,loose_placement
2851,True,0.3921937003211096,0.45168802900804267,3.0,False,5921.0,False,108.7139313468995,loose_placement
2852,True,0.49477263819138734,0.49477263819138734,1.0,False,4940.0,False,111.313425072897,loose_placement
2855,True,0.7893143268167253,0.7893143268167253,1.0,False,6735.0,False,142.8206278792054,traced_single_cell
2880,True,0.23237093976304052,0.31336793513586225,2.0,False,7043.0,True,98.1864544891606,loose_placement
2883,True,0.03577328306228762,0.0,0.0,False,2247.0,False,64.07946007164527,loose_placement
2886,True,0.2966453424021506,0.43577292416531016,4.0,False,1865.0,False,402.10284812131573,loose_placement
2887,True,0.0,0.0,0.0,False,,False,65.88639736647099,loose_placement
2888,True,0.29711422011898203,0.29711422011898203,1.0,False,6358.0,False,191.93678807234122,loose_placement
2890,True,0.3111539741023422,0.4683480156516555,2.0,False,7074.0,False,108.12242053842445,loose_placement
2891,True,0.2837421114754061,0.39905259571033314,3.0,False,5981.0,False,334.0960866242862,loose_placement
2892,True,0.09787097771738444,0.0,0.0,False,5825.0,False,110.95627492850434,loose_placement
2895,True,0.5284946052044062,0.48632092226675744,2.0,False,4511.0,False,124.41479776950823,traced_single_cell
2899,True,0.0,0.0,0.0,False,,False,106.16772269288057,loose_placement
2901,True,0.6516897808002893,0.6516897808002893,1.0,False,4808.0,False,178.83088427721037,traced_single_cell
2904,True,0.2599536125138147,0.2599536125138147,1.0,False,6209.0,False,90.5707927702597,loose_placement
2907,True,0.07313383085204696,0.0,0.0,False,5969.0,False,111.6779103119998,loose_placement
2908,True,0.2729459004512047,0.4799845612647554,4.0,False,4966.0,False,453.7138003168453,loose_placement
2909,True,0.08219309410385348,0.0,0.0,False,4952.0,False,162.85185832958763,loose_placement
2936,True,0.24843633640128782,0.24843633640128782,1.0,False,7044.0,True,116.03275515950367,loose_placement
2939,True,0.0,0.0,0.0,False,,False,64.76247263120298,loose_placement
2941,True,0.05132616999335216,0.0,0.0,False,6718.0,False,87.15182336604943,loose_placement
2942,True,0.3149346383405285,0.3218127201512787,2.0,False,1828.0,False,116.5712335988276,loose_placement
2943,True,0.0,0.0,0.0,False,,False,62.45320785854665,loose_placement
2944,True,0.20469319839537078,0.20469319839537078,1.0,False,6367.0,False,119.6844879102967,loose_placement
2946,True,0.5251299857113988,0.5251299857113988,1.0,False,7050.0,False,96.79141405262793,traced_single_cell
2947,True,0.12154499137237078,0.0,0.0,False,6028.0,False,63.340059586906854,loose_placement
2948,True,0.2440575269309972,0.2440575269309972,1.0,False,5855.0,False,410.5851078487929,loose_placement
2950,True,0.11312321264226224,0.11312321264226224,1.0,False,1691.0,False,260.45671149042215,loose_placement
2951,True,0.3971197364325255,0.3530876186740607,2.0,False,4483.0,False,112.31306752404569,loose_placement
2952,True,0.09489772819369925,0.0,0.0,False,2449.0,False,174.7043775571206,loose_placement
2955,True,0.0,0.0,0.0,False,,False,104.915435568266,loose_placement
2957,True,0.5033695932250325,0.45652358881568805,2.0,False,4760.0,False,173.1632621629725,traced_single_cell
2960,True,0.22616551934291498,0.22616551934291498,1.0,False,6209.0,False,75.39477693464254,loose_placement
2963,True,0.2036048739324656,0.2036048739324656,1.0,False,5969.0,False,114.38115544176898,loose_placement
2965,True,0.15289475444857345,0.2440433537474063,3.0,False,4952.0,False,534.8207048938377,loose_placement
2967,True,0.3714551342413949,0.32625239649031434,4.0,False,5280.0,True,97.11413850984079,loose_placement
2992,True,0.19343811913045908,0.20699348132800333,2.0,False,7049.0,True,176.02577319410776,loose_placement
2993,False,,,,,,,,off_plate
2994,True,0.28042006050904045,0.30283195601048074,2.0,False,6303.0,False,69.18361285481073,loose_placement
2995,True,0.0,0.0,0.0,True,,False,48.14843444987093,blank_plate
2997,True,0.06150429965551099,0.0,0.0,False,6718.0,False,69.35479931895846,loose_placement
2998,True,0.38764076110396406,0.38764076110396406,1.0,False,1793.0,False,103.3524259323054,loose_placement
3000,True,0.292671686961085,0.292671686961085,1.0,False,6367.0,False,111.44348163032369,loose_placement
3001,False,,,,,,,,off_plate
3002,True,0.16893636075317592,0.0,0.0,False,7050.0,False,68.35653235753767,loose_placement
3004,True,0.16246728461205426,0.0,0.0,False,5855.0,False,66.48734660072226,loose_placement
3006,True,0.017754187630807848,0.0,0.0,False,1658.0,False,648.2779811700472,loose_placement
3007,True,0.36562313610295616,0.4776502200357492,3.0,False,4411.0,False,349.6932939600538,loose_placement
3008,True,0.6465573948780718,0.6465573948780718,1.0,False,2449.0,False,155.22677939331678,traced_single_cell
3011,True,0.0,0.0,0.0,False,,False,194.19575024261488,loose_placement
3013,True,0.3967408366715847,0.43140131532865983,2.0,False,4732.0,False,154.59070349852448,loose_placement
3016,True,0.21169944777434813,0.21169944777434813,1.0,False,6095.0,False,77.1540996876985,loose_placement
3017,True,0.13522533097539582,0.4266770534904025,5.0,False,894.0,False,572.4181879053697,loose_placement
3019,True,0.45980931296232486,0.6036182928611262,2.0,False,6041.0,False,439.71670291799944,traced_merged_cells
3021,True,0.29284260099093734,0.4148734212586546,3.0,False,4949.0,False,106.55341402651163,loose_placement
3022,False,,,,,,,,off_plate
3048,True,0.11452045670380412,0.11452045670380412,1.0,False,7046.0,True,111.7224303101186,loose_placement
3049,False,,,,,,,,off_plate
3050,True,0.2190419747515584,0.2411973406318331,2.0,False,6317.0,False,67.09492207915902,loose_placement
3051,True,0.0,0.0,0.0,True,,False,64.5756593860396,blank_plate
3052,False,,,,,,,,off_plate
3053,True,0.105200687256597,0.0,0.0,False,6718.0,False,117.43357255357276,loose_placement
3054,True,0.4056649099304792,0.4056649099304792,1.0,False,1743.0,False,163.714310775421,loose_placement
3055,True,0.0,0.0,0.0,False,,False,57.359273254715006,loose_placement
3056,True,0.27054893974267186,0.27054893974267186,1.0,False,6377.0,False,119.20967186667272,loose_placement
3057,False,,,,,,,,off_plate
3058,True,0.5214017717907006,0.5214017717907006,1.0,False,7022.0,False,95.37898541143569,traced_single_cell
3060,True,0.43624719180505633,0.43624719180505633,1.0,False,5884.0,False,113.68334260400572,loose_placement
3063,True,0.10383276212813496,0.0,0.0,False,4373.0,False,110.6460540469121,loose_placement
3064,True,0.6676863856582967,0.6676863856582967,1.0,False,2490.0,False,180.94798332352983,traced_single_cell
3067,True,0.0,0.0,0.0,False,,False,100.44450650457347,loose_placement
3069,True,0.36632355633197605,0.36632355633197605,1.0,False,4704.0,False,113.98375588628333,loose_placement
3072,True,0.3697751592822188,0.3294718551625355,2.0,False,6051.0,False,90.47270937942945,loose_placement
3073,True,0.1313388388793307,0.2162601329739064,2.0,False,796.0,False,565.4693826881258,loose_placement
3075,True,0.5762367673296482,0.5762367673296482,1.0,False,6021.0,False,164.74722068817582,traced_single_cell
3076,True,0.527461823006704,0.527461823006704,1.0,False,2381.0,False,165.0069099688263,traced_single_cell
3077,True,0.15276710292567852,0.1901455842829232,2.0,False,5005.0,False,120.81560984282319,loose_placement
3078,False,,,,,,,,off_plate
3104,True,0.19482294558190766,0.19482294558190766,1.0,False,7046.0,True,136.75474302648908,loose_placement
3107,True,0.0,0.0,0.0,True,,False,54.59760292128295,blank_plate
3109,True,0.07689875516308421,0.0,0.0,False,6718.0,False,85.90194011197198,loose_placement
3110,True,0.24716719407629886,0.24716719407629886,1.0,False,1693.0,False,113.30094389043717,loose_placement
3111,True,0.0,0.0,0.0,False,,False,57.81607738501683,loose_placement
3112,True,0.2679319093874436,0.44441701334650524,3.0,False,6337.0,False,115.62933267349158,loose_placement
3113,False,,,,,,,,off_plate
3114,True,0.0,0.0,0.0,False,,False,67.57534251906763,loose_placement
3115,True,0.329238048765733,0.329238048765733,1.0,False,2997.0,False,140.90052448050554,loose_placement
3119,True,0.060708214548271605,0.0,0.0,False,4231.0,False,120.34487629326188,loose_placement
3120,True,0.4857383115660927,0.4857383115660927,1.0,False,2539.0,False,170.09289619796462,loose_placement
3123,True,0.0,0.0,0.0,False,,False,64.56941394277071,loose_placement
3125,True,0.45751986275424406,0.45751986275424406,1.0,False,4659.0,False,108.00629816936598,loose_placement
3129,True,0.016729906804687333,0.0,0.0,False,684.0,False,223.47947924654807,loose_placement
3131,True,0.47469671691693466,0.509381381521042,2.0,False,5962.0,False,249.44001465632485,traced_merged_cells
3132,True,0.34587540076377704,0.5810779956402223,2.0,False,2556.0,False,361.11375483225675,traced_merged_cells
3133,True,0.1778436579716323,0.1778436579716323,1.0,False,5033.0,False,113.786670969853,loose_placement
3160,True,0.2054858362515305,0.2054858362515305,1.0,False,7048.0,True,113.71057988295776,loose_placement
3161,False,,,,,,,,off_plate
3163,True,0.0,0.0,0.0,True,,False,65.05088160018369,blank_plate
3165,True,0.09855595921413526,0.0,0.0,False,6829.0,False,93.28395783454363,loose_placement
3166,True,0.15475581878900235,0.2652913480049068,3.0,False,1581.0,False,555.7194199275395,loose_placement
3167,True,0.0,0.0,0.0,False,,False,51.140481092504395,loose_placement
3169,False,,,,,,,,off_plate
3170,True,0.0,0.0,0.0,False,,False,67.90758993600724,loose_placement
3171,True,0.4262798100368272,0.4552488875300849,2.0,False,2905.0,False,273.63476728557055,loose_placement
3175,True,0.08290946772319865,0.08290946772319865,1.0,False,4123.0,False,394.7724387736773,loose_placement
3176,True,0.3012635763721542,0.3012635763721542,1.0,False,2586.0,False,167.37983339981105,loose_placement
3179,True,0.022420294417604538,0.0,0.0,False,6790.0,False,396.6956194547656,loose_placement
3181,True,0.44967533817459604,0.7404312731485116,2.0,False,4567.0,False,321.7066978166858,traced_merged_cells
3185,True,0.0,0.0,0.0,False,,False,113.04972940161218,loose_placement
3187,True,0.47746823020937035,0.4937001879549288,2.0,False,5912.0,False,116.0176504931478,loose_placement
3189,True,0.0,0.0,0.0,False,,False,111.91793933150896,loose_placement
3191,True,0.3250689518315847,0.27889234080111414,2.0,False,4969.0,True,48.58298647540106,loose_placement
3217,True,0.10765443695583297,0.14725964977184428,2.0,False,7048.0,True,124.54125655241107,loose_placement
3218,False,,,,,,,,off_plate
3219,False,,,,,,,,off_plate
3220,True,0.0,0.0,0.0,True,,False,293.59172190711996,blank_plate
3222,True,0.05261453737175606,0.0,0.0,False,6803.0,False,78.25554557147703,loose_placement
3223,True,0.49667495022067426,0.5348255606077807,2.0,False,1653.0,False,294.2034562196075,traced_merged_cells
3224,True,0.5174434644304734,0.5174434644304734,1.0,False,5378.0,False,63.083865814649826,traced_single_cell
3225,True,0.05695479893407302,0.0,0.0,False,6269.0,False,114.48655928605996,loose_placement
3226,False,,,,,,,,off_plate
3227,True,0.0,0.0,0.0,False,,False,68.60529980554513,loose_placement
3228,True,0.4511822297426847,0.4511822297426847,1.0,False,2815.0,False,205.37109197505,loose_placement
3233,True,0.24498819522636991,0.24306879608977833,2.0,False,2586.0,False,175.01168733022405,loose_placement
3236,True,0.08987607805254362,0.08987607805254362,1.0,False,6790.0,False,90.9296415393233,loose_placement
3237,False,,,,,,,,off_plate
3238,True,0.4823753197446395,0.4823753197446395,1.0,False,4531.0,False,165.1555703056608,loose_placement
3242,True,0.0,0.0,0.0,False,,False,114.91367522650758,loose_placement
3244,True,0.4000652896428267,0.4000652896428267,1.0,False,5881.0,False,121.75926472134108,loose_placement
3246,True,0.0,0.0,0.0,False,,False,136.24822701684533,loose_placement
3248,True,0.32620046785650963,0.32620046785650963,1.0,False,4993.0,True,56.68600707949379,loose_placement
3274,True,0.19403494624910006,0.19403494624910006,1.0,False,7053.0,True,112.00262892450613,loose_placement
3275,False,,,,,,,,off_plate
3276,False,,,,,,,,off_plate
3277,True,0.0,0.0,0.0,True,,False,197.43868542218814,blank_plate
3279,True,0.04999860193049296,0.0,0.0,False,6718.0,False,94.19925639742384,loose_placement
3280,True,0.5835738660356299,0.5835738660356299,1.0,False,1699.0,False,125.96747273829983,traced_single_cell
3281,True,0.5165762905384702,0.5165762905384702,1.0,False,5354.0,False,69.48024687956895,traced_single_cell
3282,True,0.08195294164209072,0.0,0.0,False,6237.0,False,126.40327736124631,loose_placement
3284,True,0.2727189167697426,0.5007438179250575,2.0,False,6860.0,False,408.7863261408692,traced_merged_cells
3285,True,0.19976898542434315,0.24136267555582108,2.0,False,2815.0,False,113.09151912351557,loose_placement
3287,True,0.0,0.0,0.0,True,,False,105.08547088344393,blank_plate
3289,True,0.0,0.0,0.0,False,,False,132.50302326264338,loose_placement
3290,True,0.2815525520960188,0.2815525520960188,1.0,False,2624.0,False,140.98726424227783,loose_placement
3293,True,0.18083866401722865,0.3088488110895349,2.0,False,6726.0,False,479.93090197740133,loose_placement
3294,False,,,,,,,,off_plate
3295,True,0.4307935494567186,0.4307935494567186,1.0,False,4501.0,False,114.47343387688413,loose_placement
3299,True,0.0,0.0,0.0,False,,False,118.41023455344563,loose_placement
3301,True,0.2389317006567719,0.2665753414591928,2.0,False,5881.0,False,114.51477740885237,loose_placement
3303,True,0.02484799408364709,0.0,0.0,False,5143.0,False,112.44925919308054,loose_placement
3305,True,0.31811460061446356,0.33030000092004236,2.0,False,5048.0,True,56.15364018878482,loose_placement
3306,True,0.255940764864168,0.27680571113507235,2.0,False,3700.0,False,387.3025067400509,loose_placement
3330,True,0.0,0.0,0.0,False,,False,107.04187193011946,loose_placement
3331,True,0.2750862918572759,0.2750862918572759,1.0,False,7042.0,True,132.07673790914382,loose_placement
3332,False,,,,,,,,off_plate
3333,False,,,,,,,,off_plate
3334,True,0.0,0.0,0.0,True,,False,47.5536555175992,blank_plate
3337,True,0.490832602622953,0.490832602622953,1.0,False,1744.0,False,119.68555365625937,loose_placement
3338,True,0.4238056717870098,0.4238056717870098,1.0,False,5324.0,False,61.689830264430235,loose_placement
3339,True,0.05337822129992736,0.0,0.0,False,6177.0,False,103.54171080445452,loose_placement
3341,True,0.0,0.0,0.0,False,,False,117.09989377041776,loose_placement
3342,True,0.24902502643145766,0.36370955442350766,3.0,False,2731.0,False,450.8089072867386,loose_placement
3344,True,0.0,0.0,0.0,True,,False,149.49502861523922,blank_plate
3346,True,0.22187706620833159,0.22187706620833159,1.0,False,4159.0,False,110.58458312088723,loose_placement
3347,True,0.4259849972360017,0.4259849972360017,1.0,False,2778.0,False,139.7270772132114,loose_placement
3350,True,0.3325723348809289,0.37511879502681594,2.0,False,6676.0,False,130.52329876131665,loose_placement
3351,False,,,,,,,,off_plate
3352,True,0.41687106757719294,0.41687106757719294,1.0,False,4471.0,False,115.30826582832705,loose_placement
3355,True,0.2057246955278728,0.4858675442307654,4.0,False,5200.0,False,381.5548749540703,loose_placement
3356,True,0.0,0.0,0.0,True,,False,115.72807454381123,blank_plate
3358,True,0.3873671838774285,0.34035937067645855,2.0,False,5860.0,False,103.89062876509298,loose_placement
3360,True,0.1658075343834897,0.1658075343834897,1.0,False,5164.0,False,97.33335907745615,loose_placement
3362,True,0.3020069395191386,0.2955164623268777,2.0,False,5048.0,True,49.69532998666934,loose_placement
3387,True,0.0,0.0,0.0,False,,False,110.74054245447427,loose_placement
3388,True,0.15844158278774084,0.20305860737374334,2.0,False,7041.0,True,106.34724526796688,loose_placement
3391,True,0.0,0.0,0.0,True,,False,244.47742677798092,blank_plate
3394,True,0.40055944836069746,0.34790219726465943,2.0,False,1803.0,False,172.56534234021765,loose_placement
3395,True,0.2865499107716688,0.27927859436256536,2.0,False,5299.0,False,63.69640000171025,loose_placement
3396,True,0.0517046511911321,0.0,0.0,False,6177.0,False,109.81999362517811,loose_placement
3398,True,0.28043566329432396,0.4634681892128026,2.0,False,6989.0,False,455.9247404391362,loose_placement
3399,True,0.18179735387323087,0.1913636434171892,2.0,False,2839.0,False,129.54547865573997,loose_placement
3401,True,0.0,0.0,0.0,True,,False,548.707278334978,blank_plate
3402,True,0.0,0.0,0.0,False,,False,102.36001990583283,loose_placement
3403,True,0.48236073254424083,0.48236073254424083,1.0,False,4159.0,False,169.77772255843195,loose_placement
3404,True,0.0,0.0,0.0,False,,False,154.43558009465724,loose_placement
3407,True,0.24457064607382673,0.28256168312163366,2.0,False,6648.0,False,110.45003711972359,loose_placement
3409,True,0.2449557152815448,0.2354877385845402,2.0,False,4435.0,False,109.36301192477603,loose_placement
3412,True,0.21479296984919452,0.4031863477807571,3.0,False,5269.0,False,214.52413669970198,loose_placement
3413,True,0.0,0.0,0.0,True,,False,112.26271942676318,blank_plate
3415,True,0.325002655188425,0.325002655188425,1.0,False,5846.0,False,112.0041386171248,loose_placement
3417,True,0.26953846973589823,0.32230767849020936,2.0,False,5164.0,False,148.87370288876232,loose_placement
3419,True,0.49603207391222953,0.49603207391222953,1.0,False,5078.0,True,59.51503872764042,loose_placement
3444,True,0.3600091231454484,0.3600091231454484,1.0,False,561.0,False,166.10703648766633,loose_placement
3445,True,0.26032521548851495,0.26032521548851495,1.0,False,7041.0,True,103.44253471406327,loose_placement
3447,False,,,,,,,,off_plate
3448,True,0.0,0.0,0.0,True,,False,100.50104070953518,blank_plate
3451,True,0.2136614742275719,0.22208405487054658,2.0,False,1803.0,False,117.87162124338447,loose_placement
3452,True,0.4110021496275614,0.4110021496275614,1.0,False,5299.0,False,55.87987637782517,loose_placement
3453,True,0.0750744053470209,0.0,0.0,False,6136.0,False,230.49091444591747,loose_placement
3455,True,0.17503053950577055,0.17503053950577055,1.0,False,7026.0,False,109.05985632792239,loose_placement
3456,True,0.21924563374829956,0.21924563374829956,1.0,False,2839.0,False,83.08939296947327,loose_placement
3458,True,0.0,0.0,0.0,True,,False,122.15271559179665,blank_plate
3459,True,0.0,0.0,0.0,False,,False,113.11420561960153,loose_placement
3460,True,0.5253333024956206,0.5253333024956206,1.0,False,4092.0,False,177.79829547873493,traced_single_cell
3464,True,0.32452443537966613,0.2810307829644531,2.0,False,6628.0,False,103.9250070009253,loose_placement
3465,True,0.0,0.0,0.0,True,,False,382.1364756659228,blank_plate
3466,True,0.29334643782296876,0.34325894900934967,2.0,False,4435.0,False,167.5397442867431,loose_placement
3467,True,0.0,0.0,0.0,True,,False,108.46224904875062,blank_plate
3469,True,0.1712219771081438,0.1712219771081438,1.0,False,5349.0,False,67.72176912353284,loose_placement
3470,True,0.0,0.0,0.0,True,,False,166.67419695477338,blank_plate
3476,True,0.4391213442688258,0.34192388270582247,2.0,False,5129.0,True,67.17508130998009,loose_placement
3501,True,0.31409598053773785,0.31409598053773785,1.0,False,561.0,False,116.38882250216243,loose_placement
3502,True,0.3214906902654712,0.3214906902654712,1.0,False,7039.0,True,112.42508791162416,loose_placement
3504,False,,,,,,,,off_plate
3505,True,0.0,0.0,0.0,False,,False,64.47151201781176,loose_placement
3508,True,0.3547951372622358,0.3547951372622358,1.0,False,1843.0,False,121.78526139842673,loose_placement
3509,True,0.4598708020169119,0.4504105968917918,2.0,False,5268.0,False,101.74188799239028,loose_placement
3510,True,0.07527021788769048,0.0,0.0,False,6094.0,False,182.56595118379087,loose_placement
3512,True,0.2538729846605585,0.3816788335772596,3.0,False,7077.0,False,172.9988922878147,loose_placement
3513,True,0.25780794732356155,0.25780794732356155,1.0,False,2872.0,False,83.29814035171326,loose_placement
3514,True,0.4302540274364268,0.5843267525975546,3.0,False,5857.0,False,335.6539291749642,traced_merged_cells
3515,True,0.0,0.0,0.0,True,,False,113.47244663125849,blank_plate
3516,True,0.5641475767436702,0.5641475767436702,1.0,False,1204.0,False,111.54428112703731,traced_single_cell
3517,True,0.30627480637326354,0.6703660420763813,3.0,False,4048.0,False,428.9271297496454,traced_merged_cells
3521,True,0.36007562173081453,0.36007562173081453,1.0,False,6598.0,False,70.00439442972497,loose_placement
3522,True,0.0,0.0,0.0,True,,False,113.76080995122093,blank_plate
3523,True,0.32152890245142374,0.32152890245142374,1.0,False,4394.0,False,115.96068538166041,loose_placement
3524,True,0.0,0.0,0.0,True,,False,354.83858723701917,blank_plate
3526,True,0.4391608922856061,0.4391608922856061,1.0,False,5377.0,False,111.7280406142758,loose_placement
3529,True,0.2138627428254257,0.2138627428254257,1.0,False,5819.0,False,120.05800077254105,loose_placement
3533,True,0.25108512628478813,0.25108512628478813,1.0,False,5147.0,True,53.46885157827811,loose_placement
3558,True,0.5293709163076166,0.5293709163076166,1.0,False,579.0,False,127.51356042917848,traced_single_cell
3559,True,0.16245294489653098,0.4651311130283361,5.0,False,7024.0,True,523.2020075837818,loose_placement
3562,True,0.0,0.0,0.0,False,,False,60.948702223569555,loose_placement
3565,True,0.3050928580417823,0.3050928580417823,1.0,False,1907.0,False,113.51149488623712,loose_placement
3566,True,0.44915885598205985,0.46448896570454773,2.0,False,5212.0,False,112.30332735153755,loose_placement
3569,True,0.28634936169130054,0.28634936169130054,1.0,False,7126.0,False,65.30240982272842,loose_placement
3570,True,0.34110540936675976,0.5105965770365011,4.0,False,2934.0,False,484.4438534818036,traced_merged_cells
3571,True,0.38782329574187796,0.38782329574187796,1.0,False,5826.0,False,66.14593758036582,loose_placement
3572,True,0.0,0.0,0.0,True,,False,130.5763953250686,blank_plate
3573,True,0.464214013141772,0.464214013141772,1.0,False,1172.0,False,126.69688693198378,loose_placement
3574,True,0.08922148729495283,0.14196211015368465,2.0,False,4217.0,False,707.3049117486979,loose_placement
3576,True,0.3111038807520516,0.3111038807520516,1.0,False,6848.0,False,100.56107312852475,loose_placement
3579,True,0.0,0.0,0.0,True,,False,187.22097150457722,blank_plate
3580,True,0.3915617613010104,0.3915617613010104,1.0,False,4341.0,False,171.7739342282303,loose_placement
3581,True,0.0,0.0,0.0,False,,False,176.15352361347763,loose_placement
3583,True,0.39215143825091875,0.39215143825091875,1.0,False,5457.0,False,172.3133360423502,loose_placement
3586,True,0.28022079399001887,0.28022079399001887,1.0,False,5787.0,False,178.15532742286558,loose_placement
3587,True,0.449004160634375,0.449004160634375,1.0,False,2715.0,False,106.51506965601983,loose_placement
3588,False,,,,,,,,off_plate
3590,True,0.29033641486536393,0.29033641486536393,1.0,False,5147.0,True,61.82745630498956,loose_placement
3616,True,0.3343602543031646,0.3343602543031646,1.0,False,6904.0,True,110.57425705866305,loose_placement
3619,True,0.0,0.0,0.0,False,,False,53.72110573280513,loose_placement
3620,False,,,,,,,,off_plate
3622,True,0.21725434644946046,0.24693197387264185,2.0,False,1976.0,False,168.08016139873118,loose_placement
3626,True,0.21936271113600755,0.27419472242465676,2.0,False,7147.0,False,114.72596071825974,loose_placement
3627,True,0.006342736299264839,0.0,0.0,False,2872.0,False,151.41458555285084,loose_placement
3628,True,0.34740953345530395,0.34740953345530395,1.0,False,5795.0,False,64.99475388254102,loose_placement
3629,True,0.0,0.0,0.0,True,,False,102.44616763455784,blank_plate
3630,True,0.2958232230163317,0.3582280245762026,2.0,False,1147.0,False,128.85234805528847,loose_placement
3631,True,0.32382286835530943,0.4261907569276938,3.0,False,4381.0,False,177.19044859776972,loose_placement
3633,True,0.28421080837252805,0.28421080837252805,1.0,False,6985.0,False,77.37496495566391,loose_placement
3635,False,,,,,,,,off_plate
3636,True,0.0,0.0,0.0,True,,False,126.13798099151998,blank_plate
3638,True,0.0,0.0,0.0,False,,False,176.16170424890313,loose_placement
3640,True,0.17290921455832536,0.17290921455832536,1.0,False,5510.0,False,68.77384702608781,loose_placement
3641,True,0.0,0.0,0.0,True,,False,114.04677289399702,blank_plate
3642,True,0.08215721177427723,0.0,0.0,False,3393.0,False,124.2318908225298,loose_placement
3643,True,0.20547073639246635,0.20547073639246635,1.0,False,5750.0,False,116.00885158173382,loose_placement
3644,True,0.5321423892294771,0.5105648582992351,2.0,False,2639.0,False,180.91155841227314,traced_single_cell
3647,True,0.4806049973570704,0.4806049973570704,1.0,False,5226.0,True,56.51393715721958,loose_placement
3673,True,0.46718043966226847,0.46718043966226847,1.0,False,6854.0,True,109.47576144657495,loose_placement
3676,True,0.5463065185326589,0.5463065185326589,1.0,False,2406.0,False,105.09664979844605,traced_single_cell
3682,True,0.3811899473072015,0.3811899473072015,1.0,False,5890.0,True,101.80818805626262,loose_placement
3683,True,0.3593810806804264,0.3593810806804264,1.0,False,7147.0,False,98.80176854431745,loose_placement
3684,True,0.0,0.0,0.0,False,,False,120.0895371675499,loose_placement
3686,True,0.0,0.0,0.0,True,,False,115.58115039373023,blank_plate
3687,True,0.3123321178740702,0.3123321178740702,1.0,False,1147.0,False,111.02358112019922,loose_placement
3688,True,0.20043727630100633,0.20043727630100633,1.0,False,4436.0,False,109.55967870938484,loose_placement
3689,True,0.0,0.0,0.0,False,,False,105.77320520312465,loose_placement
3690,True,0.6812498229786217,0.6812498229786217,1.0,False,7023.0,False,50.367468083591234,traced_single_cell
3692,False,,,,,,,,off_plate
3693,True,0.0,0.0,0.0,True,,False,127.07500950170146,blank_plate
3695,True,0.0,0.0,0.0,False,,False,105.77210374450041,loose_placement
3697,True,0.2623254599262194,0.2623254599262194,1.0,False,5510.0,False,103.41572177448,loose_placement
3698,True,0.0,0.0,0.0,True,,False,115.04551799067548,blank_plate
3699,True,0.352234730498809,0.352234730498809,1.0,False,3393.0,False,81.49722494283363,loose_placement
3700,True,0.18065462264392476,0.18065462264392476,1.0,False,5730.0,False,181.32274728481707,loose_placement
3701,True,0.5039541754439263,0.5039541754439263,1.0,False,2580.0,False,121.09970343197325,traced_single_cell
3730,True,0.1610517090260714,0.37741866293690635,3.0,False,6769.0,True,467.0909501417659,loose_placement
3733,True,0.024135514005233085,0.0,0.0,False,2397.0,False,58.23154132258274,loose_placement
3736,True,0.3344603002158644,0.39682709140132105,4.0,False,980.0,True,175.8939464668171,loose_placement
3737,True,0.0,0.0,0.0,False,,False,57.571484970617995,loose_placement
3739,True,0.3520632721348973,0.3520632721348973,1.0,False,5863.0,True,115.07502846487314,loose_placement
3740,True,0.4375211017866245,0.4211960308895206,2.0,False,7191.0,False,183.49201740096436,loose_placement
3741,True,0.0,0.0,0.0,False,,False,138.63773373481976,loose_placement
3743,True,0.0,0.0,0.0,True,,False,97.7709469103969,blank_plate
3744,True,0.4434976636469224,0.40928460808391115,2.0,False,1108.0,False,173.2099012379221,loose_placement
3745,True,0.20154133415677294,0.20154133415677294,1.0,False,4436.0,False,114.07147861530528,loose_placement
3746,True,0.0,0.0,0.0,False,,False,101.32681924012634,loose_placement
3747,True,0.5666050432324362,0.5666050432324362,1.0,False,7038.0,False,73.07272895990725,traced_single_cell
3749,False,,,,,,,,off_plate
3750,True,0.0,0.0,0.0,True,,False,132.1686499106035,blank_plate
3752,True,0.07928578190899893,0.0,0.0,False,1700.0,False,132.15924446616802,loose_placement
3753,True,0.0,0.0,0.0,True,,False,82.96028208692093,blank_plate
3754,True,0.3034819163262909,0.3034819163262909,1.0,False,5510.0,False,118.20085707519097,loose_placement
3755,True,0.0,0.0,0.0,True,,False,113.7021172450817,blank_plate
3756,True,0.16882722558343027,0.16882722558343027,1.0,False,3316.0,False,70.70461689177948,loose_placement
3757,True,0.07784079056954371,0.0,0.0,False,5674.0,False,96.75265426451114,loose_placement
3758,True,0.31795637664662446,0.3626240959011953,2.0,False,2502.0,False,122.9913458771939,loose_placement
3787,True,0.13849035290152717,0.0,0.0,False,6749.0,True,184.69753909065344,loose_placement
3790,True,0.0,0.0,0.0,False,,False,65.84851849352684,loose_placement
3793,True,0.259122785976803,0.3665376088111233,4.0,False,990.0,True,166.6957970530291,loose_placement
3794,True,0.0,0.0,0.0,False,,False,50.85032209608034,loose_placement
3796,True,0.2801185970353426,0.2801185970353426,1.0,False,5836.0,True,107.35665017885893,loose_placement
3797,True,0.1639311740382673,0.1639311740382673,1.0,False,7154.0,False,93.8649508660486,loose_placement
3798,True,0.0,0.0,0.0,False,,False,188.6582283013151,loose_placement
3799,True,0.30356392503304286,0.32149221380693427,3.0,False,4210.0,True,423.27769655372913,loose_placement
3800,True,0.0,0.0,0.0,True,,False,117.68537379688934,blank_plate
3801,True,0.30788247752318604,0.48471343662575034,3.0,False,1057.0,False,433.2122812396411,loose_placement
3803,True,0.0,0.0,0.0,False,,False,105.04398500171428,loose_placement
3804,True,0.053053800367223174,0.0,0.0,False,6677.0,False,78.33776635871165,loose_placement
3806,False,,,,,,,,off_plate
3807,True,0.0,0.0,0.0,False,,False,401.08788666790684,loose_placement
3809,True,0.11276742371695209,0.0,0.0,False,1700.0,False,120.7914936330137,loose_placement
3810,True,0.0,0.0,0.0,True,,False,120.6469538489282,blank_plate
3812,True,0.0,0.0,0.0,True,,False,115.55462151150972,blank_plate
3813,True,0.36426242649386004,0.36426242649386004,1.0,False,3316.0,False,126.88588388524764,loose_placement
3814,True,0.1650378865212689,0.1650378865212689,1.0,False,5674.0,False,113.70656886559102,loose_placement
3815,True,0.4965765923070251,0.4965765923070251,1.0,False,2502.0,False,106.76129705274643,loose_placement
3818,True,0.1755721803209886,0.0,0.0,False,5839.0,True,58.23311266256732,loose_placement
3844,True,0.08260733008982135,0.0,0.0,False,6749.0,True,95.49926445688715,loose_placement
3847,True,0.362117017622635,0.362117017622635,1.0,False,2564.0,False,64.5789243504088,loose_placement
3850,True,0.18638140603985331,0.4020709046545238,4.0,False,947.0,True,437.15113748768437,loose_placement
3851,True,0.0,0.0,0.0,False,,False,265.1942441776407,loose_placement
3853,True,0.2227693637926048,0.28424493273174734,4.0,False,5812.0,True,190.30623283029047,loose_placement
3854,True,0.2592806182074329,0.2592806182074329,1.0,False,7187.0,False,127.87084107761996,loose_placement
3855,True,0.0,0.0,0.0,False,,False,227.76222499946132,loose_placement
3856,True,0.19332142843601463,0.2010123194197313,2.0,False,4151.0,False,127.20308400213021,loose_placement
3857,True,0.0,0.0,0.0,True,,False,135.84812309416225,blank_plate
3858,True,0.0,0.0,0.0,False,,False,324.15934958052804,loose_placement
3861,True,0.058294565641004825,0.0,0.0,False,6677.0,False,88.00875380901518,loose_placement
3864,True,0.0,0.0,0.0,False,,False,117.15846753567038,loose_placement
3866,True,0.17822962904960413,0.17822962904960413,1.0,False,1724.0,False,118.76228722270638,loose_placement
3867,True,0.3548725392575929,0.5519140648358123,2.0,False,2925.0,False,294.1797253700511,traced_merged_cells
3868,True,0.5125992786871773,0.4822367226081765,2.0,False,5634.0,False,131.00187306810707,traced_single_cell
3869,True,0.0,0.0,0.0,True,,False,540.0986971569488,blank_plate
3870,True,0.45735827651844213,0.45735827651844213,1.0,False,3247.0,False,135.21647120271555,loose_placement
3871,True,0.06577925269008768,0.0,0.0,False,5674.0,False,113.74550484530447,loose_placement
3872,True,0.39130026113903094,0.7039860245593382,2.0,False,2346.0,False,296.8504609711728,traced_merged_cells
3875,True,0.35651120654146423,0.35651120654146423,1.0,False,5839.0,True,73.79635262507216,loose_placement
3901,True,0.41208454532158506,0.41208454532158506,1.0,False,6748.0,True,106.02582593686343,loose_placement
3904,True,0.4019490587770481,0.4019490587770481,1.0,False,2564.0,False,63.80478916250674,loose_placement
3907,True,0.47236298614243327,0.47236298614243327,1.0,False,898.0,True,97.00652816932926,loose_placement
3908,True,0.25262025398844035,0.25262025398844035,1.0,False,5383.0,False,67.1980243361675,loose_placement
3910,True,0.41043489431826097,0.41043489431826097,1.0,False,5777.0,True,132.63592611320325,loose_placement
3911,True,0.12770977448301452,0.0,0.0,False,7217.0,False,103.62633443477016,loose_placement
3912,True,0.08953022450929995,0.08953022450929995,1.0,False,3477.0,False,514.5024636067665,loose_placement
3913,True,0.22114125611133123,0.22114125611133123,1.0,False,4098.0,False,113.86690095815074,loose_placement
3914,True,0.0,0.0,0.0,True,,False,122.26596474837211,blank_plate
3915,True,0.0,0.0,0.0,False,,False,121.5742325927302,loose_placement
3917,True,0.13060034607636614,0.0,0.0,False,2361.0,False,103.48276986064076,loose_placement
3918,True,0.4191109496948521,0.4191109496948521,1.0,False,6722.0,False,140.01738250225966,loose_placement
3921,True,0.0,0.0,0.0,False,,False,348.5233476124219,loose_placement
3922,True,0.2541670873473996,0.2959757761484257,3.0,False,4682.0,False,107.80516904873693,loose_placement
3923,True,0.1924652443185165,0.1924652443185165,1.0,False,1724.0,False,122.85321082632112,loose_placement
3924,True,0.2896925062283671,0.2896925062283671,1.0,False,2938.0,False,62.3404032565387,loose_placement
3925,True,0.43699357766370506,0.43699357766370506,1.0,False,5610.0,False,67.65133671685277,loose_placement
3926,True,0.0,0.0,0.0,True,,False,352.2207849069078,blank_plate
3927,True,0.0,0.0,0.0,False,,False,77.23887788165992,loose_placement
3928,True,0.19456965565702497,0.3066708271733747,2.0,False,5542.0,False,493.7735060255839,loose_placement
3929,True,0.3944017960785418,0.5614252857141411,2.0,False,2298.0,False,180.6436029990065,traced_merged_cells
3932,True,0.21765914545403797,0.21416357422449037,2.0,False,5830.0,True,67.13646644454603,loose_placement
3958,True,0.26926975757112875,0.26926975757112875,1.0,False,6752.0,True,118.41669203796691,loose_placement
3961,True,0.07859244216127344,0.0,0.0,False,2564.0,False,59.43303326095556,loose_placement
3964,True,0.490289970521105,0.44390605522938703,2.0,False,880.0,True,132.96221026056722,loose_placement
3967,True,0.41153233599807953,0.41153233599807953,1.0,False,5747.0,True,116.23094638928829,loose_placement
3969,True,0.0,0.0,0.0,False,,False,152.97942847016628,loose_placement
3970,True,0.193951290277641,0.193951290277641,1.0,False,4052.0,False,122.11721729182258,loose_placement
3971,True,0.0,0.0,0.0,True,,False,191.03436677086475,blank_plate
3974,True,0.17084029152739166,0.0,0.0,False,2778.0,False,115.00278174196542,loose_placement
3975,True,0.29098759898781784,0.32777085555200197,2.0,False,6766.0,False,125.51513425756414,loose_placement
3976,True,0.24166547581484665,0.40811985378464116,2.0,False,5384.0,False,314.29164375019525,loose_placement
3978,True,0.0,0.0,0.0,False,,False,118.419861710064,loose_placement
3980,True,0.24475709542954469,0.24475709542954469,1.0,False,1748.0,False,118.04188693562506,loose_placement
3981,True,0.4116542155245032,0.4116542155245032,1.0,False,2938.0,False,119.19397816401653,loose_placement
3982,True,0.2174942727784656,0.5980200112844057,4.0,False,5566.0,False,386.2967322896298,traced_merged_cells
3984,True,0.08493620593804059,0.0,0.0,False,3036.0,False,137.83939173260458,loose_placement
3986,True,0.5098629510744872,0.5098629510744872,1.0,False,2220.0,False,117.94327562072701,traced_single_cell
3989,True,0.38755079205277837,0.3253776709222136,2.0,False,5830.0,True,56.85532567982685,loose_placement
4014,False,,,,,,,,off_plate
4015,True,0.17862692561744195,0.25547645010303877,3.0,False,6752.0,True,114.64106691836295,loose_placement
4018,True,0.0,0.0,0.0,False,,False,56.424001861423974,loose_placement
4020,True,0.0,0.0,0.0,True,,False,118.79403521373662,blank_plate
4021,True,0.26628728715347,0.3280795509399745,2.0,False,818.0,True,106.83508222848144,loose_placement
4023,True,0.0,0.0,0.0,False,,False,110.81875501559789,loose_placement
4024,True,0.2878937515839358,0.29070517109199795,3.0,False,5709.0,True,147.72939571486654,loose_placement
4026,True,0.6106446771992973,0.6106446771992973,1.0,False,3308.0,False,134.69665996252712,traced_single_cell
4027,True,0.10455015823106442,0.0,0.0,False,3964.0,False,112.56640891549212,loose_placement
4028,True,0.0,0.0,0.0,True,,False,137.15615334247744,blank_plate
4031,True,0.10909803152352031,0.0,0.0,False,2816.0,False,89.82402791687446,loose_placement
4032,True,0.14998058600209135,0.14998058600209135,1.0,False,6766.0,False,65.52561282730672,loose_placement
4033,True,0.6082105783019661,0.6712008384332931,2.0,False,5437.0,False,100.65131148105881,traced_single_cell
4035,True,0.0,0.0,0.0,True,,False,119.7132469630387,blank_plate
4037,True,0.36753289949735957,0.36753289949735957,1.0,False,1767.0,False,126.80494596257361,loose_placement
4038,True,0.35337914427988215,0.4685723723979632,2.0,False,2948.0,False,166.86243829113585,loose_placement
4041,True,0.3019511084272018,0.3948569014471554,3.0,False,3036.0,False,348.7911429309041,loose_placement
4043,True,0.5801865007278486,0.5801865007278486,1.0,False,2181.0,False,159.63457008960611,traced_single_cell
4046,True,0.42107914788707174,0.42107914788707174,1.0,False,5799.0,True,79.31209684664316,loose_placement
4071,False,,,,,,,,off_plate
4072,True,0.27818942234738026,0.3921411611409045,2.0,False,6753.0,True,115.28725859792671,loose_placement
4075,True,0.0,0.0,0.0,False,,False,64.68051886696522,loose_placement
4078,True,0.22243365339945945,0.3395381436596261,2.0,False,774.0,True,175.02982294069835,loose_placement
4080,True,0.0,0.0,0.0,False,,False,107.5621260723835,loose_placement
4081,True,0.2981443154482779,0.3028306123181129,2.0,False,5664.0,True,112.98024509717149,loose_placement
4084,True,0.09610398448037107,0.08149697860896175,1.0,False,3781.0,True,491.0460377107011,loose_placement
4085,True,0.0,0.0,0.0,True,,False,100.42765069341574,blank_plate
4089,True,0.37777365026138315,0.37777365026138315,1.0,False,6793.0,False,52.96980106464769,loose_placement
4090,True,0.646087803139556,0.7066776230105192,2.0,False,5460.0,False,105.61413099081807,traced_single_cell
4092,True,0.0,0.0,0.0,True,,False,103.1159687012429,blank_plate
4094,True,0.2516112502976956,0.2516112502976956,1.0,False,1786.0,False,136.9154912644552,loose_placement
4095,True,0.19582663516661186,0.19582663516661186,1.0,False,2959.0,False,107.61185065793252,loose_placement
4098,True,0.31878869859051345,0.353224215690048,2.0,False,3123.0,False,137.74986184529914,loose_placement
4103,True,0.25232471170445586,0.2655043254129423,2.0,False,5799.0,True,53.794378148011944,loose_placement
4129,True,0.4636089310322188,0.4636089310322188,1.0,False,6730.0,True,112.25627012764215,loose_placement
4132,True,0.0,0.0,0.0,False,,False,210.87970536874545,loose_placement
4135,True,0.15715407008022175,0.4420502574018684,5.0,False,753.0,True,660.3832868000527,loose_placement
4137,True,0.4367373248115289,0.4367373248115289,1.0,False,5800.0,False,130.67471443573325,loose_placement
4138,True,0.22913964203530024,0.22913964203530024,1.0,False,5619.0,True,118.79108618355566,loose_placement
4140,True,0.4378226751030937,0.4378226751030937,1.0,False,2899.0,False,91.79229885134065,loose_placement
4141,True,0.20623535343999647,0.20623535343999647,1.0,False,3915.0,False,130.37875062058822,loose_placement
4142,True,0.0,0.0,0.0,True,,False,121.54547630127647,blank_plate
4145,True,0.21764468822975025,0.21764468822975025,1.0,False,3414.0,False,116.413225406472,loose_placement
4146,True,0.11767213598823292,0.0,0.0,False,6793.0,False,54.02562704142946,loose_placement
4147,True,0.6576449747886731,0.6576449747886731,1.0,False,5481.0,False,108.25981843235705,traced_single_cell
4148,False,,,,,,,,off_plate
4149,True,0.0,0.0,0.0,True,,False,105.10994697687626,blank_plate
4151,True,0.21430267305667178,0.21430267305667178,1.0,False,1786.0,False,112.06362483189015,loose_placement
4152,True,0.29041396929492835,0.41476842514535633,2.0,False,2982.0,False,159.6225264161785,loose_placement
4153,True,0.19460083797644198,0.19460083797644198,1.0,False,5319.0,False,127.16425873081141,loose_placement
4155,True,0.3352764214464666,0.5666450093430567,3.0,False,3164.0,False,480.41424862940335,traced_merged_cells
4157,True,0.3832940491241016,0.3832940491241016,1.0,False,2203.0,False,119.32980110046286,loose_placement
4160,True,0.2622519579876036,0.2622519579876036,1.0,False,5714.0,True,76.72464475200427,loose_placement
4186,True,0.13786286431405792,0.0,0.0,False,6750.0,True,169.9975485973642,loose_placement
4187,False,,,,,,,,off_plate
4189,True,0.0,0.0,0.0,True,,False,55.23908653157619,blank_plate
4192,True,0.23581611891546428,0.23581611891546428,1.0,False,773.0,True,175.80208204513696,loose_placement
4194,True,0.17475989560672428,0.0,0.0,False,5757.0,False,110.68825487112485,loose_placement
4195,True,0.2713415362209132,0.35277655573954747,2.0,False,5619.0,True,114.62978041586409,loose_placement
4197,True,0.23588106143588516,0.7106791727854773,7.0,False,3031.0,False,493.16618174303903,traced_merged_cells
4198,True,0.1996183350521922,0.1996183350521922,1.0,False,3781.0,False,279.7934728647309,loose_placement
4202,True,0.2131939089145265,0.46217431318790714,4.0,False,3416.0,False,432.39893872086986,loose_placement
4203,True,0.40929525720115906,0.40929525720115906,1.0,False,6816.0,False,86.16615402673082,loose_placement
4204,True,0.37680102975482815,0.37680102975482815,1.0,False,5516.0,False,64.23054220812581,loose_placement
4205,False,,,,,,,,off_plate
4206,True,0.0,0.0,0.0,True,,False,105.73149959134615,blank_plate
4207,True,0.029340295282320978,0.0,0.0,False,4716.0,False,75.13857342723897,loose_placement
4208,True,0.24716771242301055,0.24716771242301055,1.0,False,1827.0,False,178.31521328267948,loose_placement
4209,True,0.36097905323889456,0.36097905323889456,1.0,False,3007.0,False,68.3895157917485,loose_placement
4210,True,0.20698148193727064,0.2176784416715817,2.0,False,5247.0,False,165.53354700229886,loose_placement
4212,True,0.18223159596156743,0.0,0.0,False,3333.0,False,115.32644169795616,loose_placement
4213,True,0.3303450489290542,0.38646596168303005,5.0,False,3254.0,True,184.52940994199733,loose_placement
4214,True,0.32269376665420396,0.32269376665420396,1.0,False,2257.0,False,163.89089487743777,loose_placement
4215,False,,,,,,,,off_plate
4217,True,0.31258014714465615,0.31258014714465615,1.0,False,5714.0,True,64.25941173808482,loose_placement
4242,False,,,,,,,,off_plate
4243,True,0.1196292097088283,0.0,0.0,False,6750.0,True,114.57821789115928,loose_placement
4244,False,,,,,,,,off_plate
4246,True,0.0,0.0,0.0,True,,False,207.46937785497087,blank_plate
4249,True,0.21337637028293072,0.21337637028293072,1.0,False,773.0,True,188.47541683925675,loose_placement
4251,True,0.23675994042191045,0.26050009823376175,2.0,False,5757.0,False,107.34868943188175,loose_placement
4252,True,0.25192263238969365,0.7169459316277904,9.0,False,5609.0,True,875.159805384199,traced_merged_cells
4255,True,0.14504813131402605,0.0,0.0,False,3781.0,False,162.38737356252753,loose_placement
4259,True,0.15155851727096226,0.15155851727096226,1.0,False,3540.0,False,110.4597157390493,loose_placement
4260,True,0.1244293716372005,0.1244293716372005,1.0,False,6848.0,False,89.57285377282561,loose_placement
4261,True,0.39919575411744795,0.5993653007943873,4.0,False,5545.0,False,339.46250263687216,traced_merged_cells
4263,True,0.0,0.0,0.0,True,,False,108.6130403637824,blank_plate
4264,True,0.1937735621246227,0.1937735621246227,1.0,False,4745.0,False,102.00164125786932,loose_placement
4265,True,0.12616841691298172,0.0,0.0,False,1827.0,False,107.17425385187516,loose_placement
4266,True,0.6366397479812806,0.6366397479812806,1.0,False,3042.0,False,146.94491612893,traced_single_cell
4267,True,0.1992629663010879,0.19933947621414622,2.0,False,5172.0,False,175.0349038994735,loose_placement
4269,True,0.10558534730812134,0.0,0.0,False,3333.0,False,73.85433633941155,loose_placement
4270,True,0.2590290656374735,0.2590290656374735,1.0,False,3302.0,True,126.91373433287512,loose_placement
4271,True,0.21111119641939616,0.21111119641939616,1.0,False,2316.0,False,100.9934166200464,loose_placement
4272,False,,,,,,,,off_plate
4274,True,0.41419026711804235,0.41419026711804235,1.0,False,5701.0,True,61.53996989312097,loose_placement
4275,True,0.16079621025802662,0.16079621025802662,1.0,False,7606.0,False,101.9854519232343,loose_placement
4299,False,,,,,,,,off_plate
4300,True,0.11586010041236498,0.0,0.0,False,6725.0,True,110.66363008767077,loose_placement
4301,False,,,,,,,,off_plate
4303,True,0.0,0.0,0.0,True,,False,111.10448096706266,blank_plate
4306,True,0.07101337332113009,0.0,0.0,False,810.0,True,122.28770958950575,loose_placement
4308,True,0.1940249478919098,0.2952748893556717,3.0,False,5757.0,False,432.01350817272095,loose_placement
4312,True,0.09661470170736898,0.0,0.0,False,3781.0,False,101.01854449737922,loose_placement
4314,True,0.0,0.0,0.0,False,,False,105.76806960080933,loose_placement
4316,True,0.3164509914702948,0.3164509914702948,1.0,False,3540.0,False,134.7559516284802,loose_placement
4317,True,0.3304070712491338,0.3304070712491338,1.0,False,6881.0,False,97.94137166996585,loose_placement
4318,True,0.0,0.0,0.0,False,,False,123.54752655457182,loose_placement
4320,True,0.0,0.0,0.0,True,,False,330.6156249443696,blank_plate
4321,True,0.38740302602704907,0.38740302602704907,1.0,False,4745.0,False,96.45899541012946,loose_placement
4322,True,0.14945487970094684,0.14945487970094684,1.0,False,1880.0,False,118.92101995997855,loose_placement
4323,True,0.45442427944316816,0.48713980364770343,2.0,False,3065.0,False,179.82857934800447,loose_placement
4324,True,0.16250423242286974,0.18275392565203416,2.0,False,5103.0,False,145.24397555909383,loose_placement
4326,True,0.07601766220709952,0.0,0.0,False,3333.0,False,76.51325874263289,loose_placement
4327,True,0.1348523360289524,0.0,0.0,False,3410.0,True,60.96457409995647,loose_placement
4328,True,0.11772344820957654,0.0,0.0,False,2235.0,False,109.81914681298582,loose_placement
4329,False,,,,,,,,off_plate
4331,True,0.25837030518660914,0.24478121485972906,2.0,False,5701.0,True,56.68388105021005,loose_placement
4332,True,0.20305194282229388,0.20305194282229388,1.0,False,7631.0,False,71.83699252623764,loose_placement
4356,False,,,,,,,,off_plate
4357,True,0.11775614189960233,0.0,0.0,False,6750.0,True,111.81041641038718,loose_placement
4358,False,,,,,,,,off_plate
4359,False,,,,,,,,off_plate
4360,True,0.0835306481578351,0.0,0.0,False,2597.0,False,59.442487852041076,loose_placement
4361,True,0.21018318292613003,0.21018318292613003,1.0,False,4264.0,False,57.230580259963354,loose_placement
4363,True,0.40861143977313324,0.40861143977313324,1.0,False,821.0,True,183.1738427590964,loose_placement
4365,True,0.2686024252585096,0.2686024252585096,1.0,False,5675.0,False,110.93891859210812,loose_placement
4369,True,0.10963106738137726,0.0,0.0,False,3781.0,False,108.93830768921826,loose_placement
4371,True,0.06832013367636694,0.0,0.0,False,1165.0,False,115.6397770644098,loose_placement
4373,True,0.26722056974167535,0.3072221908500147,4.0,False,3651.0,False,412.56877132568957,loose_placement
4374,True,0.13101893711952486,0.13101893711952486,1.0,False,6915.0,False,118.89285218253497,loose_placement
4375,True,0.5898456270489516,0.5898456270489516,1.0,False,5484.0,False,150.76706311214804,traced_single_cell
4377,True,0.0,0.0,0.0,True,,False,114.26029007849478,blank_plate
4379,True,0.08343659296228043,0.0,0.0,False,1880.0,False,164.34078111157837,loose_placement
4380,True,0.3715552618223805,0.3715552618223805,1.0,False,3090.0,False,109.04917613582951,loose_placement
4381,True,0.16361462384927586,0.16361462384927586,1.0,False,5103.0,False,65.51773509878231,loose_placement
4383,True,0.40181249977242744,0.40181249977242744,1.0,False,3501.0,False,81.4794695253644,loose_placement
4384,True,0.15468097475642492,0.0,0.0,False,3474.0,True,50.996514774478264,loose_placement
4385,True,0.29979050357582443,0.29979050357582443,1.0,False,2299.0,False,170.29845935676053,loose_placement
4386,False,,,,,,,,off_plate
4388,True,0.33526051583716804,0.33526051583716804,1.0,False,5644.0,True,62.838570269231965,loose_placement
4389,True,0.1947814350952575,0.1947814350952575,1.0,False,7651.0,False,95.11484852163571,loose_placement
4413,False,,,,,,,,off_plate
4414,True,0.1312254446100144,0.1312254446100144,1.0,False,6686.0,True,117.3516891657967,loose_placement
4415,False,,,,,,,,off_plate
4416,False,,,,,,,,off_plate
4417,True,0.23925376503524964,0.23925376503524964,1.0,False,2597.0,False,55.18976619862922,loose_placement
4418,True,0.27837929726077576,0.27837929726077576,1.0,False,4180.0,False,125.0889321793814,loose_placement
4420,True,0.4019759021033007,0.4357542991629332,3.0,False,852.0,True,164.03226340971244,loose_placement
4422,True,0.3738501388734305,0.3738501388734305,1.0,False,5611.0,False,128.23041716573158,loose_placement
4426,True,0.04322771327803209,0.0,0.0,False,3781.0,False,435.93162491117465,loose_placement
4428,True,0.21079246290949585,0.29856491214334924,3.0,False,1126.0,False,397.6658629192655,loose_placement
4430,True,0.09436268059712898,0.0,0.0,False,3611.0,False,106.0458207120241,loose_placement
4432,True,0.5047794435775096,0.5047794435775096,1.0,False,5435.0,False,108.29530679169338,traced_single_cell
4435,True,0.0,0.0,0.0,False,,False,88.46126318138647,loose_placement
4436,True,0.07831112874257444,0.0,0.0,False,1953.0,False,103.3000194294747,loose_placement
4437,True,0.5394601606572141,0.5394601606572141,1.0,False,3107.0,False,106.02085074613152,traced_single_cell
4438,True,0.5260607494175805,0.5260607494175805,1.0,False,5624.0,False,73.03894366898952,traced_single_cell
4440,True,0.16185481139110133,0.16185481139110133,1.0,False,3501.0,False,74.93150045595453,loose_placement
4441,True,0.1882591620226161,0.5058287640467146,7.0,False,3445.0,True,343.04767195254624,traced_merged_cells
4445,True,0.3603919303019532,0.28571559673953595,2.0,False,5650.0,True,50.67834722205739,loose_placement
4446,True,0.19249004605806236,0.19249004605806236,1.0,False,7651.0,False,62.14218205072239,loose_placement
4470,False,,,,,,,,off_plate
4472,False,,,,,,,,off_plate
4473,False,,,,,,,,off_plate
4474,True,0.261137014794574,0.261137014794574,1.0,False,2597.0,False,61.68547391906872,loose_placement
4475,True,0.20275340006726236,0.2366756204069838,2.0,False,4117.0,False,105.33345025978046,loose_placement
4477,True,0.49083564450623246,0.49083564450623246,1.0,False,877.0,True,116.88559333044954,loose_placement
4479,True,0.47008545971340576,0.47008545971340576,1.0,False,5562.0,False,169.83474768191763,loose_placement
4482,True,0.048114599201211236,0.0,0.0,False,2762.0,False,215.96821691373174,loose_placement
4483,True,0.0,0.0,0.0,False,,False,120.81465239073333,loose_placement
4485,True,0.1400392115451549,0.0,0.0,False,1114.0,False,100.12776312617531,loose_placement
4486,True,0.22790772111661586,0.4915869603409275,3.0,False,5822.0,False,415.5945138962466,loose_placement
4487,True,0.22558157162066425,0.22558157162066425,1.0,False,3903.0,False,114.23579204887474,loose_placement
4488,True,0.13585511363703454,0.13585511363703454,1.0,False,6951.0,False,96.54337368392872,loose_placement
4489,True,0.41452118277353306,0.41452118277353306,1.0,False,5404.0,False,113.23079124292852,loose_placement
4492,True,0.0,0.0,0.0,False,,False,151.07321881231286,loose_placement
4493,True,0.022476873529980193,0.0,0.0,False,1953.0,False,117.3575339268735,loose_placement
4494,True,0.1481357143030703,0.4799962360422733,5.0,False,3128.0,False,630.0337028974172,loose_placement
4497,True,0.06582150918802016,0.0,0.0,False,3407.0,False,113.99874407336614,loose_placement
4498,True,0.15244759594276824,0.0,0.0,False,3302.0,True,62.16064387850804,loose_placement
4499,True,0.26222875220005615,0.40919852446441785,2.0,False,1879.0,False,155.94432082661407,loose_placement
4502,True,0.3887836134108892,0.3612825039822404,2.0,False,5607.0,True,70.41364500633865,loose_placement
4503,True,0.392482221566642,0.46292485871794226,2.0,False,7657.0,True,115.1784065595956,loose_placement
4527,False,,,,,,,,off_plate
4528,True,0.40943784594559623,0.5369858881825712,2.0,False,7216.0,True,395.1623910704954,traced_merged_cells
4529,False,,,,,,,,off_plate
4530,False,,,,,,,,off_plate
4531,True,0.0,0.0,0.0,False,,False,54.11484669692804,loose_placement
4532,True,0.32118608105197854,0.38818317916311673,2.0,False,4050.0,False,443.12547944398233,loose_placement
4534,True,0.36485442415815744,0.4494394389021734,3.0,False,901.0,True,223.0325006189834,loose_placement
4536,True,0.376347772626103,0.376347772626103,1.0,False,5527.0,False,105.40746703268228,loose_placement
4539,True,0.0,0.0,0.0,False,,False,159.1496915604958,loose_placement
4540,True,0.0,0.0,0.0,False,,False,230.6521313322966,loose_placement
4542,True,0.11828654751516127,0.0,0.0,False,1114.0,False,88.75797571235276,loose_placement
4543,True,0.40238415211346173,0.39608777940634987,3.0,False,5870.0,False,111.75825052921266,loose_placement
4544,True,0.2587751264576607,0.28172902169227093,2.0,False,3931.0,False,107.71605225015597,loose_placement
4545,True,0.4031299489709905,0.4031299489709905,1.0,False,6951.0,False,75.97032376385354,loose_placement
4546,True,0.18711526252561522,0.0,0.0,False,5404.0,False,67.24520279132041,loose_placement
4548,True,0.0,0.0,0.0,True,,False,84.40108631283377,blank_plate
4550,True,0.0,0.0,0.0,False,,False,182.41829392665915,loose_placement
4551,True,0.0,0.0,0.0,True,,False,115.57353695688188,blank_plate
4553,True,0.18977113898238082,0.2874207179322023,2.0,False,863.0,False,165.3363483122299,loose_placement
4554,True,0.04029183063515734,0.0,0.0,False,3407.0,False,69.86718759981605,loose_placement
4555,True,0.31499016219091114,0.3394371222927763,2.0,False,3287.0,True,51.52235373998827,loose_placement
4556,True,0.20689698503317838,0.20689698503317838,1.0,False,1927.0,False,159.51728886137602,loose_placement
4559,True,0.2102489696587098,0.2102489696587098,1.0,False,5522.0,True,66.97912971187519,loose_placement
4560,True,0.5446297460647528,0.5446297460647528,1.0,False,7659.0,True,76.43457409968043,traced_single_cell
4584,False,,,,,,,,off_plate
4585,True,0.6332076559751939,0.6332076559751939,1.0,False,7226.0,True,106.39536694494267,traced_single_cell
4586,False,,,,,,,,off_plate
4588,True,0.412752701563751,0.412752701563751,1.0,False,2440.0,False,137.71840030046707,loose_placement
4589,True,0.0,0.0,0.0,False,,False,116.43284921004609,loose_placement
4591,True,0.31987743135586755,0.33399579187248235,4.0,False,923.0,True,167.25468722632286,loose_placement
4593,True,0.2458912026141743,0.2458912026141743,1.0,False,5465.0,False,128.07245983245284,loose_placement
4594,True,0.1947298113157407,0.23504596067689107,2.0,False,5842.0,True,116.80568637434925,loose_placement
4596,True,0.299134249215948,0.4120493509610594,2.0,False,2590.0,False,207.22423040878752,loose_placement
4597,True,0.0234144979895479,0.0,0.0,False,4346.0,False,118.6907053837644,loose_placement
4599,True,0.19325464572092355,0.2772122095676826,2.0,False,1190.0,False,260.73173420909103,loose_placement
4601,True,0.1910196687321869,0.2649034363347226,4.0,False,3611.0,False,438.36271882233115,loose_placement
4602,True,0.21021725883634962,0.32405310358515005,2.0,False,6985.0,False,80.37481030688565,loose_placement
4603,True,0.0,0.0,0.0,False,,False,66.24896286378825,loose_placement
4605,True,0.0,0.0,0.0,True,,False,72.11515780072473,blank_plate
4607,True,0.0,0.0,0.0,False,,False,120.12704427262899,loose_placement
4608,True,0.0,0.0,0.0,False,,False,103.86694910425558,loose_placement
4610,True,0.2127462083659292,0.2127462083659292,1.0,False,879.0,False,113.72355121652944,loose_placement
4611,True,0.07703139884514736,0.0,0.0,False,3407.0,False,127.43597663693875,loose_placement
4613,True,0.15884452600055474,0.23989141993039864,3.0,False,1927.0,False,150.9233220947441,loose_placement
4615,False,,,,,,,,off_plate
4616,True,0.23727269471222795,0.23727269471222795,1.0,False,5522.0,True,51.52396631521095,loose_placement
4617,True,0.4011368299918935,0.4011368299918935,1.0,False,7666.0,True,72.11723306083401,loose_placement
4642,True,0.5778587139014626,0.5778587139014626,1.0,False,7225.0,True,194.58426204598254,traced_single_cell
4643,False,,,,,,,,off_plate
4645,True,0.34653664063137457,0.34653664063137457,1.0,False,2474.0,False,57.00761096739898,loose_placement
4646,True,0.155271813240222,0.155271813240222,1.0,False,3888.0,False,114.13849179364506,loose_placement
4648,True,0.42996449011481913,0.39180322803065054,3.0,False,937.0,True,104.9375726065168,loose_placement
4650,True,0.22138139830056155,0.43619202377765165,4.0,False,5397.0,False,752.6447007692321,loose_placement
4651,True,0.18295731546092517,0.2093659039033381,3.0,False,5868.0,True,113.03403336577442,loose_placement
4653,True,0.2716032640108351,0.39210430825758813,2.0,False,2422.0,False,436.30393213930853,loose_placement
4654,True,0.05619902425873185,0.0,0.0,False,4346.0,False,430.9635165026502,loose_placement
4656,True,0.2516900689759647,0.2516900689759647,1.0,False,1277.0,False,111.45270076271991,loose_placement
4657,True,0.34717019963932566,0.34717019963932566,1.0,False,5904.0,False,103.08229963273419,loose_placement
4659,True,0.3455882626672394,0.3455882626672394,1.0,False,6998.0,False,73.48976297882402,loose_placement
4660,True,0.2603508601973233,0.46384538441750445,3.0,False,5258.0,False,354.60092601149483,loose_placement
4662,True,0.0,0.0,0.0,True,,False,71.32873375412136,blank_plate
4664,True,0.0,0.0,0.0,False,,False,134.30281964339946,loose_placement
4665,True,0.0,0.0,0.0,False,,False,67.10973745240709,loose_placement
4666,True,0.6379986824425903,0.6379986824425903,1.0,False,5678.0,False,111.19133049539482,traced_single_cell
4668,True,0.08027554839818345,0.0,0.0,False,3407.0,False,126.07087791505262,loose_placement
4670,True,0.37021427892560776,0.417598134531358,3.0,False,2023.0,False,139.0571203542143,loose_placement
4671,False,,,,,,,,off_plate
4672,False,,,,,,,,off_plate
4673,True,0.24242877376121197,0.24242877376121197,1.0,False,5522.0,True,64.79193190811945,loose_placement
4699,True,0.41087073646280603,0.40542291204552716,2.0,False,7231.0,True,177.98804489803484,loose_placement
4700,False,,,,,,,,off_plate
4702,True,0.26802660096974246,0.26802660096974246,1.0,False,2474.0,False,50.26299353909302,loose_placement
4703,True,0.10127278645912459,0.0,0.0,False,3846.0,False,109.44835055322862,loose_placement
4704,True,0.0,0.0,0.0,True,,False,118.99460877172882,blank_plate
4705,True,0.48431671447699454,0.48431671447699454,1.0,False,931.0,True,119.25084379634822,loose_placement
4707,True,0.27216078733154037,0.27216078733154037,1.0,False,5387.0,False,114.94622012961227,loose_placement
4708,True,0.2603524784385802,0.21059744246072482,3.0,False,5897.0,True,114.16968316033383,loose_placement
4710,True,0.41324334283491043,0.41324334283491043,1.0,False,2372.0,False,133.5901506038514,loose_placement
4711,True,0.045345308956806364,0.0,0.0,False,4346.0,False,159.238049719742,loose_placement
4713,True,0.2521195395865636,0.27008319494967586,2.0,False,1332.0,False,351.35312553618155,loose_placement
4714,True,0.3224212805997864,0.3224212805997864,1.0,False,5954.0,False,112.59540591850444,loose_placement
4716,True,0.6458634494722737,0.6458634494722737,1.0,False,7015.0,False,58.28930723335347,traced_single_cell
4717,True,0.5317105633861835,0.5317105633861835,1.0,False,5228.0,False,109.0977710676465,traced_single_cell
4719,True,0.45635731815774133,0.6483773638611894,2.0,False,3257.0,False,353.57816324232783,traced_merged_cells
4721,True,0.0,0.0,0.0,False,,False,102.5815828764242,loose_placement
4722,True,0.0,0.0,0.0,False,,False,109.68915821321794,loose_placement
4723,True,0.5271045786330063,0.5271045786330063,1.0,False,5587.0,False,102.44859034607116,traced_single_cell
4725,True,0.01206607466403809,0.0,0.0,False,3407.0,False,150.8054769900449,loose_placement
4727,True,0.45135049526135457,0.45135049526135457,1.0,False,2055.0,False,220.93895237338228,loose_placement
4728,False,,,,,,,,off_plate
4729,False,,,,,,,,off_plate
4730,True,0.32179179993169815,0.3516671791966175,3.0,False,5488.0,True,58.824948267039446,loose_placement
4756,True,0.5199778152734721,0.5199778152734721,1.0,False,7230.0,True,121.73927599104712,traced_single_cell
4759,True,0.11212456109060287,0.11212456109060287,1.0,False,2491.0,False,57.907649024519536,loose_placement
4760,True,0.0554908318042186,0.0,0.0,False,3786.0,False,157.1617873698594,loose_placement
4762,True,0.2977722848030562,0.296546172842993,3.0,False,984.0,True,113.0799034069584,loose_placement
4763,True,0.21892912808304366,0.21892912808304366,1.0,False,5752.0,False,69.55146707108844,loose_placement
4764,True,0.23069871379268797,0.23069871379268797,1.0,False,5387.0,False,121.11855979433867,loose_placement
4765,True,0.33108598515145626,0.33108598515145626,1.0,False,5925.0,True,99.8395272878283,loose_placement
4767,True,0.17017332910059496,0.24392422945696124,2.0,False,2296.0,False,149.61894445285986,loose_placement
4768,True,0.04205642760089235,0.0,0.0,False,4391.0,False,170.60043416681697,loose_placement
4770,True,0.0,0.0,0.0,False,,False,109.55186196894203,loose_placement
4771,True,0.3077703942984933,0.3077703942984933,1.0,False,5954.0,False,111.57391889448347,loose_placement
4773,True,0.4774199109536247,0.4774199109536247,1.0,False,7032.0,False,51.051106513750405,loose_placement
4774,True,0.4052653276397019,0.4052653276397019,1.0,False,5205.0,False,67.35119072727925,loose_placement
4776,True,0.5167092539544775,0.5167092539544775,1.0,False,3219.0,False,128.02085179144288,traced_single_cell
4778,True,0.0,0.0,0.0,False,,False,130.34848578812287,loose_placement
4779,True,0.0,0.0,0.0,False,,False,108.07765213138846,loose_placement
4780,True,0.3485049627552224,0.31238753473460823,2.0,False,5560.0,False,81.97080605272401,loose_placement
4784,True,0.391381800876569,0.391381800876569,1.0,False,2101.0,False,161.03664218737657,loose_placement
4785,False,,,,,,,,off_plate
4786,False,,,,,,,,off_plate
4787,True,0.40614482614699,0.4332939995716994,2.0,False,5443.0,True,76.68671800816806,loose_placement
4813,True,0.48155344778498904,0.48155344778498904,1.0,False,7223.0,True,103.21351697581267,loose_placement
4815,False,,,,,,,,off_plate
4816,True,0.05780618272527582,0.0,0.0,False,2491.0,False,58.77160290907426,loose_placement
4817,True,0.0,0.0,0.0,False,,False,93.76709040750538,loose_placement
4818,True,0.0,0.0,0.0,True,,False,96.53951834328521,blank_plate
4819,True,0.4712874102175907,0.38096889267497885,2.0,False,958.0,True,103.28128649027313,loose_placement
4820,True,0.1814734183218661,0.1961152367458686,2.0,False,5752.0,False,70.15562339824413,loose_placement
4821,True,0.3030205760812746,0.3030205760812746,1.0,False,5426.0,False,114.03121499106959,loose_placement
4822,True,0.4092287315820104,0.4092287315820104,1.0,False,5972.0,True,154.53572870649447,loose_placement
4824,True,0.2547554638749644,0.3899002326841244,2.0,False,2269.0,False,153.44284228548614,loose_placement
4825,True,0.10549420424181398,0.0,0.0,False,4391.0,False,125.35931680710223,loose_placement
4827,True,0.04179357350177909,0.0,0.0,False,1610.0,False,102.35074477707921,loose_placement
4828,True,0.3431458550180119,0.3431458550180119,1.0,False,6035.0,False,120.15307286078863,loose_placement
4830,True,0.4196975500987019,0.4196975500987019,1.0,False,6993.0,False,68.87468583155935,loose_placement
4831,True,0.3243914249337953,0.3180628616780214,2.0,False,5186.0,False,100.20461617451336,loose_placement
4833,True,0.6080934799282549,0.49959510093490056,2.0,False,3194.0,False,193.9651264149582,traced_single_cell
4835,True,0.0,0.0,0.0,False,,False,182.15245510720445,loose_placement
4836,True,0.0,0.0,0.0,False,,False,55.10563842718897,loose_placement
4837,True,0.31880119096719706,0.4027738001207459,2.0,False,5560.0,False,111.11737858922139,loose_placement
4839,True,0.0,0.0,0.0,False,,False,76.19403369814667,loose_placement
4840,False,,,,,,,,off_plate
4841,True,0.2057062805839392,0.2740541921115711,2.0,False,2166.0,False,149.7647222872958,loose_placement
4843,False,,,,,,,,off_plate
4844,True,0.22002690018792304,0.22002690018792304,1.0,False,5373.0,True,52.88430185336899,loose_placement
4869,False,,,,,,,,off_plate
4870,True,0.2468949068534311,0.31629149200394896,2.0,False,7229.0,True,113.64090065297087,loose_placement
4873,True,0.0,0.0,0.0,False,,False,57.74861757151093,loose_placement
4874,True,0.0,0.0,0.0,False,,False,114.77397232043883,loose_placement
4876,True,0.35112018426069985,0.35112018426069985,1.0,False,985.0,True,99.62269964834259,loose_placement
4877,True,0.2721868029447152,0.2721868029447152,1.0,False,5779.0,False,55.372114920147084,loose_placement
4878,True,0.23201038994355025,0.23201038994355025,1.0,False,5453.0,False,93.8288847253373,loose_placement
4879,True,0.4251477511694197,0.4251477511694197,1.0,False,6023.0,True,123.08601914123247,loose_placement
4881,True,0.2438127348243976,0.6783059854834849,5.0,False,2209.0,False,609.8741311333818,traced_merged_cells
4882,True,0.11622064923097532,0.0,0.0,False,4340.0,True,116.41821680532385,loose_placement
4883,True,0.0,0.0,0.0,True,,False,108.75867792905552,blank_plate
4885,True,0.2132820213882534,0.2763467292914265,2.0,False,6035.0,False,109.6861819383261,loose_placement
4887,True,0.18347346975021933,0.18347346975021933,1.0,False,6993.0,False,61.94299251034371,loose_placement
4888,True,0.25558047685978896,0.317195285773137,2.0,False,5170.0,False,110.10375192115463,loose_placement
4890,True,0.6270174974601848,0.6270174974601848,1.0,False,3173.0,False,140.05933216911015,traced_single_cell
4891,True,0.0,0.0,0.0,False,,False,140.66192696420592,loose_placement
4893,True,0.0,0.0,0.0,False,,False,98.60109686426783,loose_placement
4894,True,0.29680476759583546,0.3081957775958235,2.0,False,5537.0,False,88.29388621621598,loose_placement
4895,True,0.3171483014988845,0.27841349164579143,2.0,False,1618.0,False,90.24510554064055,loose_placement
4896,True,0.07243104464229388,0.0,0.0,False,3633.0,False,77.81214233701749,loose_placement
4897,False,,,,,,,,off_plate
4898,True,0.33246492425036817,0.41434413472830667,3.0,False,2144.0,False,128.9701227449964,loose_placement
4900,False,,,,,,,,off_plate
4901,True,0.25036130915608845,0.25036130915608845,1.0,False,5373.0,True,60.17529235973826,loose_placement
4926,False,,,,,,,,off_plate
4927,True,0.36411196954285324,0.36411196954285324,1.0,False,7229.0,True,106.98304424621631,loose_placement
4930,True,0.03130141883606213,0.0,0.0,False,2450.0,False,50.9397372764745,loose_placement
4931,True,0.2845970928284631,0.40134775274302703,3.0,False,3822.0,False,323.54706377241735,loose_placement
4933,True,0.25351293373752964,0.36302628093560085,7.0,False,1007.0,True,383.3233297369318,loose_placement
4934,True,0.2586006617669417,0.2586006617669417,1.0,False,5797.0,False,56.56260232422306,loose_placement
4935,True,0.1926423197063545,0.1926423197063545,1.0,False,5453.0,False,115.9069316869552,loose_placement
4936,True,0.42250652678503803,0.36805893677333346,3.0,False,6052.0,True,168.3390813801899,loose_placement
4938,True,0.3137545484761618,0.24005221041818853,2.0,False,2183.0,False,137.15253541268982,loose_placement
4939,True,0.10221188820045238,0.0,0.0,False,4340.0,True,113.92182862419436,loose_placement
4940,True,0.0,0.0,0.0,True,,False,390.7611679848968,blank_plate
4941,True,0.13425232028674816,0.4280872148845373,5.0,False,1682.0,False,556.9198896840883,loose_placement
4942,True,0.4141194279154632,0.37263165961902295,2.0,False,6097.0,False,170.52952974680517,loose_placement
4944,True,0.029014397193376562,0.0,0.0,False,6677.0,False,76.16398148059669,loose_placement
4945,True,0.24618325208741607,0.2525693474646852,2.0,False,5170.0,False,99.632957179245,loose_placement
4947,True,0.6630721896623432,0.6630721896623432,1.0,False,3158.0,False,152.1851762912006,traced_single_cell
4948,True,0.13859252433576055,0.0,0.0,False,266.0,False,147.90151452692677,loose_placement
4950,True,0.0,0.0,0.0,False,,False,68.0869819214234,loose_placement
4951,True,0.2999053003224664,0.3469287053585513,3.0,False,5505.0,False,113.35387284613194,loose_placement
4952,True,0.16506174103858068,0.20877818701503245,2.0,False,1494.0,False,162.39637077296857,loose_placement
4953,True,0.11608845727141548,0.11608845727141548,1.0,False,3588.0,False,344.4362362476673,loose_placement
4954,False,,,,,,,,off_plate
4955,True,0.0,0.0,0.0,False,,False,167.0482319958935,loose_placement
4957,False,,,,,,,,off_plate
4958,True,0.1685255693521865,0.0,0.0,False,5373.0,True,50.6969071547762,loose_placement
4959,True,0.14313219089106002,0.0,0.0,False,7641.0,True,57.736818214300385,loose_placement
4984,True,0.5040664933267659,0.5040664933267659,1.0,False,7222.0,True,109.13069767925401,traced_single_cell
4987,True,0.12295286829917561,0.0,0.0,False,2386.0,False,56.74018590556519,loose_placement
4988,True,0.1737786604594987,0.39276400026551705,4.0,False,3998.0,False,449.51369674516127,loose_placement
4989,True,0.0,0.0,0.0,True,,False,419.43951044567666,blank_plate
4990,True,0.187576290891841,0.18951933102016125,2.0,False,1078.0,True,118.3997070070805,loose_placement
4991,True,0.26712416983882853,0.4524375829076446,2.0,False,5820.0,False,264.947563955325,loose_placement
4992,True,0.27442520234071277,0.27442520234071277,1.0,False,5489.0,False,115.81337557593275,loose_placement
4995,True,0.2529582134483515,0.2529582134483515,1.0,False,2219.0,False,161.006196659632,loose_placement
4998,True,0.0,0.0,0.0,False,,False,85.22246798204459,loose_placement
4999,True,0.3510537177357893,0.3510537177357893,1.0,False,6123.0,False,113.69043696575191,loose_placement
5001,True,0.04611817562712228,0.0,0.0,False,6677.0,False,68.11615074934396,loose_placement
5004,True,0.5689449291687237,0.5689449291687237,1.0,False,3148.0,False,118.75250858052945,traced_single_cell
5005,True,0.5317634854331543,0.5317634854331543,1.0,False,266.0,False,154.58274273442302,traced_single_cell
5006,True,0.05201045735128145,0.0,0.0,False,2043.0,False,114.50472428177868,loose_placement
5007,True,0.0,0.0,0.0,False,,False,60.08314105090999,loose_placement
5009,True,0.16461981235919546,0.1846648577643378,2.0,False,1494.0,False,91.76311334438275,loose_placement
5010,True,0.11375992595449091,0.11375992595449091,1.0,False,3588.0,False,143.8279636647573,loose_placement
5011,False,,,,,,,,off_plate
5012,True,0.16219650663509114,0.2106025845368092,2.0,False,2267.0,False,128.19231333983674,loose_placement
5014,False,,,,,,,,off_plate
5015,True,0.37866995229839717,0.33500011267770097,2.0,False,5362.0,True,61.69153343559442,loose_placement
5016,True,0.18190073332722076,0.18190073332722076,1.0,False,7641.0,True,79.55028281540243,loose_placement
5041,True,0.43048075539399994,0.43048075539399994,1.0,False,7220.0,True,115.07531221399907,loose_placement
5044,True,0.2647874799641925,0.2647874799641925,1.0,False,2386.0,False,52.43349721047029,loose_placement
5045,True,0.48395204973003114,0.48395204973003114,1.0,False,4068.0,False,112.3681556701698,loose_placement
5046,True,0.0,0.0,0.0,True,,False,188.0451268129319,blank_plate
5047,True,0.18318787176813514,0.20856243253242804,2.0,False,1159.0,True,99.19399657077287,loose_placement
5048,True,0.05167199755869327,0.0,0.0,False,5625.0,False,66.29287289546977,loose_placement
5049,True,0.23495074486860568,0.23495074486860568,1.0,False,5523.0,False,103.40174628237664,loose_placement
5052,True,0.38108033148840376,0.38108033148840376,1.0,False,2219.0,False,158.05537050253682,loose_placement
5053,False,,,,,,,,off_plate
5055,True,0.0,0.0,0.0,False,,False,109.07241351106495,loose_placement
5056,True,0.31993254792120895,0.40539685963623534,2.0,False,6151.0,False,126.2926372410666,loose_placement
5057,True,0.5340268472071519,0.5340268472071519,1.0,False,3722.0,False,122.96140318646403,traced_single_cell
5058,True,0.039465067754127184,0.0,0.0,False,6677.0,False,58.27302164320626,loose_placement
5059,True,0.24072328571402507,0.24072328571402507,1.0,False,125.0,False,416.226618330732,loose_placement
5061,True,0.4673238204870036,0.4019161455645761,2.0,False,3142.0,False,132.3242393942435,loose_placement
5062,True,0.46230373888477144,0.46230373888477144,1.0,False,278.0,False,119.10831630215633,loose_placement
5063,True,0.045335452391496965,0.0,0.0,False,2043.0,False,110.1678464648897,loose_placement
5064,True,0.31343824709712514,0.31343824709712514,1.0,False,2530.0,False,64.45077589882733,loose_placement
5066,True,0.21457074489980987,0.3219932920078063,3.0,False,1410.0,False,433.2658826653524,loose_placement
5067,True,0.0,0.0,0.0,False,,False,81.85942011928651,loose_placement
5068,False,,,,,,,,off_plate
5069,True,0.3553793690253133,0.4322471191843181,2.0,False,2267.0,False,157.80012244368373,loose_placement
5071,False,,,,,,,,off_plate
5073,True,0.12340507065725018,0.0,0.0,False,7641.0,True,81.18477020044007,loose_placement
5098,True,0.23084582970399273,0.2585001395912005,2.0,False,7219.0,False,329.89221062766586,loose_placement
5101,True,0.22589042203011594,0.2607091298761794,2.0,False,2304.0,False,354.4810813359523,loose_placement
5102,True,0.3417681068249365,0.399365032334903,2.0,False,4096.0,False,119.84475333807988,loose_placement
5104,True,0.21913139186658975,0.5369863363775885,10.0,False,1193.0,True,465.90547300748545,traced_merged_cells
5105,True,0.050111009463301256,0.0,0.0,False,5625.0,False,65.83469582695602,loose_placement
5106,True,0.16734084483007625,0.16734084483007625,1.0,False,5555.0,False,111.19284960636107,loose_placement
5109,True,0.44454948400955274,0.44454948400955274,1.0,False,2318.0,False,124.45801709382738,loose_placement
5110,False,,,,,,,,off_plate
5112,True,0.053884499871884206,0.0,0.0,False,1565.0,False,106.84131138657118,loose_placement
5113,True,0.38000122971513184,0.3151414344215877,2.0,False,6186.0,False,118.29860820384317,loose_placement
5114,True,0.33621231682511704,0.6416916494708802,3.0,False,3640.0,False,487.9518818216922,traced_merged_cells
5115,True,0.05226126113055704,0.0,0.0,False,6677.0,False,77.16752495993674,loose_placement
5118,True,0.495772004110488,0.45183129250897586,2.0,False,3135.0,False,139.1279423979334,loose_placement
5119,True,0.30918579969256715,0.30918579969256715,1.0,False,291.0,False,122.28632786654418,loose_placement
5120,True,0.06174786313346727,0.0,0.0,False,1989.0,False,104.52566612438497,loose_placement
5121,True,0.1843189067929681,0.1843189067929681,1.0,False,2441.0,False,95.8488529953106,loose_placement
5123,True,0.031701539175105105,0.0,0.0,False,1505.0,False,262.88709038631737,loose_placement
5126,True,0.1444774376895054,0.31395421658691863,6.0,False,2335.0,False,479.2288817925351,loose_placement
5128,False,,,,,,,,off_plate
5130,True,0.33102726152370476,0.35085033304545915,2.0,False,7606.0,True,52.859647359309385,loose_placement
5155,True,0.12267663164879444,0.2990887092855902,4.0,False,7134.0,True,366.0504968555082,loose_placement
5158,True,0.0699936172473431,0.0,0.0,False,2450.0,False,122.83378800600313,loose_placement
5159,True,0.28375098769470236,0.38197240408903105,2.0,False,4163.0,False,118.87381962001075,loose_placement
5161,True,0.3728379040109276,0.4359564433100884,2.0,False,1200.0,True,129.44749158891898,loose_placement
5162,True,0.0874591795835843,0.0,0.0,False,5625.0,False,118.52931850477374,loose_placement
5163,True,0.18964415190986234,0.18964415190986234,1.0,False,5555.0,False,126.7738998524908,loose_placement
5164,True,0.4676246516291966,0.4676246516291966,1.0,False,6163.0,True,115.55822563913709,loose_placement
5166,True,0.3116944418152264,0.3116944418152264,1.0,False,2318.0,False,122.49125419092582,loose_placement
5167,False,,,,,,,,off_plate
5168,True,0.0,0.0,0.0,True,,False,99.32931796736781,blank_plate
5169,True,0.11422196063350236,0.0,0.0,False,1505.0,False,134.21025155984796,loose_placement
5170,True,0.2523343628300878,0.2523343628300878,1.0,False,6233.0,False,128.95883584863935,loose_placement
5171,True,0.39769313046474986,0.39769313046474986,1.0,False,3481.0,False,107.7031300032994,loose_placement
5172,True,0.049676033526363045,0.0,0.0,False,6677.0,False,73.35024976683749,loose_placement
5176,True,0.4428292922687066,0.4428292922687066,1.0,False,291.0,False,116.45752582009821,loose_placement
5177,True,0.07903158085439567,0.0,0.0,False,1952.0,False,118.33073457270605,loose_placement
5178,True,0.13812988841446455,0.1807806330508032,2.0,False,2365.0,False,116.8550450442519,loose_placement
5180,True,0.10584596837399488,0.0,0.0,False,1565.0,False,101.72750156065808,loose_placement
5183,True,0.13323116409447894,0.13323116409447894,1.0,False,2328.0,False,141.9819328983225,loose_placement
5185,False,,,,,,,,off_plate
5212,True,0.2236856253607299,0.2980941481695376,3.0,False,7131.0,True,112.4517551236841,loose_placement
5215,True,0.037608148234321535,0.0,0.0,False,2526.0,False,50.653155882186205,loose_placement
5216,True,0.40327927926376733,0.4718201490668642,2.0,False,4227.0,False,200.24581822209407,loose_placement
5218,True,0.29975812126541407,0.4213218166685413,2.0,False,1173.0,True,130.42901281397874,loose_placement
5220,True,0.18893012669197404,0.19742626160189955,2.0,False,5571.0,False,163.4291543000611,loose_placement
5221,True,0.4146410680406088,0.4680543878137868,3.0,False,6189.0,True,112.8262218761705,loose_placement
5223,True,0.44986719630779676,0.44986719630779676,1.0,False,2369.0,False,136.38418935767893,loose_placement
5224,False,,,,,,,,off_plate
5225,True,0.0,0.0,0.0,False,,False,105.83093330351095,loose_placement
5226,True,0.2002772407897201,0.2002772407897201,1.0,False,1448.0,False,206.49917524041308,loose_placement
5227,True,0.31061331920500274,0.31061331920500274,1.0,False,6233.0,False,128.42899326344653,loose_placement
5228,True,0.2618836851067077,0.2618836851067077,1.0,False,3419.0,False,114.45952619688326,loose_placement
5229,True,0.16480522881092755,0.16480522881092755,1.0,False,6838.0,False,58.38346135807391,loose_placement
5233,True,0.0,0.0,0.0,False,,False,197.36808631075607,loose_placement
5235,True,0.12795466577189352,0.12795466577189352,1.0,False,2365.0,False,117.19409637822285,loose_placement
5237,True,0.10544587627922349,0.0,0.0,False,1635.0,False,68.52872361381502,loose_placement
5240,True,0.06832567009779833,0.0,0.0,False,2328.0,False,165.23118711882088,loose_placement
5244,True,0.44921495188707083,0.2901333355976585,3.0,False,3334.0,False,116.8027483293864,loose_placement
5269,True,0.37206360483904627,0.49751071543318603,2.0,False,7132.0,True,115.69871299937508,loose_placement
5271,False,,,,,,,,off_plate
5272,True,0.06568456916472211,0.0,0.0,False,2526.0,False,51.262108485718485,loose_placement
5273,True,0.3310376883858557,0.3310376883858557,1.0,False,4280.0,False,70.19165071823917,loose_placement
5275,True,0.1958789441032027,0.274200379422993,3.0,False,1188.0,True,107.62254033687005,loose_placement
5277,True,0.17348210944085252,0.17348210944085252,1.0,False,5592.0,False,98.4625437928813,loose_placement
5280,True,0.3885225149461971,0.3885225149461971,1.0,False,2419.0,False,138.72666547143308,loose_placement
5282,True,0.08429936018023468,0.0,0.0,False,1184.0,False,107.50617043651312,loose_placement
5283,True,0.20479384180164395,0.20479384180164395,1.0,False,1406.0,False,104.76912350803156,loose_placement
5284,True,0.36059655608949737,0.36059655608949737,1.0,False,6281.0,False,127.40565654445956,loose_placement
5285,True,0.271890415250661,0.3411767551857235,2.0,False,3419.0,False,179.41785718883125,loose_placement
5286,True,0.1676859784602209,0.1676859784602209,1.0,False,6838.0,False,103.30064902032346,loose_placement
5287,True,0.3034782225655868,0.3034782225655868,1.0,False,86.0,False,127.81176939001763,loose_placement
5290,True,0.05429971001495245,0.05429971001495245,1.0,False,348.0,False,561.0765933988545,loose_placement
5291,False,,,,,,,,off_plate
5292,True,0.24816247574523673,0.24816247574523673,1.0,False,2294.0,False,62.63823240966881,loose_placement
5294,True,0.17594398983217088,0.1927742271325499,2.0,False,1697.0,False,167.1727412236597,loose_placement
5297,True,0.22616238553692095,0.22616238553692095,1.0,False,2264.0,False,153.9431967094029,loose_placement
5301,True,0.3161180109622991,0.3161180109622991,1.0,False,3509.0,False,125.87682253855073,loose_placement
5326,True,0.3979061191239129,0.5707878362060065,2.0,False,7136.0,True,123.08343892498029,traced_merged_cells
5328,False,,,,,,,,off_plate
5329,True,0.0,0.0,0.0,False,,False,55.46969599197173,loose_placement
5330,True,0.17231001691567185,0.17231001691567185,1.0,False,4323.0,False,64.3703958334421,loose_placement
5332,True,0.3199147539154318,0.4243391860860557,3.0,False,1146.0,True,112.2598732449377,loose_placement
5333,True,0.23008927988514832,0.39109864434839753,3.0,False,6416.0,False,433.389311086362,loose_placement
5334,True,0.17426014239895424,0.4433988441374237,5.0,False,5703.0,False,398.48241396937965,loose_placement
5337,True,0.3244137566731411,0.3244137566731411,1.0,False,2484.0,False,140.32683720983908,loose_placement
5339,True,0.09827042942404386,0.09827042942404386,1.0,False,1184.0,False,117.76087851458904,loose_placement
5340,True,0.2892165335500237,0.2892165335500237,1.0,False,1358.0,False,104.05438100214133,loose_placement
5341,True,0.1976807445368104,0.1976807445368104,1.0,False,6318.0,False,121.71450316829349,loose_placement
5342,True,0.34879460270944196,0.34879460270944196,1.0,False,3343.0,False,112.41166507103202,loose_placement
5343,True,0.040867993650670814,0.0,0.0,False,6677.0,False,60.34454301097465,loose_placement
5344,True,0.2534591478503558,0.2534591478503558,1.0,False,82.0,False,138.609363120418,loose_placement
5347,True,0.0,0.0,0.0,True,,False,127.67893037873,blank_plate
5348,False,,,,,,,,off_plate
5349,True,0.19542280989809352,0.19542280989809352,1.0,False,2240.0,False,69.00577910075177,loose_placement
5351,True,0.3508478451073159,0.36114267151272633,2.0,False,1756.0,False,205.1917014537588,loose_placement
5352,True,0.0,0.0,0.0,False,,False,142.5288174868424,loose_placement
5354,True,0.30984853257054207,0.30984853257054207,1.0,False,2227.0,False,169.07106660295608,loose_placement
5357,True,0.0,0.0,0.0,False,,False,65.99402115809526,loose_placement
5383,True,0.3263256065468731,0.3263256065468731,1.0,False,7135.0,True,116.09790948995605,loose_placement
5385,False,,,,,,,,off_plate
5386,True,0.0,0.0,0.0,False,,False,61.16305604844423,loose_placement
5387,True,0.2220871792132751,0.2220871792132751,1.0,False,4323.0,False,118.3362833493672,loose_placement
5389,True,0.20602243708271256,0.24933808558806805,3.0,False,1166.0,True,120.69687566323749,loose_placement
5391,True,0.2616634512932031,0.3091780535539148,2.0,False,5766.0,False,194.45579979218425,loose_placement
5394,True,0.15728602285990076,0.15728602285990076,1.0,False,2484.0,False,128.33461330387559,loose_placement
5396,True,0.11477390422571535,0.11477390422571535,1.0,False,1184.0,False,120.42186952086034,loose_placement
5397,True,0.3003794716644769,0.3003794716644769,1.0,False,1310.0,False,87.93952903142288,loose_placement
5398,True,0.22057453447314682,0.5953695787376571,5.0,False,6318.0,False,420.6833182919074,traced_merged_cells
5399,True,0.41480720832704965,0.4691503198702115,2.0,False,3295.0,False,124.90759871292109,loose_placement
5404,True,0.0,0.0,0.0,False,,False,127.30261095165491,loose_placement
5405,False,,,,,,,,off_plate
5406,True,0.2718147420143853,0.3881975849035915,2.0,False,2223.0,False,108.6719347124621,loose_placement
5408,True,0.26631183361259303,0.6257477468979046,4.0,False,1899.0,False,317.77126372523264,traced_merged_cells
5409,True,0.1966086442094397,0.1966086442094397,1.0,False,162.0,False,160.35017897216517,loose_placement
5411,True,0.34795663063298155,0.34795663063298155,1.0,False,2191.0,False,145.03472554533036,loose_placement
5414,True,0.0,0.0,0.0,False,,False,103.10533292093989,loose_placement
5415,True,0.3102535082374041,0.32136756041349707,3.0,False,3059.0,False,105.6286836050121,loose_placement
5440,True,0.2638456652679052,0.2638456652679052,1.0,False,7133.0,True,114.8480247803158,loose_placement
5441,True,0.0,0.0,0.0,True,,False,174.61798030640094,blank_plate
5443,True,0.0,0.0,0.0,False,,False,122.40362882621243,loose_placement
5444,True,0.1831957942708711,0.26654666137980343,3.0,False,4395.0,False,349.4987427246765,loose_placement
5446,True,0.3062562203966412,0.37524772579300514,2.0,False,1128.0,True,105.50154589624348,loose_placement
5447,True,0.0,0.0,0.0,False,,False,131.14169634921993,loose_placement
5448,True,0.2504615866653377,0.2504615866653377,1.0,False,5824.0,False,125.04001105593946,loose_placement
5451,True,0.36173908933539434,0.46382101640433754,3.0,False,2614.0,False,657.2867213552495,loose_placement
5453,True,0.12111119896973149,0.12111119896973149,1.0,False,1184.0,False,99.96464875955945,loose_placement
5455,True,0.35598552557442215,0.5116960069288864,2.0,False,6403.0,True,199.84886782760412,traced_merged_cells
5456,True,0.3468243345981192,0.4699106688402939,3.0,False,3141.0,False,434.6718544470592,loose_placement
5457,True,0.24555245424229527,0.24555245424229527,1.0,False,6781.0,False,131.8756484483202,loose_placement
5463,True,0.436150589797898,0.4437208521917689,2.0,False,2179.0,False,117.57880057056387,loose_placement
5465,True,0.4519264338214409,0.5678430630193159,2.0,False,1998.0,False,106.67207678933633,traced_merged_cells
5468,True,0.14639932442287795,0.14639932442287795,1.0,False,2191.0,False,134.04567929296297,loose_placement
5472,True,0.08561929520417592,0.0,0.0,False,3002.0,False,108.51478756256574,loose_placement
5497,True,0.1976726746538014,0.288570883891734,2.0,False,7130.0,True,123.84750564246424,loose_placement
5498,True,0.0,0.0,0.0,True,,False,115.87340791786312,blank_plate
5500,True,0.0881189270715288,0.0,0.0,False,2738.0,False,49.69591151825909,loose_placement
5501,True,0.13238316333271646,0.0,0.0,False,4264.0,False,67.07580320176038,loose_placement
5503,True,0.39304255421927914,0.31062264998276196,4.0,False,1074.0,True,130.41354086631614,loose_placement
5504,True,0.0,0.0,0.0,False,,False,120.46177637809001,loose_placement
5505,True,0.20227852631573892,0.20227852631573892,1.0,False,5834.0,False,124.44752673281087,loose_placement
5508,True,0.44737595475357583,0.44737595475357583,1.0,False,2709.0,False,119.07856853697267,loose_placement
5510,True,0.04588414296349177,0.0,0.0,False,1184.0,False,109.81440981226399,loose_placement
5512,True,0.48607466413191075,0.48607466413191075,1.0,False,6398.0,True,112.78650093712189,loose_placement
5513,True,0.1341218136846466,0.1341218136846466,1.0,False,3310.0,False,110.9106271431988,loose_placement
5514,True,0.05025675469648158,0.0,0.0,False,6677.0,False,81.20893057373753,loose_placement
5520,True,0.15992922527575365,0.15992922527575365,1.0,False,2142.0,False,265.3544466780189,loose_placement
5522,True,0.5753478203997275,0.5267132797383101,2.0,False,2057.0,False,121.65029016743236,traced_single_cell
5524,False,,,,,,,,off_plate
5525,True,0.2681254729618234,0.2681254729618234,1.0,False,2151.0,False,134.813992298136,loose_placement
5526,False,,,,,,,,off_plate
5527,False,,,,,,,,off_plate
5528,True,0.0,0.0,0.0,False,,False,174.69551558558857,loose_placement
5529,True,0.08327121704187601,0.0,0.0,False,3041.0,False,105.91902451253843,loose_placement
5554,True,0.29301797145543984,0.29301797145543984,1.0,False,7130.0,True,101.79933832002028,loose_placement
5555,True,0.0,0.0,0.0,True,,False,133.7134156935898,blank_plate
5557,True,0.15681184799775583,0.15681184799775583,1.0,False,2738.0,False,50.047525027096825,loose_placement
5560,True,0.4821067270989739,0.4929546100490437,3.0,False,1053.0,True,124.90056178597081,loose_placement
5561,True,0.0,0.0,0.0,False,,False,111.34228199939454,loose_placement
5563,True,0.2815396817951367,0.6169535381283567,5.0,False,6363.0,True,468.05198563889246,traced_merged_cells
5565,True,0.47862174411867453,0.6417138396774442,2.0,False,2787.0,False,156.55661255115945,traced_merged_cells
5567,True,0.0,0.0,0.0,True,,False,102.92091927808976,blank_plate
5569,True,0.3538419517661532,0.42459530977828625,2.0,False,6399.0,True,115.2167824387411,loose_placement
5570,True,0.21079765641914217,0.24176966998942076,2.0,False,3141.0,False,193.26660547585706,loose_placement
5571,True,0.045590726718980304,0.0,0.0,False,6677.0,False,70.73924411447305,loose_placement
5577,True,0.0,0.0,0.0,False,,False,107.59217621361596,loose_placement
5579,True,0.5377353344669393,0.5377353344669393,1.0,False,2096.0,False,111.284738841106,traced_single_cell
5582,True,0.40910200562374893,0.40910200562374893,1.0,False,2116.0,False,132.42223026265208,loose_placement
5583,False,,,,,,,,off_plate
5585,True,0.0,0.0,0.0,False,,False,69.38451965106428,loose_placement
5586,True,0.08281676741673108,0.0,0.0,False,3041.0,False,105.34097530543686,loose_placement
5610,False,,,,,,,,off_plate
5611,True,0.47645822559530343,0.47645822559530343,1.0,False,7124.0,True,101.26762114117534,loose_placement
5613,False,,,,,,,,off_plate
5614,True,0.07429937834072554,0.0,0.0,False,2774.0,False,51.109801424639194,loose_placement
5617,True,0.678139921576725,0.678139921576725,1.0,False,1035.0,True,172.22542492925254,traced_single_cell
5618,True,0.0,0.0,0.0,False,,False,349.4805054217348,loose_placement
5619,True,0.40052211974634205,0.40052211974634205,1.0,False,5591.0,False,176.64575950312795,loose_placement
5620,True,0.2761241812604939,0.3260456756268146,2.0,False,6308.0,True,112.23576157305932,loose_placement
5622,True,0.22725785982059024,0.5344725331767014,4.0,False,2887.0,False,220.51495442827104,traced_merged_cells
5624,True,0.0,0.0,0.0,True,,False,101.41682208259832,blank_plate
5626,True,0.2111560225448665,0.27772532346898743,3.0,False,6397.0,True,114.32188393107971,loose_placement
5634,True,0.0,0.0,0.0,False,,False,66.33058289744196,loose_placement
5636,True,0.3160093975156449,0.3160093975156449,1.0,False,2162.0,False,106.68626890343386,loose_placement
5639,True,0.4537821635990403,0.5828478318651167,2.0,False,2075.0,False,166.82570195793562,traced_merged_cells
5642,True,0.0,0.0,0.0,False,,False,107.69010428305155,loose_placement
5643,True,0.2510620674196944,0.2510620674196944,1.0,False,3116.0,False,109.0726538244843,loose_placement
5667,False,,,,,,,,off_plate
5668,True,0.48130580940904033,0.48130580940904033,1.0,False,7125.0,True,113.8410789999747,loose_placement
5670,False,,,,,,,,off_plate
5671,True,0.16591904104397362,0.16591904104397362,1.0,False,2774.0,False,68.24194107787112,loose_placement
5672,True,0.2519310319958041,0.2783535685116754,2.0,False,3626.0,False,55.22285698915917,loose_placement
5674,True,0.43016008492127045,0.5657771910781272,2.0,False,1013.0,True,112.94609761085468,traced_merged_cells
5677,True,0.27082482139824066,0.31019552413621954,2.0,False,6274.0,True,107.39781053252905,loose_placement
5680,False,,,,,,,,off_plate
5681,True,0.07670290366029686,0.0,0.0,False,1225.0,False,109.8543799522272,loose_placement
5683,True,0.13919817550798227,0.43450116944283507,7.0,False,6386.0,True,648.0354525467789,loose_placement
5684,True,0.1995496746648034,0.28933038273653505,3.0,False,3639.0,False,254.90530927651292,loose_placement
5688,False,,,,,,,,off_plate
5691,True,0.0,0.0,0.0,False,,False,97.9138436295,loose_placement
5693,True,0.20434887976371002,0.4269586890767335,4.0,False,2194.0,False,422.32401614389596,loose_placement
5695,False,,,,,,,,off_plate
5696,True,0.19030269910856173,0.5822644321589181,7.0,False,1874.0,False,799.0556324998429,traced_merged_cells
5699,True,0.0,0.0,0.0,False,,False,109.6992383538249,loose_placement
5700,True,0.16165877283692764,0.16513056316164193,2.0,False,3165.0,False,107.30930098618883,loose_placement
5724,False,,,,,,,,off_plate
5725,True,0.3598766738416644,0.3598766738416644,1.0,False,7123.0,True,111.0663989403614,loose_placement
5727,False,,,,,,,,off_plate
5728,True,0.199869612194305,0.199869612194305,1.0,False,2865.0,False,65.607022540697,loose_placement
5729,True,0.33689602327981377,0.3990135571100412,2.0,False,3626.0,False,67.43581297909127,loose_placement
5731,True,0.5027754486963687,0.5027754486963687,1.0,False,998.0,True,100.1876070669057,traced_single_cell
5734,True,0.2814045167438873,0.308988565247011,2.0,False,6250.0,True,117.65983371273184,loose_placement
5735,False,,,,,,,,off_plate
5737,False,,,,,,,,off_plate
5738,True,0.2977533652521542,0.40859047406169524,3.0,False,1192.0,False,122.56728672994771,loose_placement
5741,True,0.09995611126941428,0.0,0.0,False,3474.0,False,65.25595623785317,loose_placement
5742,True,0.3084582826235861,0.3084582826235861,1.0,False,3719.0,False,59.98368549674096,loose_placement
5745,False,,,,,,,,off_plate
5748,True,0.0,0.0,0.0,False,,False,68.29536814856361,loose_placement
5750,True,0.18894300488296764,0.18894300488296764,1.0,False,2076.0,False,69.3656935044703,loose_placement
5752,False,,,,,,,,off_plate
5753,True,0.3762803756126507,0.5226889052841815,2.0,False,1780.0,False,151.5866999297256,traced_merged_cells
5756,True,0.0,0.0,0.0,False,,False,333.3629307779761,loose_placement
5757,True,0.235767344730444,0.235767344730444,1.0,False,3165.0,False,125.14772683057097,loose_placement
5782,True,0.2365988403153057,0.2804833018891381,2.0,False,7120.0,True,112.69607349841714,loose_placement
5785,True,0.1894503511628857,0.1894503511628857,1.0,False,2865.0,False,57.91275145712714,loose_placement
5786,True,0.42389766324228867,0.47388818583930453,2.0,False,3674.0,False,65.4265290195974,loose_placement
5791,True,0.3094122392263221,0.32216562841555096,2.0,False,6230.0,True,113.53767746437956,loose_placement
5792,False,,,,,,,,off_plate
5793,True,0.20406236238430964,0.20406236238430964,1.0,False,5330.0,True,156.3010449363354,loose_placement
5794,False,,,,,,,,off_plate
5795,True,0.11650869511706341,0.2774277078327092,5.0,False,989.0,False,875.5793938130956,loose_placement
5798,True,0.12434691288402627,0.12434691288402627,1.0,False,3456.0,False,260.0109268439034,loose_placement
5799,True,0.24960368963007173,0.24960368963007173,1.0,False,3642.0,False,61.75909554091709,loose_placement
5802,False,,,,,,,,off_plate
5803,True,0.0,0.0,0.0,False,,False,118.10134740405302,loose_placement
5805,True,0.0,0.0,0.0,True,,False,113.28955671864597,blank_plate
5807,True,0.13594683724793227,0.13594683724793227,1.0,False,2021.0,False,116.50215212567468,loose_placement
5808,True,0.2523067662222934,0.2523067662222934,1.0,False,101.0,False,126.36632791652694,loose_placement
5810,True,0.28773747881381795,0.2624358793229977,2.0,False,1813.0,False,145.21492480300327,loose_placement
5839,True,0.16952722933736109,0.26255893589091495,2.0,False,7121.0,True,406.3410308856346,loose_placement
5842,True,0.25766212679544453,0.25766212679544453,1.0,False,2935.0,False,59.64821587473014,loose_placement
5843,True,0.23388089667252235,0.3157127868003741,2.0,False,3708.0,False,54.333801632893355,loose_placement
5846,True,0.4022880448854002,0.4022880448854002,1.0,False,6173.0,False,65.38796622906328,loose_placement
5848,True,0.2981419491816168,0.3384532381523237,2.0,False,6179.0,True,118.6844938294225,loose_placement
5849,False,,,,,,,,off_plate
5850,True,0.09191270243743511,0.0,0.0,False,5330.0,True,62.665863084436786,loose_placement
5851,False,,,,,,,,off_plate
5852,True,0.21337742286758518,0.2295297421971662,2.0,False,970.0,False,170.46332649498373,loose_placement
5853,True,0.0,0.0,0.0,False,,False,163.82234614883416,loose_placement
5856,True,0.36580972324725086,0.37125627587198634,2.0,False,3585.0,False,179.3325637770091,loose_placement
5858,False,,,,,,,,off_plate
5859,False,,,,,,,,off_plate
5860,True,0.0,0.0,0.0,False,,False,128.86298741456358,loose_placement
5862,True,0.0,0.0,0.0,True,,False,115.30242549387361,blank_plate
5864,True,0.10948112308198395,0.09688267853190781,1.0,False,2021.0,False,118.61417230237976,loose_placement
5865,True,0.3564980787511112,0.3564980787511112,1.0,False,101.0,False,134.9918936159956,loose_placement
5867,True,0.04057840156545389,0.0,0.0,False,1847.0,False,158.51347238695055,loose_placement
5900,True,0.2035147075617214,0.2035147075617214,1.0,False,2935.0,False,63.6935283817842,loose_placement
5901,True,0.35593972811986746,0.4774466605331042,2.0,False,3743.0,False,64.13868896859285,loose_placement
5902,True,0.23350989939362526,0.2993334246352886,3.0,False,2679.0,True,108.96825553435288,loose_placement
5904,True,0.45099762683030636,0.45099762683030636,1.0,False,6182.0,False,63.94808140939717,loose_placement
5905,True,0.5393994754751447,0.5393994754751447,1.0,False,5723.0,False,106.45586433062759,traced_single_cell
5906,True,0.19446071792034958,0.2962013360875089,4.0,False,6150.0,True,230.31299973688004,loose_placement
5908,True,0.20771296795147143,0.41391943615772225,5.0,False,5483.0,True,420.29478260018544,loose_placement
5909,False,,,,,,,,off_plate
5910,True,0.2784521536897489,0.2784521536897489,1.0,False,955.0,False,172.95827669136813,loose_placement
5911,True,0.5316207612209187,0.5316207612209187,1.0,False,3618.0,False,144.62822403025442,traced_single_cell
5914,True,0.23822468003513836,0.23822468003513836,1.0,False,3532.0,False,57.0908097472833,loose_placement
5917,False,,,,,,,,off_plate
5918,True,0.0,0.0,0.0,False,,False,136.52989110899077,loose_placement
5920,True,0.0,0.0,0.0,True,,False,139.0614029196658,blank_plate
5922,True,0.11795627050230091,0.11795627050230091,1.0,False,1916.0,False,188.863682070285,loose_placement
5923,True,0.0,0.0,0.0,False,,False,205.87266768465855,loose_placement
5925,True,0.0,0.0,0.0,False,,False,160.0196633153557,loose_placement
5929,True,0.2772975231351896,0.33717084859154167,2.0,False,3294.0,False,113.33750287615263,loose_placement
5958,True,0.22168857305305967,0.22168857305305967,1.0,False,2992.0,False,60.559614248508126,loose_placement
5959,True,0.12883951408818659,0.6199143093350785,11.0,False,3866.0,False,374.9018864887553,traced_merged_cells
5960,True,0.15679113378976073,0.5204052140589421,9.0,False,2636.0,True,458.7704128518791,traced_merged_cells
5961,True,0.026055320639934033,0.0,0.0,False,647.0,True,116.12965971570333,loose_placement
5962,True,0.2702431922018201,0.2888575709567384,2.0,False,6182.0,False,67.10039977298241,loose_placement
5963,True,0.25064780409488635,0.25064780409488635,1.0,False,5693.0,False,113.15699604093442,loose_placement
5964,True,0.30496104322294515,0.44271146201796013,5.0,False,6076.0,True,291.5663544837799,loose_placement
5966,True,0.32332420697353115,0.6357641965220298,3.0,False,5415.0,True,304.2835816544606,traced_merged_cells
5967,False,,,,,,,,off_plate
5968,True,0.3340160659026679,0.3340160659026679,1.0,False,944.0,False,178.26056050395295,loose_placement
5969,True,0.38904654358928664,0.38904654358928664,1.0,False,3557.0,False,126.91850883574455,loose_placement
5971,True,0.16761838598656162,0.16761838598656162,1.0,False,3432.0,False,170.79101855687762,loose_placement
5972,True,0.23810199080145864,0.23810199080145864,1.0,False,3532.0,False,59.72417531025061,loose_placement
5975,False,,,,,,,,off_plate
5976,True,0.31274980704386585,0.31274980704386585,1.0,False,334.0,False,208.883013174854,loose_placement
5978,True,0.0,0.0,0.0,True,,False,126.16684458363896,blank_plate
5980,True,0.07256814236058187,0.0,0.0,False,1818.0,False,115.90740753612306,loose_placement
5983,True,0.0,0.0,0.0,False,,False,148.38608171115277,loose_placement
5987,True,0.2782753356975167,0.41602421779653714,3.0,False,3390.0,False,115.77965430409209,loose_placement
6016,True,0.1339730541448146,0.0,0.0,False,2992.0,False,56.33944763576781,loose_placement
6017,True,0.11598462925234648,0.0,0.0,False,3788.0,False,65.33700822527842,loose_placement
6018,True,0.4165872757034493,0.4165872757034493,1.0,False,2455.0,True,126.8687744636762,loose_placement
6019,True,0.0748348447715022,0.0,0.0,False,647.0,True,106.6689316349104,loose_placement
6020,True,0.3872701585578611,0.3872701585578611,1.0,False,6192.0,False,109.17925706965212,loose_placement
6021,True,0.2948335102086632,0.2948335102086632,1.0,False,5693.0,False,110.05299604367079,loose_placement
6022,True,0.3543433610443358,0.545316657853045,4.0,False,6042.0,True,169.21403153658198,traced_merged_cells
6024,True,0.5189076155287762,0.5189076155287762,1.0,False,5300.0,True,119.43855214842159,traced_single_cell
6025,False,,,,,,,,off_plate
6026,True,0.0,0.0,0.0,False,,False,125.68921098996613,loose_placement
6027,True,0.2645894572253154,0.3058485119426676,2.0,False,3482.0,False,153.1928277797631,loose_placement
6029,True,0.0,0.0,0.0,False,,False,297.7233030273901,loose_placement
6030,True,0.3685272432282975,0.4761816191141016,2.0,False,3489.0,False,214.2829425449769,loose_placement
6033,False,,,,,,,,off_plate
6034,True,0.33725344236031246,0.3415144331960901,2.0,False,325.0,False,136.60452216364544,loose_placement
6036,True,0.0,0.0,0.0,True,,False,279.0552219663728,blank_plate
6037,True,0.3513282855325233,0.3513282855325233,1.0,False,4844.0,False,107.17595293033922,loose_placement
6038,True,0.04218334839298704,0.0,0.0,False,1818.0,False,124.52997460496758,loose_placement
6039,True,0.0,0.0,0.0,False,,False,138.37236975420106,loose_placement
6041,True,0.0,0.0,0.0,False,,False,159.71039825904782,loose_placement
6074,True,0.3070774434165144,0.3070774434165144,1.0,False,3072.0,False,66.51786473536447,loose_placement
6075,True,0.061276485149876415,0.0,0.0,False,3716.0,False,62.26701391682785,loose_placement
6076,True,0.34050382790625106,0.3993378447083464,3.0,False,2402.0,True,216.11026938072067,loose_placement
6077,True,0.12473782607756694,0.12473782607756694,1.0,False,658.0,True,102.01479050402664,loose_placement
6078,True,0.13248217161213502,0.26230156501834817,3.0,False,6206.0,False,415.2691773031454,loose_placement
6079,True,0.6195578218446062,0.6195578218446062,1.0,False,5655.0,False,113.85592228149905,traced_single_cell
6080,True,0.3137322269059387,0.3832424140361889,2.0,False,5952.0,True,119.54795101601269,loose_placement
6082,True,0.4583619677470498,0.39470118175216595,2.0,False,5245.0,True,172.37104381622999,loose_placement
6083,False,,,,,,,,off_plate
6084,True,0.0,0.0,0.0,False,,False,115.97377133652205,loose_placement
6085,True,0.35347524950551795,0.38777243540012823,2.0,False,3433.0,False,227.90972119428744,loose_placement
6087,True,0.022716989890449676,0.0,0.0,False,3432.0,False,330.7581142557242,loose_placement
6088,True,0.11386075822775787,0.0,0.0,False,3475.0,False,57.899548697631346,loose_placement
6091,False,,,,,,,,off_plate
6094,True,0.0,0.0,0.0,True,,False,107.235414982762,blank_plate
6095,True,0.36086328348208635,0.36086328348208635,1.0,False,4875.0,False,174.70384252648145,loose_placement
6096,True,0.08341188633820233,0.0,0.0,False,1863.0,False,109.60473847300297,loose_placement
6097,True,0.0948464801170985,0.0,0.0,False,151.0,False,147.85259554401838,loose_placement
6099,True,0.0,0.0,0.0,False,,False,244.50876445441816,loose_placement
6102,True,0.2953907783434023,0.2953907783434023,1.0,False,4282.0,False,123.47731310734854,loose_placement
6103,True,0.4448156865469309,0.5803865259989461,2.0,False,3559.0,False,152.90284026576194,traced_merged_cells
6129,True,0.12283790977173363,0.21239433475118086,2.0,False,939.0,False,458.4777259880911,loose_placement
6132,True,0.15924280973171104,0.15924280973171104,1.0,False,3134.0,False,62.28453155526944,loose_placement
6133,True,0.08607925359402936,0.0,0.0,False,3716.0,False,51.35101308892866,loose_placement
6134,True,0.16148932618023845,0.5363019222613372,11.0,False,2261.0,True,582.7009761959432,traced_merged_cells
6135,True,0.11277411636951723,0.11277411636951723,1.0,False,658.0,True,176.4327384172453,loose_placement
6136,True,0.19803616016769235,0.19803616016769235,1.0,False,6130.0,False,114.5882206900084,loose_placement
6137,True,0.3424779783114985,0.3424779783114985,1.0,False,5616.0,False,184.15631975806772,loose_placement
6138,True,0.2334659099819914,0.2501483234601712,2.0,False,5927.0,True,124.78568835829742,loose_placement
6140,True,0.46832775594901727,0.46832775594901727,1.0,False,5150.0,True,109.94397117009962,loose_placement
6143,True,0.41165783304097864,0.41165783304097864,1.0,False,3381.0,False,157.5820967903869,loose_placement
6145,True,0.0445595261968285,0.0,0.0,False,3432.0,False,96.14718063589127,loose_placement
6146,True,0.11810131157184983,0.0,0.0,False,3475.0,False,66.28343452962848,loose_placement
6149,False,,,,,,,,off_plate
6152,True,0.0,0.0,0.0,True,,False,110.42315028892256,blank_plate
6153,True,0.2557410080616147,0.2557410080616147,1.0,False,4915.0,False,98.07348084493802,loose_placement
6154,True,0.08432493591160792,0.18841006715733538,4.0,False,1618.0,False,449.7109741897402,loose_placement
6155,True,0.23661911794904303,0.4184083447544483,3.0,False,165.0,False,453.33633257058574,loose_placement
6157,True,0.0,0.0,0.0,False,,False,131.7295787649794,loose_placement
6158,False,,,,,,,,off_plate
6160,True,0.2288517894938946,0.2288517894938946,1.0,False,4282.0,False,127.12089791722534,loose_placement
6161,True,0.312077727424868,0.312077727424868,1.0,False,3509.0,False,102.64718706140515,loose_placement
6186,True,0.5911918990177337,0.5911918990177337,1.0,False,6480.0,False,60.40053823815337,traced_single_cell
6187,True,0.3178489101739596,0.4901661171558004,2.0,False,982.0,False,123.99773103467685,loose_placement
6190,True,0.27064960128676,0.27064960128676,1.0,False,3134.0,False,53.28038685583553,loose_placement
6191,True,0.06623073244946538,0.0,0.0,False,3648.0,False,56.9620055903439,loose_placement
6192,True,0.3532337873759141,0.4104580751049832,4.0,False,2234.0,True,156.74643559625096,loose_placement
6193,True,0.16991679158580114,0.2813242939326721,3.0,False,703.0,True,436.3192080483475,loose_placement
6194,True,0.1765159905965929,0.1765159905965929,1.0,False,6089.0,False,110.86004085590618,loose_placement
6195,True,0.37222760104336367,0.37222760104336367,1.0,False,5590.0,False,111.11525088175935,loose_placement
6198,True,0.3573234732213194,0.4019281657755909,2.0,False,5098.0,True,176.67191048699533,loose_placement
6201,True,0.3650019602354917,0.3650019602354917,1.0,False,3318.0,False,143.18687954651952,loose_placement
6203,True,0.042857411291116435,0.0,0.0,False,3432.0,False,106.01010846144175,loose_placement
6204,True,0.24352772505875436,0.24352772505875436,1.0,False,3610.0,False,67.12959816595222,loose_placement
6207,False,,,,,,,,off_plate
6208,True,0.0,0.0,0.0,False,,False,138.2684088350066,loose_placement
6210,True,0.0,0.0,0.0,True,,False,170.3371719161453,blank_plate
6211,True,0.01329651973102936,0.0,0.0,False,4628.0,False,480.33668134495827,loose_placement
6214,False,,,,,,,,off_plate
6215,True,0.0,0.0,0.0,False,,False,147.87146104218095,loose_placement
6216,False,,,,,,,,off_plate
6218,True,0.344681784081558,0.344681784081558,1.0,False,4200.0,False,122.72592940213069,loose_placement
6219,True,0.4442086472763443,0.4442086472763443,1.0,False,3465.0,False,116.8274640855159,loose_placement
6244,True,0.4089248435363924,0.5664596461164474,2.0,False,6485.0,False,114.41741380239208,traced_merged_cells
6245,True,0.30824512544649946,0.40476853457790896,2.0,False,1000.0,False,121.06072788663786,loose_placement
6248,True,0.21917525202849278,0.21917525202849278,1.0,False,3196.0,False,60.199334233098995,loose_placement
6249,True,0.09818981671394658,0.0,0.0,False,3648.0,False,62.37252353772419,loose_placement
6250,True,0.24559031401189937,0.39511639805987525,3.0,False,2283.0,True,216.20148676192264,loose_placement
6251,True,0.17849204891961715,0.22596765424636084,2.0,False,703.0,True,109.70772144235839,loose_placement
6252,True,0.1657603990627143,0.18451036206863625,2.0,False,6044.0,False,188.8382926711265,loose_placement
6253,True,0.2090003629086411,0.3079708951021621,2.0,False,5567.0,False,120.28466596168667,loose_placement
6256,True,0.3710206682326436,0.37210543258765466,2.0,False,5054.0,False,116.54184933048741,loose_placement
6258,True,0.4726740012537314,0.4083925691652332,3.0,False,4327.0,False,143.45715564918993,loose_placement
6259,True,0.35049896886184906,0.35049896886184906,1.0,False,3265.0,False,142.00381297836512,loose_placement
6261,True,0.025157412711433118,0.0,0.0,False,3432.0,False,65.68133650527535,loose_placement
6262,True,0.2270733655054215,0.2270733655054215,1.0,False,3610.0,False,56.53123325043988,loose_placement
6265,False,,,,,,,,off_plate
6266,True,0.2658081080022046,0.2658081080022046,1.0,False,283.0,False,461.17566276592623,loose_placement
6268,True,0.0,0.0,0.0,True,,False,160.98832272938284,blank_plate
6269,True,0.043359616494512684,0.0,0.0,False,4628.0,False,107.71648943272598,loose_placement
6273,True,0.0,0.0,0.0,False,,False,170.9374321468989,loose_placement
6274,False,,,,,,,,off_plate
6276,True,0.17018000731285887,0.0,0.0,False,4200.0,False,123.01991443957517,loose_placement
6277,True,0.42250631822695517,0.42250631822695517,1.0,False,3421.0,False,110.95547586733423,loose_placement
6302,True,0.24916445579922825,0.4185240190400043,3.0,False,6516.0,False,225.5744835515595,loose_placement
6303,True,0.17914425767215522,0.23574594962158094,2.0,False,1000.0,False,127.59103872736328,loose_placement
6306,True,0.22284918775827886,0.22284918775827886,1.0,False,3196.0,False,52.71275354486969,loose_placement
6307,True,0.0774305031258284,0.0,0.0,False,3592.0,False,57.707836614567405,loose_placement
6308,True,0.15459276736726085,0.4950580677330003,11.0,False,2444.0,True,588.7314951877765,loose_placement
6309,True,0.11973671184822066,0.0,0.0,False,759.0,True,111.6764903505471,loose_placement
6310,True,0.11411378825137258,0.0,0.0,False,5940.0,False,116.87551559580228,loose_placement
6311,True,0.5067963234243074,0.4957808451852159,2.0,False,5559.0,False,124.07285611591021,traced_single_cell
6314,True,0.40911517675462866,0.5643310467187244,3.0,False,4959.0,False,276.47671390275974,traced_merged_cells
6316,True,0.41008364194304897,0.39808792179876507,3.0,False,4277.0,False,138.56672251074647,loose_placement
6317,True,0.22215819561114653,0.4554363880373561,4.0,False,3081.0,False,391.8549199263606,loose_placement
6320,True,0.36611341079573967,0.36611341079573967,1.0,False,3664.0,False,121.12128906878438,loose_placement
6323,False,,,,,,,,off_plate
6324,True,0.0,0.0,0.0,False,,False,124.17109470398418,loose_placement
6326,True,0.0,0.0,0.0,True,,False,64.72900851449957,blank_plate
6327,True,0.1217838312266812,0.0,0.0,False,4628.0,False,288.3294632804588,loose_placement
6331,True,0.0,0.0,0.0,False,,False,150.71363907673208,loose_placement
6332,False,,,,,,,,off_plate
6334,True,0.41548186381486274,0.41548186381486274,1.0,False,4128.0,False,386.69210421187745,loose_placement
6335,True,0.25200200642978,0.24846219736831698,2.0,False,3360.0,False,112.23984017135095,loose_placement
6360,True,0.12651476533065598,0.24212263207941295,4.0,False,6406.0,False,288.2809667532497,loose_placement
6361,True,0.3411392822402417,0.4498122740029448,2.0,False,1023.0,False,110.44575650643868,loose_placement
6364,True,0.3332509312201273,0.3332509312201273,1.0,False,3262.0,False,123.06022533535354,loose_placement
6365,True,0.07888080822350167,0.0,0.0,False,3592.0,False,51.66531530013332,loose_placement
6366,True,0.32709090785032247,0.4481651696114684,4.0,False,2469.0,True,125.2648479383302,loose_placement
6367,True,0.19990293347811938,0.19990293347811938,1.0,False,804.0,True,179.9349443004166,loose_placement
6368,True,0.09175707928510539,0.0,0.0,False,5901.0,False,114.52613894989499,loose_placement
6369,True,0.48990898754953055,0.5106013748093883,2.0,False,5551.0,False,126.2627133870319,traced_merged_cells
6372,True,0.2705244669548401,0.5694631358534623,6.0,False,4847.0,False,531.7020848127629,traced_merged_cells
6374,True,0.381130015902432,0.4713436970359048,2.0,False,4191.0,False,143.18166910258952,loose_placement
6375,True,0.34828808363570296,0.34828808363570296,1.0,False,2942.0,False,204.38174057555895,loose_placement
6378,True,0.0,0.0,0.0,False,,False,56.39338061300012,loose_placement
6381,False,,,,,,,,off_plate
6383,False,,,,,,,,off_plate
6385,True,0.02969033563659302,0.0,0.0,False,4628.0,False,106.7162528550882,loose_placement
6387,True,0.29849195893736274,0.5270001993267331,2.0,False,239.0,False,492.48553127508484,traced_merged_cells
6388,True,0.367965942976062,0.367965942976062,1.0,False,7637.0,True,61.37301630836023,loose_placement
6389,True,0.0,0.0,0.0,False,,False,137.82107224173714,loose_placement
6393,True,0.4318149798742459,0.4318149798742459,1.0,False,3360.0,False,110.6925422142472,loose_placement
6418,True,0.18062416852608015,0.23231546014510931,2.0,False,6446.0,False,61.69152814419551,loose_placement
6419,True,0.29534105546380235,0.42145907741531063,2.0,False,1048.0,False,171.93757550002,loose_placement
6422,True,0.34368527622846706,0.34368527622846706,1.0,False,3322.0,False,65.40768086831864,loose_placement
6423,True,0.1305913552734422,0.0,0.0,False,3530.0,False,110.2857979797922,loose_placement
6424,True,0.32189725758098786,0.3736139680949928,4.0,False,2452.0,True,142.86037224425306,loose_placement
6425,True,0.1519282965444621,0.0,0.0,False,823.0,True,106.05906472388226,loose_placement
6426,True,0.10676325817908604,0.0,0.0,False,5901.0,False,66.19972341732266,loose_placement
6427,True,0.4499517411928553,0.3893702542539853,2.0,False,5526.0,False,176.2421253097867,loose_placement
6430,True,0.3617647089872695,0.3617647089872695,1.0,False,4983.0,False,108.15811170903253,loose_placement
6432,True,0.38962649479622363,0.3557007516944365,2.0,False,4167.0,False,132.33270073495626,loose_placement
6433,True,0.2975931608881367,0.2975931608881367,1.0,False,2882.0,False,135.93398024545934,loose_placement
6435,True,0.2038316667583284,0.323632300059376,3.0,False,4648.0,False,502.00569335874906,loose_placement
6436,True,0.10373313711900116,0.10373313711900116,1.0,False,3875.0,False,170.8488063738686,loose_placement
6439,True,0.0,0.0,0.0,False,,False,71.89027929351879,loose_placement
6441,False,,,,,,,,off_plate
6443,True,0.13772636453970774,0.0,0.0,False,4628.0,False,361.8473620485932,loose_placement
6444,False,,,,,,,,off_plate
6446,True,0.3249629366860235,0.3249629366860235,1.0,False,7645.0,True,56.470427576552545,loose_placement
6447,True,0.0,0.0,0.0,False,,False,141.84093742679514,loose_placement
6449,True,0.16811457494605733,0.18313212454889938,2.0,False,4430.0,False,467.1677945080999,loose_placement
6450,True,0.10917149181964231,0.0,0.0,False,7679.0,True,93.8288777043873,loose_placement
6451,True,0.46657079742002144,0.46657079742002144,1.0,False,3309.0,False,109.08064565200847,loose_placement
6476,True,0.0,0.0,0.0,True,,False,58.63121011760803,blank_plate
6477,True,0.19751202169567983,0.3519225889349903,3.0,False,1050.0,False,171.39822497308373,loose_placement
6480,True,0.20398395303385025,0.20398395303385025,1.0,False,3322.0,False,47.86342263176758,loose_placement
6481,True,0.0913309817684559,0.0,0.0,False,3473.0,False,61.82358497884159,loose_placement
6482,True,0.30874956683774235,0.35499656772610516,3.0,False,2495.0,True,131.30955539679195,loose_placement
6483,True,0.3458633948438637,0.5521558889152413,5.0,False,870.0,True,474.29435143703324,traced_merged_cells
6484,True,0.12077548647308303,0.0,0.0,False,5874.0,False,63.85243269566272,loose_placement
6485,True,0.4477377686558832,0.6261427860080647,2.0,False,5498.0,False,173.07104474162534,traced_merged_cells
6488,True,0.13915405474368342,0.0,0.0,False,5070.0,False,116.02956722009336,loose_placement
6489,True,0.20822973453563232,0.3571907433300618,8.0,False,1380.0,True,377.22960580710213,loose_placement
6490,True,0.42943839746177703,0.42943839746177703,1.0,False,4116.0,False,145.08333178772656,loose_placement
6491,True,0.2850914798334153,0.2850914798334153,1.0,False,2826.0,False,138.84674300705717,loose_placement
6493,True,0.12377426652601281,0.12377426652601281,1.0,False,4632.0,False,106.02712279195124,loose_placement
6494,True,0.26220326663006843,0.46365140309128416,3.0,False,3967.0,False,268.8312489317648,loose_placement
6495,True,0.0,0.0,0.0,True,,False,149.78467649506484,blank_plate
6497,True,0.0,0.0,0.0,False,,False,127.63434529554841,loose_placement
6498,True,0.17450205966711102,0.17450205966711102,1.0,False,3220.0,False,78.47142413264008,loose_placement
6499,False,,,,,,,,off_plate
6501,True,0.31854687741880433,0.3754023706269428,2.0,False,4707.0,False,458.5429874308418,loose_placement
6502,False,,,,,,,,off_plate
6504,True,0.07235883265777819,0.07235883265777819,1.0,False,7645.0,False,180.27878417915701,loose_placement
6505,True,0.0,0.0,0.0,False,,False,211.130437270003,loose_placement
6507,True,0.2850714249786161,0.2850714249786161,1.0,False,4484.0,False,112.0541775785536,loose_placement
6508,True,0.18878963054262704,0.21268165485632926,2.0,False,7658.0,True,92.34881104599097,loose_placement
6509,True,0.2554480880533006,0.2692057521600465,2.0,False,3309.0,False,109.37354723699686,loose_placement
6534,True,0.0,0.0,0.0,True,,False,159.78452245248474,blank_plate
6535,True,0.21539255726886136,0.2981197581189028,4.0,False,1082.0,False,165.67071872745774,loose_placement
6538,True,0.3533591504709818,0.3533591504709818,1.0,False,3399.0,False,59.086288275782415,loose_placement
6539,True,0.06071610245628608,0.0,0.0,False,3473.0,False,48.20939982468455,loose_placement
6540,True,0.33663715960080653,0.31136852975229967,2.0,False,2535.0,True,158.937639091726,loose_placement
6541,True,0.1670135318582531,0.1820760721801096,2.0,False,804.0,True,122.81291761134979,loose_placement
6542,True,0.16123566239276724,0.16123566239276724,1.0,False,5845.0,False,185.5158795839955,loose_placement
6543,True,0.3988868118712925,0.3988868118712925,1.0,False,5445.0,False,117.50837452554948,loose_placement
6546,True,0.41384576044404037,0.5828953715740696,3.0,False,5142.0,False,291.4481268571751,traced_merged_cells
6547,True,0.3858910514506313,0.35191131706290596,3.0,False,1238.0,True,112.1411761393929,loose_placement
6548,True,0.36578027313357125,0.4566314586025669,2.0,False,4074.0,False,140.61280774722815,loose_placement
6549,True,0.25990595887370876,0.25990595887370876,1.0,False,2772.0,False,174.12229603862463,loose_placement
6551,True,0.0,0.0,0.0,False,,False,112.77916710960761,loose_placement
6552,True,0.0,0.0,0.0,False,,False,114.9414326551096,loose_placement
6555,True,0.4347332058417518,0.4347332058417518,1.0,False,3327.0,False,142.57815252525478,loose_placement
6556,True,0.441818554929896,0.441818554929896,1.0,False,3220.0,False,101.6146709297623,loose_placement
6557,False,,,,,,,,off_plate
6559,True,0.31927720480012767,0.31927720480012767,1.0,False,4660.0,False,99.27981653672131,loose_placement
6560,False,,,,,,,,off_plate
6561,True,0.5222070705825518,0.5222070705825518,1.0,False,192.0,False,119.1307269519662,traced_single_cell
6562,True,0.0,0.0,0.0,False,,False,62.385978426384476,loose_placement
6563,True,0.0,0.0,0.0,False,,False,136.81913058357927,loose_placement
6565,True,0.029395146632047564,0.0,0.0,False,4488.0,False,69.13074705341751,loose_placement
6566,True,0.18454777234242023,0.18454777234242023,1.0,False,7658.0,True,82.11830229036079,loose_placement
6567,True,0.5031157208143794,0.5031157208143794,1.0,False,3264.0,False,118.34738378812872,traced_single_cell
6592,True,0.0,0.0,0.0,True,,False,61.51220117962613,blank_plate
6593,True,0.3575079619442576,0.3575079619442576,1.0,False,1082.0,False,118.24066847318694,loose_placement
6596,True,0.2047291057077172,0.21471802697866021,2.0,False,3399.0,False,64.53200724583887,loose_placement
6597,True,0.0820589726163331,0.0,0.0,False,3424.0,False,52.06774352544082,loose_placement
6598,True,0.3468313988160065,0.26230618530823624,2.0,False,2570.0,True,128.71788052608437,loose_placement
6599,True,0.17207024740808713,0.17207024740808713,1.0,False,864.0,True,114.2742442508841,loose_placement
6600,True,0.15139484598365016,0.2184447456262091,2.0,False,5761.0,False,438.6513788630528,loose_placement
6601,True,0.1428701136196368,0.0,0.0,False,5445.0,False,112.69634914776415,loose_placement
6604,True,0.26401493565801387,0.26401493565801387,1.0,False,5213.0,False,117.95613626302833,loose_placement
6605,True,0.2721410301077321,0.3264798038052069,4.0,False,1176.0,True,120.0099752654561,loose_placement
6606,True,0.08330726779589295,0.0,0.0,False,4018.0,False,132.7644931846479,loose_placement
6607,True,0.16556060872837014,0.46467572346627534,6.0,False,2744.0,False,618.3784193911835,loose_placement
6609,True,0.17695467707836968,0.17681660394770965,2.0,False,4581.0,False,110.51946563329813,loose_placement
6610,True,0.0,0.0,0.0,False,,False,66.38834735264987,loose_placement
6614,True,0.4898134308681304,0.4898134308681304,1.0,False,3162.0,False,138.85566220789391,loose_placement
6615,False,,,,,,,,off_plate
6617,True,0.3545566379855016,0.3545566379855016,1.0,False,4612.0,False,106.55366851026301,loose_placement
6620,True,0.0,0.0,0.0,False,,False,45.83305296991381,loose_placement
6621,True,0.0,0.0,0.0,True,,False,148.57592850760443,blank_plate
6623,True,0.26628509372824155,0.5183620433202333,5.0,False,4516.0,False,367.70688402205917,traced_merged_cells
6624,True,0.3617878450992201,0.46687564626103195,2.0,False,7690.0,True,65.7480074465508,loose_placement
6625,True,0.3024808251159757,0.3024808251159757,1.0,False,3159.0,False,112.19581884048753,loose_placement
6650,True,0.0,0.0,0.0,True,,False,114.49264244263806,blank_plate
6651,True,0.3461438310098265,0.4453975198049735,2.0,False,1105.0,False,118.12520682689701,loose_placement
6653,True,0.21587641734896143,0.4522170100267675,8.0,False,5022.0,False,400.48803684592974,loose_placement
6654,True,0.2990392322655099,0.2990392322655099,1.0,False,3451.0,False,54.84646992978638,loose_placement
6655,True,0.08840766303809834,0.0,0.0,False,3365.0,False,116.9763674071556,loose_placement
6656,True,0.26806403292125663,0.43030635206575657,4.0,False,2609.0,True,209.71373833289752,loose_placement
6658,True,0.0,0.0,0.0,False,,False,95.06716639037896,loose_placement
6659,True,0.45102810873497634,0.45102810873497634,1.0,False,5422.0,False,171.89142511743947,loose_placement
6662,True,0.02257689546317084,0.0,0.0,False,4922.0,False,114.05399598743026,loose_placement
6663,True,0.24390345503365077,0.6084325286525529,8.0,False,1090.0,True,493.78418215066307,traced_merged_cells
6664,True,0.3369986268501469,0.4663468687855448,2.0,False,3997.0,False,147.2674133685077,loose_placement
6665,True,0.44981595868944385,0.44981595868944385,1.0,False,2911.0,False,135.27052460636477,loose_placement
6667,True,0.22869556614875727,0.22930123449276943,2.0,False,4552.0,False,114.4746319078195,loose_placement
6668,True,0.0,0.0,0.0,False,,False,110.39969571802999,loose_placement
6671,True,0.0,0.0,0.0,False,,False,129.88055096903955,loose_placement
6672,True,0.3822768322925127,0.3822768322925127,1.0,False,3112.0,False,148.11775841723002,loose_placement
6673,False,,,,,,,,off_plate
6675,True,0.20676820522581227,0.20676820522581227,1.0,False,4612.0,False,112.7927999279778,loose_placement
6678,True,0.0,0.0,0.0,False,,False,45.87432117222575,loose_placement
6679,True,0.0,0.0,0.0,False,,False,425.4036962638649,loose_placement
6681,True,0.11199269971395215,0.11199269971395215,1.0,False,4462.0,False,227.25494308979304,loose_placement
6682,True,0.0,0.0,0.0,False,,True,49.10076696573463,loose_placement
6683,True,0.29798824489975395,0.2796640849029541,2.0,False,3159.0,False,109.79809170313126,loose_placement
6708,True,0.0,0.0,0.0,True,,False,62.309846891967474,blank_plate
6709,True,0.12299989757936183,0.16672784153279616,2.0,False,1142.0,False,106.6570239495785,loose_placement
6712,True,0.2160249145241181,0.2160249145241181,1.0,False,3451.0,False,49.57460827031988,loose_placement
6713,True,0.06556250527947519,0.0,0.0,False,3311.0,False,50.54469359220189,loose_placement
6714,True,0.3936412361343952,0.40674499716974166,3.0,False,2637.0,True,214.30671231371414,loose_placement
6715,True,0.19905719795888244,0.2190561724750964,2.0,False,744.0,True,239.86499866084066,loose_placement
6716,True,0.0,0.0,0.0,False,,False,65.98657040607695,loose_placement
6717,True,0.4197972940926637,0.4197972940926637,1.0,False,5376.0,False,188.90984805307394,loose_placement
6721,True,0.42764339979293287,0.5202741761967491,2.0,False,1174.0,True,102.38945978523437,traced_merged_cells
6722,True,0.33039672367539374,0.45779629345740414,2.0,False,3978.0,False,144.85032055023572,loose_placement
6723,True,0.30246223747535506,0.30246223747535506,1.0,False,2968.0,False,84.51431561382013,loose_placement
6725,True,0.2280311065898277,0.21572235608473822,2.0,False,4520.0,False,108.50729893166593,loose_placement
6726,True,0.0,0.0,0.0,False,,False,63.848682326783965,loose_placement
6729,True,0.0,0.0,0.0,False,,False,138.70921734039655,loose_placement
6730,True,0.23781815933689687,0.544991422664857,6.0,False,2864.0,False,474.86896475388147,traced_merged_cells
6736,True,0.0,0.0,0.0,False,,False,53.96875441811523,loose_placement
6737,True,0.0,0.0,0.0,False,,False,232.31481848291102,loose_placement
6740,True,0.12173613614196675,0.0,0.0,False,7701.0,True,64.1732701612532,loose_placement
6766,True,0.2083394887924055,0.2480674229886805,2.0,False,6458.0,False,340.6072251427716,loose_placement
6767,True,0.2387900975705315,0.30712416002694115,2.0,False,1167.0,False,113.19476946263428,loose_placement
6769,True,0.2897023861504907,0.3991927809190881,2.0,False,5011.0,False,399.24791207020326,loose_placement
6770,True,0.37915473386349285,0.22986504265725244,2.0,False,3510.0,False,58.098697208263154,loose_placement
6771,True,0.06703863617627895,0.0,0.0,False,3311.0,False,52.773698053762374,loose_placement
6772,True,0.2592440200665918,0.3091602863977779,2.0,False,2676.0,True,134.16419244961756,loose_placement
6773,True,0.2132614405172558,0.2132614405172558,1.0,False,786.0,True,113.67743457731964,loose_placement
6774,True,0.0,0.0,0.0,False,,False,68.90791865933281,loose_placement
6775,True,0.0,0.0,0.0,False,,False,116.27271414075544,loose_placement
6778,True,0.12600769961562053,0.4245676647739483,8.0,False,1089.0,True,620.1187368093019,loose_placement
6779,True,0.4352336129495539,0.4352336129495539,1.0,False,1175.0,True,99.59365754000753,loose_placement
6780,True,0.38757145144895594,0.3498237645351279,2.0,False,3884.0,False,137.46549533812285,loose_placement
6781,True,0.3359100154983483,0.3928125074841596,2.0,False,3032.0,False,205.36416107300698,loose_placement
6782,True,0.0,0.0,0.0,False,,False,113.65555121797964,loose_placement
6783,True,0.06190728377292219,0.0,0.0,False,4520.0,False,124.90499791329839,loose_placement
6784,True,0.0,0.0,0.0,False,,False,117.51088899317348,loose_placement
6787,True,0.13933070203371245,0.0,0.0,False,3444.0,False,127.0610061270082,loose_placement
6788,True,0.2187818036740592,0.2187818036740592,1.0,False,2864.0,False,63.514477331988,loose_placement
6789,False,,,,,,,,off_plate
6794,True,0.191769680479406,0.191769680479406,1.0,False,7542.0,False,267.22074578408177,loose_placement
6795,True,0.1878079579650091,0.394501794930544,4.0,False,1709.0,False,574.3156208448609,loose_placement
6798,True,0.2629543770925293,0.2629543770925293,1.0,False,7701.0,True,58.25232479016906,loose_placement
6824,True,0.4300723917357741,0.5626049388518803,2.0,False,6467.0,False,114.34832111284341,traced_merged_cells
6825,True,0.26422188646719547,0.28193769111860145,2.0,False,1138.0,False,104.67099288846929,loose_placement
6827,True,0.11828516972268334,0.0,0.0,False,4989.0,False,110.49504950905343,loose_placement
6828,True,0.2027016427006034,0.2027016427006034,1.0,False,3566.0,False,62.45908110584378,loose_placement
6829,True,0.06857228429083173,0.0,0.0,False,3266.0,False,64.33614162868517,loose_placement
6830,True,0.3458480037111768,0.3432825683582552,2.0,False,2719.0,True,152.95961471564593,loose_placement
6832,True,0.0,0.0,0.0,False,,False,158.96564302417036,loose_placement
6833,True,0.0,0.0,0.0,False,,False,117.98036843838283,loose_placement
6836,True,0.3697711498322091,0.47902905262850165,5.0,False,1157.0,True,300.6401450294396,loose_placement
6837,True,0.29357354029092275,0.34608470020239596,2.0,False,1207.0,True,122.03107901997475,loose_placement
6838,True,0.3916988658070869,0.34449511666239696,2.0,False,3850.0,False,146.36779198764583,loose_placement
6839,True,0.47398087083621143,0.47398087083621143,1.0,False,3082.0,False,151.07277382963863,loose_placement
6841,True,0.0,0.0,0.0,True,,False,108.15366876624616,blank_plate
6842,True,0.2950930374052795,0.2950930374052795,1.0,False,4170.0,False,134.74288692483555,loose_placement
6845,True,0.22853492172893927,0.22853492172893927,1.0,False,3444.0,False,69.82683495935262,loose_placement
6846,True,0.27636988688055875,0.5723541319932051,4.0,False,2727.0,False,426.23831527503137,traced_merged_cells
6847,False,,,,,,,,off_plate
6848,True,0.0,0.0,0.0,True,,False,62.48021099737805,blank_plate
6851,False,,,,,,,,off_plate
6852,True,0.2957520105961616,0.35314954544480315,2.0,False,7532.0,True,148.1313198958984,loose_placement
6853,True,0.4016349204847688,0.4016349204847688,1.0,False,1790.0,False,140.59569902775172,loose_placement
6855,True,0.14212941750210376,0.17949534080637283,2.0,False,4183.0,False,509.7035884683461,loose_placement
6856,True,0.05175876751180593,0.0,0.0,False,7701.0,True,60.009492162945406,loose_placement
6857,True,0.3038478063172368,0.3038478063172368,1.0,False,2755.0,False,68.22456813949677,loose_placement
6882,True,0.31714129790955353,0.3423718980660721,2.0,False,6472.0,False,58.66709152171278,loose_placement
6883,True,0.19418048582521558,0.19418048582521558,1.0,False,1194.0,False,113.70754942688097,loose_placement
6885,True,0.11479038290937456,0.0,0.0,False,4975.0,False,116.32638896108081,loose_placement
6887,True,0.03505402479020945,0.0,0.0,False,3206.0,False,58.59341139480172,loose_placement
6888,True,0.41469937058381817,0.298971696991468,2.0,False,2752.0,True,153.45082149242455,loose_placement
6890,True,0.0,0.0,0.0,False,,False,68.03856966273862,loose_placement
6891,True,0.19680405119454678,0.40425480623823445,3.0,False,5234.0,False,690.5575111485362,loose_placement
6894,True,0.20959856136798696,0.3237626053324053,3.0,False,1189.0,True,129.9802727841755,loose_placement
6895,True,0.33447750562562245,0.33447750562562245,1.0,False,1207.0,True,104.46626472612056,loose_placement
6897,True,0.329514592602185,0.41881644652518474,2.0,False,3124.0,False,205.20439594784682,loose_placement
6898,True,0.11954097949282669,0.0,0.0,False,6006.0,False,124.1608204341095,loose_placement
6899,True,0.2906560804597636,0.4836465953847857,3.0,False,4367.0,False,434.02103984864914,loose_placement
6900,True,0.22461704944646685,0.22461704944646685,1.0,False,4233.0,False,62.702696914658645,loose_placement
6903,True,0.22761822624357944,0.28187866559026803,3.0,False,3483.0,False,329.25437629741447,loose_placement
6904,True,0.17203302238120172,0.17203302238120172,1.0,False,2696.0,False,115.86744367220417,loose_placement
6906,True,0.0,0.0,0.0,True,,False,106.6359704194377,blank_plate
6907,True,0.0,0.0,0.0,False,,False,112.19916980293219,loose_placement
6909,False,,,,,,,,off_plate
6910,True,0.20509050479963198,0.20509050479963198,1.0,False,7547.0,True,52.945408212283624,loose_placement
6911,True,0.4704869291238741,0.4704869291238741,1.0,False,1805.0,False,150.41861901426228,loose_placement
6913,True,0.0,0.0,0.0,False,,False,99.67488299627078,loose_placement
6914,True,0.0,0.0,0.0,True,,False,46.0516341173504,blank_plate
6915,True,0.3719601403215994,0.3719601403215994,1.0,False,2755.0,False,112.18718812363691,loose_placement
6940,True,0.2497602485392587,0.2497602485392587,1.0,False,1194.0,False,115.72496047849441,loose_placement
6942,True,0.08946759034621928,0.0,0.0,False,4962.0,False,111.27231147704153,loose_placement
6944,True,0.3596042350274768,0.545604365337835,3.0,False,3050.0,False,266.92914238987413,traced_merged_cells
6945,True,0.46744086110574495,0.46744086110574495,1.0,False,2793.0,False,140.2219213386979,loose_placement
6946,True,0.21703413085993878,0.23853964915103376,2.0,False,682.0,True,159.51857624674346,loose_placement
6947,True,0.0,0.0,0.0,False,,False,90.92413202860939,loose_placement
6948,True,0.18611472644013305,0.18611472644013305,1.0,False,5095.0,False,113.28475039460494,loose_placement
6951,True,0.3175518296859265,0.37024143664966647,3.0,False,1222.0,True,138.0856534035542,loose_placement
6952,True,0.4214081562515829,0.4214081562515829,1.0,False,1253.0,True,119.16870299657089,loose_placement
6954,True,0.3472021021089649,0.3478658861711187,2.0,False,3229.0,False,147.92257128927324,loose_placement
6955,True,0.4003962148283298,0.4003962148283298,1.0,False,6006.0,False,44.94070202252494,loose_placement
6957,True,0.17101629469125162,0.24681351175579747,2.0,False,4328.0,False,192.78807810668607,loose_placement
6959,False,,,,,,,,off_plate
6960,True,0.18539487216388578,0.18539487216388578,1.0,False,3547.0,False,76.59500750369256,loose_placement
6961,True,0.11371783168008476,0.0,0.0,False,2747.0,False,68.38420207563739,loose_placement
6963,True,0.0,0.0,0.0,True,,False,183.2175468671704,blank_plate
6964,True,0.30228327019057283,0.49205555806424006,3.0,False,3845.0,False,138.21312248403893,loose_placement
6966,False,,,,,,,,off_plate
6967,True,0.1468560279349188,0.0,0.0,False,7547.0,True,45.00381500320037,loose_placement
6970,True,0.0,0.0,0.0,False,,False,93.58237134476776,loose_placement
6971,True,0.0,0.0,0.0,True,,False,60.273195038165014,blank_plate
6972,True,0.5139441871681933,0.5139441871681933,1.0,False,2835.0,False,126.1068168823853,traced_single_cell
6996,True,0.13261272940229143,0.13261272940229143,1.0,False,1250.0,False,128.532031441443,loose_placement
6998,True,0.07498828777956575,0.0,0.0,False,4941.0,False,97.73844847399428,loose_placement
7000,True,0.3832655017462866,0.3832655017462866,1.0,False,2991.0,False,53.941940665129216,loose_placement
7001,True,0.5060259419099473,0.5060259419099473,1.0,False,2814.0,False,144.5714802841835,traced_single_cell
7003,True,0.0,0.0,0.0,False,,False,69.31809980293511,loose_placement
7004,True,0.3903662092029228,0.3903662092029228,1.0,False,5095.0,False,178.3349202417005,loose_placement
7005,True,0.23953559134078994,0.23953559134078994,1.0,False,6559.0,True,71.57581662792003,loose_placement
7007,True,0.39912209641443036,0.4989136096850603,2.0,False,1257.0,True,136.65192429599105,loose_placement
7008,True,0.16947861376577564,0.16947861376577564,1.0,False,1286.0,True,132.80539675991466,loose_placement
7010,True,0.3483298035951615,0.3208175442326075,2.0,False,3285.0,False,136.6101987815317,loose_placement
7011,True,0.6208779296200085,0.49859214339514807,2.0,False,5970.0,False,104.02253792861127,traced_single_cell
7013,True,0.30536873661237407,0.4620284886377717,3.0,False,4265.0,False,171.98029398230167,loose_placement
7015,True,0.0,0.0,0.0,True,,False,210.07756796938799,blank_plate
7016,True,0.1469700713234479,0.1469700713234479,1.0,False,3547.0,False,133.88252134936533,loose_placement
7017,True,0.17166221774798687,0.17166221774798687,1.0,False,2747.0,False,105.29467255967903,loose_placement
7019,True,0.0,0.0,0.0,True,,False,97.26017865809978,blank_plate
7020,True,0.27425651768551046,0.3818316448149883,3.0,False,3845.0,False,97.19140290022796,loose_placement
7022,False,,,,,,,,off_plate
7023,True,0.12453119231359071,0.0,0.0,False,7562.0,True,46.71059541516726,loose_placement
7026,True,0.04860523352486584,0.0,0.0,False,4430.0,False,63.51813755015622,loose_placement
7027,True,0.0,0.0,0.0,False,,True,58.331492474482054,loose_placement
7028,True,0.12156156317360421,0.0,0.0,False,2835.0,False,115.68191308182912,loose_placement
7052,True,0.24045569634554753,0.24045569634554753,1.0,False,1250.0,False,125.2856897311744,loose_placement
7054,True,0.0437791663400775,0.0,0.0,False,4788.0,False,104.1051601258194,loose_placement
7056,True,0.3361498749338929,0.3361498749338929,1.0,False,2931.0,False,55.0280130401015,loose_placement
7057,True,0.49188606756807385,0.49188606756807385,1.0,False,2842.0,False,139.0631492611104,loose_placement
7059,True,0.0,0.0,0.0,False,,False,111.12561459168742,loose_placement
7060,True,0.38198251062221333,0.38198251062221333,1.0,False,5059.0,False,166.43066234923884,loose_placement
7061,True,0.23604474473211629,0.23604474473211629,1.0,False,6559.0,True,72.41310320623136,loose_placement
7063,True,0.4014995443886073,0.5721939820935674,3.0,False,1284.0,True,120.743013408108,traced_merged_cells
7064,True,0.09309706237736005,0.0,0.0,False,1344.0,False,184.82186711797448,loose_placement
7066,True,0.28156517252625657,0.2915999968507417,2.0,False,3337.0,False,121.28998116919911,loose_placement
7067,True,0.27964981463721833,0.27964981463721833,1.0,False,5933.0,False,143.2203235250834,loose_placement
7069,True,0.0,0.0,0.0,False,,False,53.71652001643171,loose_placement
7073,True,0.21825491303035865,0.21825491303035865,1.0,False,2794.0,False,181.27257571305444,loose_placement
7074,True,0.11390613542683882,0.1927283983752437,3.0,False,4509.0,False,449.89870127576313,loose_placement
7075,True,0.0,0.0,0.0,True,,False,63.403210412215266,blank_plate
7076,True,0.2526233675767794,0.2526233675767794,1.0,False,3862.0,False,118.93756549651873,loose_placement
7078,False,,,,,,,,off_plate
7079,True,0.136678376382015,0.0,0.0,False,7562.0,True,51.36384572448915,loose_placement
7084,True,0.055769517975745767,0.0,0.0,False,2680.0,False,115.81885907488311,loose_placement
7108,True,0.14649377833079252,0.19851733335513133,2.0,False,1295.0,False,127.66414909561907,loose_placement
7110,True,0.03916049620473277,0.0,0.0,False,4912.0,False,121.89217288042416,loose_placement
7112,True,0.19439816110064823,0.0,0.0,False,2931.0,False,54.47951178365878,loose_placement
7113,True,0.18728601036941767,0.24298940042150471,2.0,False,2876.0,False,595.6865665772161,loose_placement
7115,True,0.0,0.0,0.0,False,,False,121.18348796457946,loose_placement
7116,True,0.411712339906752,0.411712339906752,1.0,False,5021.0,False,110.06871220052382,loose_placement
7117,True,0.24200455001186472,0.24200455001186472,1.0,False,6563.0,True,69.79075633933078,loose_placement
7119,True,0.37148566931188093,0.40924142978052763,4.0,False,1316.0,True,126.84815192996348,loose_placement
7122,True,0.2702745098419502,0.34560465939449553,2.0,False,3398.0,False,150.08174150340793,loose_placement
7123,True,0.0,0.0,0.0,False,,False,120.35682377539332,loose_placement
7125,True,0.20894012592369718,0.20894012592369718,1.0,False,4164.0,False,63.33104151910702,loose_placement
7129,True,0.22686892144757048,0.22686892144757048,1.0,False,2862.0,False,108.0446044897336,loose_placement
7130,True,0.22197957298098192,0.22197957298098192,1.0,False,4572.0,False,117.01399568355727,loose_placement
7131,True,0.0,0.0,0.0,True,,False,302.2116280830032,blank_plate
7132,True,0.23545520444603943,0.23545520444603943,1.0,False,3862.0,False,112.5353335742833,loose_placement
7135,True,0.0,0.0,0.0,False,,True,49.327548497159164,loose_placement
7136,True,0.2990951602482779,0.28438011214013853,2.0,False,1011.0,True,108.35002728833895,loose_placement
7139,True,0.20958942078379303,0.20958942078379303,1.0,False,7458.0,True,241.91337026113027,loose_placement
7164,True,0.23076516518281878,0.3103360635667836,2.0,False,1269.0,False,107.79090846325256,loose_placement
7166,True,0.05515335038767213,0.0,0.0,False,4784.0,False,126.24597811359881,loose_placement
7168,True,0.2541190990642406,0.2541190990642406,1.0,False,2871.0,False,56.57626499019291,loose_placement
7169,True,0.25487126827183676,0.25487126827183676,1.0,False,3125.0,False,204.4167859728847,loose_placement
7171,True,0.038637771733976346,0.0,0.0,False,5936.0,False,102.5273346499744,loose_placement
7172,True,0.44034547004505525,0.41752743652434393,2.0,False,4986.0,False,209.03929049754143,loose_placement
7175,True,0.28040017339020257,0.3436437003712146,2.0,False,1348.0,True,143.0520906204856,loose_placement
7178,True,0.28996190847032033,0.28996190847032033,1.0,False,3398.0,False,84.60264633142636,loose_placement
7179,True,0.0,0.0,0.0,False,,False,50.231945331287335,loose_placement
7181,True,0.17014994137009484,0.0,0.0,False,4164.0,False,51.686075076294436,loose_placement
7185,True,0.19483789574781415,0.19483789574781415,1.0,False,2913.0,False,64.78305083446611,loose_placement
7186,True,0.19965691298001026,0.23146439754810377,2.0,False,4608.0,False,160.71453733756405,loose_placement
7187,True,0.0,0.0,0.0,True,,False,225.71411125212288,blank_plate
7188,True,0.22702624807970573,0.22702624807970573,1.0,False,3862.0,False,111.35802266107552,loose_placement
7192,True,0.25657140618202146,0.3897046583603126,7.0,False,972.0,True,447.3214566663525,loose_placement
7195,True,0.038812641980766616,0.0,0.0,False,7512.0,False,66.37394570600529,loose_placement
7220,True,0.13341791844683312,0.18931923458573682,2.0,False,1322.0,False,118.7044726447651,loose_placement
7222,True,0.04772363479685345,0.0,0.0,False,4727.0,False,329.25860361569534,loose_placement
7223,True,0.3216206019559713,0.5409215568542708,3.0,False,2475.0,True,218.85451442689012,traced_merged_cells
7224,True,0.18542340924056208,0.18542340924056208,1.0,False,2820.0,False,52.67579749874489,loose_placement
7225,True,0.17056899823102054,0.17056899823102054,1.0,False,3234.0,False,132.66211569517145,loose_placement
7227,True,0.07563838971818164,0.0,0.0,False,5984.0,False,116.62490228866493,loose_placement
7228,True,0.2270747816662883,0.7519556246765824,6.0,False,4910.0,False,656.3769535714245,traced_merged_cells
7231,True,0.3454638438130092,0.41674229538134405,3.0,False,1383.0,True,221.97811217315362,loose_placement
7234,True,0.45509142674243275,0.45509142674243275,1.0,False,3447.0,False,116.05766172279283,loose_placement
7235,True,0.0,0.0,0.0,False,,False,58.03944544185526,loose_placement
7237,True,0.31167499394371917,0.3275882536513949,2.0,False,4102.0,False,179.72933395569936,loose_placement
7241,True,0.1604447102281216,0.0,0.0,False,2913.0,False,69.20165315160762,loose_placement
7242,True,0.26880483395109245,0.27399316530588336,2.0,False,4645.0,False,176.49634433710838,loose_placement
7243,True,0.0,0.0,0.0,True,,False,65.89909627433917,blank_plate
7244,True,0.2748038982367678,0.3549598765996133,2.0,False,3948.0,False,97.83242844490599,loose_placement
7245,False,,,,,,,,off_plate
7247,True,0.219644263823668,0.36464634809775437,5.0,False,7339.0,True,634.9960358296546,loose_placement
7248,True,0.15671710646716747,0.15671710646716747,1.0,False,890.0,True,117.55839600310036,loose_placement
7251,True,0.045214584163572095,0.0,0.0,False,7512.0,False,67.07096300163556,loose_placement
7252,True,0.29002447847554624,0.4025092675775152,2.0,False,3133.0,False,119.89184095755151,loose_placement
7276,True,0.2533114375279181,0.36020402347082264,2.0,False,1349.0,False,106.52679344383431,loose_placement
7278,True,0.0,0.0,0.0,False,,False,302.04339460046134,loose_placement
7279,True,0.2910679862837498,0.3610329478366403,3.0,False,2458.0,True,131.41234796140802,loose_placement
7280,True,0.12011993954673755,0.0,0.0,False,2820.0,False,56.05749368969481,loose_placement
7281,True,0.19228524670686462,0.19228524670686462,1.0,False,3234.0,False,142.33416072316166,loose_placement
7283,True,0.09939632495786689,0.0,0.0,False,6029.0,False,122.0761527998065,loose_placement
7284,True,0.38878148967996223,0.38878148967996223,1.0,False,4937.0,False,93.41155092897947,loose_placement
7287,True,0.5228697060664514,0.43812021543071306,2.0,False,1402.0,True,143.11741244340635,traced_single_cell
7288,True,0.0,0.0,0.0,False,,False,112.22511065490312,loose_placement
7290,True,0.4666546763349069,0.4666546763349069,1.0,False,3498.0,False,134.10987484419468,loose_placement
7291,True,0.0,0.0,0.0,False,,False,158.9259121701704,loose_placement
7293,True,0.21728732579087878,0.21728732579087878,1.0,False,4060.0,False,51.31199621417171,loose_placement
7296,False,,,,,,,,off_plate
7297,True,0.3524602286319612,0.3524602286319612,1.0,False,2981.0,False,106.90609072979606,loose_placement
7298,True,0.3341084245845882,0.295314068125865,2.0,False,4673.0,False,146.45605443935645,loose_placement
7299,True,0.0,0.0,0.0,True,,False,66.99351917888394,blank_plate
7300,True,0.2629211070684331,0.2629211070684331,1.0,False,3968.0,False,113.80746996915069,loose_placement
7301,False,,,,,,,,off_plate
7306,True,0.5161273349432344,0.5161273349432344,1.0,False,5810.0,False,150.06442367949114,traced_single_cell
7307,True,0.157308522066524,0.157308522066524,1.0,False,7536.0,False,218.56533161650546,loose_placement
7308,True,0.3971741987497948,0.38720663295459246,2.0,False,3111.0,False,167.10201130850413,loose_placement
7309,True,0.0,0.0,0.0,True,,False,173.7865138841261,blank_plate
7310,True,0.0,0.0,0.0,True,,False,113.07144702861092,blank_plate
7311,True,0.08537992721606634,0.0,0.0,False,6591.0,False,118.40500586208958,loose_placement
7312,True,0.0,0.0,0.0,False,,False,122.10516228009814,loose_placement
7313,True,0.0,0.0,0.0,False,,False,89.60378821206092,loose_placement
7314,True,0.0,0.0,0.0,False,,False,46.98531974602454,loose_placement
7315,True,0.0,0.0,0.0,False,,False,206.0655179379719,loose_placement
7316,True,0.0,0.0,0.0,False,,False,395.1236238431937,loose_placement
7317,True,0.2741108535273912,0.6436804992860606,4.0,False,2136.0,False,449.65950231040154,traced_merged_cells
7318,True,0.5300337821518774,0.5300337821518774,1.0,False,2779.0,False,116.7271874337669,traced_single_cell
7319,True,0.4168330661949869,0.4168330661949869,1.0,False,2847.0,False,96.38537697956491,loose_placement
7320,True,0.3035005240667276,0.3035005240667276,1.0,False,2847.0,False,82.56411529536055,loose_placement
7321,True,0.37829747841133216,0.37829747841133216,1.0,False,2917.0,False,87.13070850668878,loose_placement
7322,True,0.48129263993773835,0.48129263993773835,1.0,False,2990.0,False,111.7018485609241,loose_placement
7323,True,0.33996905740786887,0.3828260226211978,2.0,False,162.0,False,186.14619422813323,loose_placement
7324,True,0.4477712802135884,0.4477712802135884,1.0,False,908.0,False,119.22585722297259,loose_placement
7325,True,0.4871300403280295,0.4871300403280295,1.0,False,922.0,False,141.6603529824272,loose_placement
7326,True,0.4139149760566815,0.4139149760566815,1.0,False,940.0,False,129.64257562309996,loose_placement
7327,True,0.05592961399414213,0.0,0.0,False,7665.0,False,172.49604118269872,loose_placement
7328,True,0.09086920427211007,0.09086920427211007,1.0,False,7603.0,False,162.53440949044395,loose_placement
7329,True,0.15521901385028578,0.20906463674046297,2.0,False,7574.0,False,143.7302684008632,loose_placement
7330,True,0.029883988325271504,0.0,0.0,False,7574.0,False,130.8748748669651,loose_placement
7331,True,0.03268589020544207,0.0,0.0,False,7574.0,False,99.08125516184153,loose_placement
7332,True,0.08195527154220693,0.0,0.0,False,7580.0,False,81.14507101159114,loose_placement
7333,True,0.1511179889692446,0.1511179889692446,1.0,False,7583.0,False,78.52023381903126,loose_placement
7334,True,0.22657209742114262,0.22657209742114262,1.0,False,7582.0,False,74.03354913093756,loose_placement
7335,True,0.32605428031518163,0.32605428031518163,1.0,False,7579.0,False,77.38094549081812,loose_placement
7336,True,0.45956980528242575,0.45956980528242575,1.0,False,7577.0,False,69.26232668439778,loose_placement
7337,True,0.4940011828889325,0.4940011828889325,1.0,False,7573.0,False,83.1219407405137,loose_placement
7338,True,0.41807940165532165,0.5396119458312904,2.0,False,7566.0,False,86.65173734526623,traced_merged_cells
7339,True,0.4120394907336812,0.4120394907336812,1.0,False,7561.0,False,68.9823412398783,loose_placement
7340,True,0.15515405806319627,0.15515405806319627,1.0,False,7557.0,False,72.85155807070205,loose_placement
7341,True,0.15823596604933785,0.0,0.0,False,7682.0,False,91.40610215119365,loose_placement
7342,True,0.4191888139449864,0.4258404160050906,2.0,False,7682.0,False,92.35460531727416,loose_placement
7343,True,0.2471834119475622,0.26370844571948265,2.0,False,7678.0,False,92.11726409610397,loose_placement
7344,True,0.12168356040403593,0.12168356040403593,1.0,False,7673.0,False,77.41134540654845,loose_placement
7345,True,0.0,0.0,0.0,False,,False,66.70771664433066,loose_placement
7346,True,0.0,0.0,0.0,False,,False,82.27404281925294,loose_placement
7347,True,0.0,0.0,0.0,False,,False,107.29601215010925,loose_placement
7348,True,0.0,0.0,0.0,False,,False,123.07822308259351,loose_placement
7349,True,0.08044256257662574,0.08044256257662574,1.0,False,7415.0,False,122.98087644436286,loose_placement
7350,True,0.07707055974274306,0.0,0.0,False,7499.0,False,127.18640440496144,loose_placement
7351,True,0.3462872835897853,0.3462872835897853,1.0,False,7499.0,False,104.0918212584275,loose_placement
7352,True,0.3493499274474916,0.3549913924681566,2.0,False,7503.0,False,88.08919930703894,loose_placement
7353,True,0.2191183847305001,0.2191183847305001,1.0,False,7509.0,False,112.00439004057857,loose_placement
7354,True,0.0113698381974001,0.0,0.0,False,7357.0,False,92.46587922875068,loose_placement
7355,True,0.007303786611017623,0.0,0.0,False,7357.0,False,75.13857376021748,loose_placement
7356,True,0.37035636581931747,0.37035636581931747,1.0,False,7511.0,False,83.0109425337424,loose_placement
7357,True,0.3155970671900221,0.3155970671900221,1.0,False,7497.0,False,74.81855621291635,loose_placement
7358,True,0.15772715643841292,0.15772715643841292,1.0,False,7486.0,False,80.76585676294162,loose_placement
7359,True,0.05504489135340324,0.0,0.0,False,7479.0,False,76.91852965751161,loose_placement
7360,True,0.0,0.0,0.0,False,,False,77.47083627666971,loose_placement
7361,True,0.11737764374561635,0.11737764374561635,1.0,False,7552.0,False,82.6582160539629,loose_placement
7362,True,0.13612210308456898,0.3106198628415874,4.0,False,714.0,False,334.1206235020383,loose_placement
7363,True,0.17591237434325682,0.2911066697552595,4.0,False,699.0,False,215.00643930403203,loose_placement
7364,True,0.12945479809163135,0.2748100855093124,4.0,False,687.0,False,200.19884674906487,loose_placement
7365,True,0.21370645646819042,0.30926681628158326,2.0,False,706.0,False,176.03916348252383,loose_placement
7366,True,0.27364123414763175,0.4016946365435423,2.0,False,692.0,False,156.93561619059494,loose_placement
7367,True,0.14618382072589328,0.19013842806735312,2.0,False,656.0,False,125.77513458394836,loose_placement
7368,True,0.2522787040318149,0.3788989660655636,2.0,False,656.0,False,131.54440388825472,loose_placement
7369,True,0.2212411102566377,0.32698832119612636,2.0,False,660.0,False,152.26912392818545,loose_placement
7370,True,0.1418372037739295,0.2718668639475551,4.0,False,629.0,False,161.8561955772287,loose_placement
7371,True,0.2505810237014596,0.3793986381381603,2.0,False,629.0,False,135.1788686536401,loose_placement
7372,True,0.26399529488239015,0.4111272671121648,2.0,False,615.0,False,168.73249374195396,loose_placement
7373,True,0.21104347904714799,0.37349139173168927,4.0,False,624.0,False,232.62860817244135,loose_placement
7374,True,0.541079286506031,0.541079286506031,1.0,False,71.0,False,240.3670745527786,traced_single_cell
7375,True,0.3683215875303402,0.3683215875303402,1.0,False,106.0,False,308.2350679485194,loose_placement
7376,True,0.4536371479336757,0.4536371479336757,1.0,False,79.0,False,221.60498244110448,loose_placement
7377,True,0.24292105871047534,0.24292105871047534,1.0,False,123.0,False,233.42260312450452,loose_placement
7378,True,0.2338939758059656,0.29138993380262806,2.0,False,143.0,False,192.93457707699392,loose_placement
7379,True,0.0,0.0,0.0,False,,False,386.0027026362818,loose_placement
7380,True,0.8003866937333556,0.8003866937333556,1.0,False,67.0,False,335.8025839927977,traced_single_cell
7381,True,0.41872994946118114,0.6086113891980078,2.0,False,578.0,True,290.29725855595177,traced_merged_cells
7382,True,0.30833529393741765,0.4251283161825337,2.0,False,532.0,True,170.1065386744376,loose_placement
7383,True,0.3264636685749833,0.4364767362551104,2.0,False,481.0,True,183.9080045764661,loose_placement
7384,True,0.30691971108678834,0.43230296558576736,2.0,False,472.0,True,186.40862118180897,loose_placement
7385,True,0.31648893842261044,0.3421581132074873,3.0,False,440.0,True,209.19766361923288,loose_placement
7386,True,0.22831501561222495,0.21803166160039528,2.0,False,366.0,True,306.7245264973916,loose_placement
7387,True,0.11544999352617513,0.0,0.0,False,7234.0,False,148.74576561692862,loose_placement
7388,True,0.24819228498544899,0.39358030739207267,2.0,False,7327.0,False,169.7105372572267,loose_placement
7389,True,0.10898911946621867,0.0,0.0,False,7337.0,False,225.69795425010489,loose_placement
7390,True,0.18196708040928922,0.23699149843748454,2.0,False,7349.0,False,207.3085546011849,loose_placement
7391,True,0.20932129016382844,0.4451640191385805,4.0,False,7407.0,False,236.7697447170127,loose_placement
7392,True,0.0,0.0,0.0,False,,False,125.769510275283,loose_placement
7393,True,0.0627681277915122,0.0,0.0,False,7476.0,False,200.16282082621777,loose_placement
7394,True,0.3007733749129592,0.3007733749129592,1.0,False,7476.0,False,152.26997733622653,loose_placement
7395,True,0.2077629994689236,0.31649296575957303,3.0,False,7545.0,False,197.08476575530906,loose_placement
7396,True,0.14614021201636196,0.14614021201636196,1.0,False,7545.0,False,78.28481003366039,loose_placement
7397,True,0.11962010636173934,0.16993887646180558,2.0,False,7526.0,False,96.7328362518925,loose_placement
7398,True,0.1211344577722023,0.1211344577722023,1.0,False,7526.0,False,88.08504606817463,loose_placement
7399,True,0.15914973798932527,0.15914973798932527,1.0,False,7518.0,False,83.74826179570866,loose_placement
7400,True,0.1576218249804899,0.1576218249804899,1.0,False,7490.0,False,116.63662323864213,loose_placement
7401,True,0.13349945744836308,0.13349945744836308,1.0,False,7446.0,False,99.1513974426316,loose_placement
7402,True,0.1829505122116969,0.2805114050748397,2.0,False,7773.0,False,206.8294098295446,loose_placement
7403,True,0.30875923403553546,0.3095623035492595,2.0,False,7803.0,False,121.25575333763159,loose_placement
7404,True,0.21753256839006324,0.3099981985252962,2.0,False,7819.0,False,119.02052701101948,loose_placement
7405,True,0.275077619836134,0.33208692571231035,2.0,False,7852.0,False,95.6000744632559,loose_placement
7406,True,0.18683910593704658,0.18683910593704658,1.0,False,7852.0,False,86.88708742118173,loose_placement
7407,True,0.1395114704389682,0.0,0.0,False,7762.0,True,128.6773797526602,loose_placement
7408,True,0.3002823274903202,0.3002823274903202,1.0,False,7753.0,True,149.68281075715453,loose_placement
7409,True,0.28249598570365997,0.4085045696214957,3.0,False,7745.0,True,214.93703627460624,loose_placement
7410,True,0.20915317372082826,0.2981180259691567,2.0,False,7768.0,True,95.99183029140646,loose_placement
7411,True,0.2466634132526686,0.27420693285223335,2.0,False,7795.0,True,108.736042636824,loose_placement
7412,True,0.31095596143965853,0.3441054199791663,2.0,False,7828.0,True,94.04851041817511,loose_placement
7413,True,0.29005787911550535,0.29005787911550535,1.0,False,7828.0,True,118.3528365014279,loose_placement
